Order_ID,Date,Financial_Year,Quarter,Month,Region,Department,Product,Customer_Segment,Salesperson,Units_Sold,Sales_Revenue,COGS,Gross_Profit,Operating_Expenses,Net_Profit,Budget_Sales,Sales_Variance,Profit_Margin_Percent,Growth_Percent,Currency
ORD-104642,01-01-2023,FY2023,Q1,January,Central,Technology,Monitor,Corporate,Neha,2,5596.68,3006.91,2589.77,911.12,1678.64,5186.48,410.2,29.99,20.15,INR
ORD-100743,01-01-2023,FY2023,Q1,January,West,Furniture,Bookshelf,Consumer,Vikas,7,319365.72,237824.26,81541.47,26693.48,54847.98,295081.01,24284.71,17.17,20.61,INR
ORD-102691,01-01-2023,FY2023,Q1,January,West,Technology,Smartphone,Consumer,Anjali,14,93642.67,72542.65,21100.02,10914.74,10185.29,94470.64,-827.97,10.88,0.99,INR
ORD-100559,01-01-2023,FY2023,Q1,January,Central,Consumer Goods,Calculator,Consumer,Vikas,9,75833.26,52352.23,23481.03,10824.68,12656.35,83213.42,-7380.16,16.69,5.02,INR
ORD-102331,01-01-2023,FY2023,Q1,January,South,Healthcare,First Aid Box,Consumer,Rahul,15,352572.26,191811.73,160760.53,60504.31,100256.21,331100.16,21472.1,28.44,13.4,INR
ORD-104765,01-01-2023,FY2023,Q1,January,Central,Technology,Laptop,Corporate,Rohit,13,113673.93,68943.06,44730.86,13299.49,31431.38,114605.25,-931.33,27.65,24.51,INR
ORD-104899,01-01-2023,FY2023,Q1,January,East,Technology,Smartphone,Corporate,Priya,3,137724.09,87197.01,50527.07,14167.21,36359.86,149472.36,-11748.27,26.4,18.28,INR
ORD-102480,01-01-2023,FY2023,Q1,January,South,Technology,Monitor,Corporate,Amit,15,680805.66,465532.8,215272.85,115585.14,99687.71,627071.33,53734.33,14.64,-6.86,INR
ORD-101624,02-01-2023,FY2023,Q1,January,Central,Technology,Smartphone,Consumer,Rohit,7,145453.11,93959.24,51493.86,30633.9,20859.96,156029.96,-10576.86,14.34,6.92,INR
ORD-100189,02-01-2023,FY2023,Q1,January,South,Consumer Goods,Backpack,Consumer,Neha,13,394015.78,274615.39,119400.39,34417.78,84982.61,430135.25,-36119.47,21.57,17.81,INR
ORD-101459,02-01-2023,FY2023,Q1,January,South,Technology,Monitor,Small Business,Vikas,11,406746.68,270687.03,136059.64,54962.18,81097.46,411132.55,-4385.88,19.94,-3.87,INR
ORD-101364,02-01-2023,FY2023,Q1,January,South,Furniture,Conference Table,Consumer,Sneha,3,91273.39,64701.88,26571.51,9343.26,17228.25,99227.08,-7953.69,18.88,2.83,INR
ORD-100146,02-01-2023,FY2023,Q1,January,North,Technology,Monitor,Corporate,Rohit,8,300935.14,211730.05,89205.1,50648.34,38556.76,313859.05,-12923.91,12.81,-1.66,INR
ORD-101178,03-01-2023,FY2023,Q1,January,West,Office Supplies,Pen Set,Small Business,Amit,20,944943.52,498939.87,446003.65,184191.31,261812.34,976613.25,-31669.72,27.71,22.73,INR
ORD-102927,03-01-2023,FY2023,Q1,January,East,Consumer Goods,Travel Bag,Small Business,Vikas,15,549768.85,397872.59,151896.27,50624.19,101272.08,570896.42,-21127.57,18.42,-6.69,INR
ORD-103502,03-01-2023,FY2023,Q1,January,South,Technology,Smartphone,Consumer,Rahul,3,25230.09,18612.96,6617.13,5450.94,1166.2,25236.05,-5.95,4.62,18,INR
ORD-104910,03-01-2023,FY2023,Q1,January,North,Office Supplies,Paper Pack,Consumer,Priya,20,180799.8,135949.44,44850.36,22636.99,22213.37,173705.71,7094.09,12.29,5.9,INR
ORD-101138,03-01-2023,FY2023,Q1,January,East,Consumer Goods,Calculator,Small Business,Amit,1,5941.76,3410.4,2531.37,870.01,1661.36,5449.08,492.68,27.96,3.12,INR
ORD-100723,04-01-2023,FY2023,Q1,January,South,Healthcare,Medical Kit,Consumer,Amit,3,48402.2,29355.92,19046.29,4399.47,14646.82,51733.56,-3331.36,30.26,-0.19,INR
ORD-100990,04-01-2023,FY2023,Q1,January,South,Consumer Goods,Backpack,Corporate,Anjali,13,313683.75,182527.39,131156.36,37451.58,93704.78,301177.27,12506.48,29.87,-2.78,INR
ORD-104312,04-01-2023,FY2023,Q1,January,South,Healthcare,Gloves,Small Business,Vikas,12,227451.32,161045.38,66405.95,21295.65,45110.29,233258.72,-5807.39,19.83,23.78,INR
ORD-100308,05-01-2023,FY2023,Q1,January,North,Office Supplies,Paper Pack,Consumer,Priya,8,217700.5,159403.32,58297.17,20504.84,37792.33,217615.63,84.87,17.36,5.26,INR
ORD-102912,05-01-2023,FY2023,Q1,January,South,Healthcare,Thermometer,Corporate,Vikas,5,125755.06,77903.93,47851.13,16970.85,30880.29,120484.95,5270.11,24.56,4.73,INR
ORD-100773,05-01-2023,FY2023,Q1,January,East,Office Supplies,Notebook,Small Business,Priya,3,79772.65,41945.08,37827.57,8176.29,29651.28,77486.8,2285.85,37.17,5.76,INR
ORD-104011,05-01-2023,FY2023,Q1,January,East,Healthcare,BP Monitor,Small Business,Amit,9,305799.14,231098.33,74700.8,62787.08,11913.73,305399.9,399.24,3.9,-7.21,INR
ORD-104141,06-01-2023,FY2023,Q1,January,Central,Consumer Goods,Water Bottle,Consumer,Sneha,5,191281.71,99685.82,91595.89,18051.84,73544.05,180448.64,10833.07,38.45,11.06,INR
ORD-104067,06-01-2023,FY2023,Q1,January,South,Furniture,Cabinet,Small Business,Rahul,18,638217.38,470569.81,167647.57,134031.93,33615.64,683714.86,-45497.47,5.27,20.5,INR
ORD-103830,06-01-2023,FY2023,Q1,January,East,Furniture,Conference Table,Consumer,Neha,4,78879.49,49684.31,29195.18,6529.4,22665.78,81996.52,-3117.04,28.73,-7.09,INR
ORD-100720,06-01-2023,FY2023,Q1,January,Central,Healthcare,Medical Kit,Small Business,Anjali,17,672304.36,415559.53,256744.83,137825.17,118919.66,744991.78,-72687.42,17.69,-2.97,INR
ORD-102546,07-01-2023,FY2023,Q1,January,West,Technology,Laptop,Small Business,Neha,14,698001.02,502956.04,195044.98,68571.31,126473.66,742796.91,-44795.88,18.12,-2.48,INR
ORD-101225,07-01-2023,FY2023,Q1,January,South,Consumer Goods,Travel Bag,Consumer,Amit,13,77807.27,53057.87,24749.39,16450.83,8298.56,86018.99,-8211.73,10.67,7.22,INR
ORD-101389,07-01-2023,FY2023,Q1,January,Central,Consumer Goods,Backpack,Corporate,Rohit,14,123271.34,68732.81,54538.53,17022.67,37515.86,137290.12,-14018.78,30.43,14.06,INR
ORD-104492,07-01-2023,FY2023,Q1,January,Central,Healthcare,BP Monitor,Corporate,Neha,12,418721.75,298282.32,120439.42,79902.07,40537.35,464952.54,-46230.79,9.68,4.65,INR
ORD-100955,07-01-2023,FY2023,Q1,January,Central,Furniture,Desk,Consumer,Neha,12,177007.12,98346.56,78660.56,31435.91,47224.64,194611.47,-17604.36,26.68,2.98,INR
ORD-104435,08-01-2023,FY2023,Q1,January,East,Healthcare,BP Monitor,Corporate,Anjali,8,34204.5,20717.06,13487.44,6013.08,7474.36,34510.7,-306.2,21.85,0.57,INR
ORD-102960,08-01-2023,FY2023,Q1,January,East,Technology,Printer,Corporate,Sneha,14,477440.09,278965.64,198474.46,41908,156566.46,468301.37,9138.72,32.79,-7.04,INR
ORD-104047,08-01-2023,FY2023,Q1,January,North,Office Supplies,Notebook,Consumer,Vikas,16,88069.96,68088.24,19981.71,11598.95,8382.77,94139.39,-6069.43,9.52,11.24,INR
ORD-100656,08-01-2023,FY2023,Q1,January,East,Consumer Goods,Backpack,Corporate,Anjali,10,447434.48,324905.49,122528.99,75113.56,47415.43,404191.81,43242.67,10.6,6.41,INR
ORD-102240,08-01-2023,FY2023,Q1,January,East,Consumer Goods,Water Bottle,Consumer,Amit,2,82865.12,55873.64,26991.48,16766.53,10224.95,91327.14,-8462.02,12.34,16.74,INR
ORD-104634,09-01-2023,FY2023,Q1,January,South,Office Supplies,File Folder,Corporate,Neha,15,609699.38,353247.7,256451.69,88738.8,167712.89,665269.26,-55569.88,27.51,20.6,INR
ORD-100195,09-01-2023,FY2023,Q1,January,North,Consumer Goods,Calculator,Consumer,Vikas,6,58162.13,30821.74,27340.38,11881.62,15458.76,57429.92,732.21,26.58,3.43,INR
ORD-101381,09-01-2023,FY2023,Q1,January,East,Healthcare,Gloves,Corporate,Neha,4,76194.9,45382.09,30812.81,8588.93,22223.88,84155.34,-7960.44,29.17,-4.19,INR
ORD-103095,10-01-2023,FY2023,Q1,January,East,Office Supplies,Stapler,Consumer,Rohit,19,30062.67,16546.57,13516.1,5984.54,7531.56,29121.79,940.88,25.05,-0.54,INR
ORD-100752,10-01-2023,FY2023,Q1,January,East,Technology,Printer,Small Business,Priya,14,525265.05,289763.71,235501.34,48885.49,186615.85,556660.22,-31395.16,35.53,-7.86,INR
ORD-100528,10-01-2023,FY2023,Q1,January,West,Consumer Goods,Travel Bag,Small Business,Neha,13,161146.53,86518.48,74628.05,17784.96,56843.09,147964.48,13182.06,35.27,13.27,INR
ORD-102984,10-01-2023,FY2023,Q1,January,West,Technology,Monitor,Consumer,Neha,9,151978.57,110881.11,41097.45,32112.73,8984.73,169887.16,-17908.59,5.91,-2.11,INR
ORD-101645,10-01-2023,FY2023,Q1,January,Central,Furniture,Office Chair,Small Business,Amit,12,126403.15,82624.95,43778.2,20875.71,22902.49,115600.75,10802.4,18.12,8.36,INR
ORD-101027,11-01-2023,FY2023,Q1,January,West,Technology,Tablet,Consumer,Amit,14,71188.99,47634.7,23554.29,7889.77,15664.52,65181.06,6007.93,22,14.82,INR
ORD-100830,11-01-2023,FY2023,Q1,January,South,Technology,Smartphone,Corporate,Sneha,8,328252.48,249715.29,78537.19,65125.34,13411.85,310856.03,17396.45,4.09,17.27,INR
ORD-103762,11-01-2023,FY2023,Q1,January,West,Healthcare,BP Monitor,Corporate,Rohit,6,58878.97,30662.49,28216.49,5080.47,23136.01,64336.79,-5457.82,39.29,14.52,INR
ORD-101348,11-01-2023,FY2023,Q1,January,Central,Technology,Tablet,Consumer,Amit,12,591495.64,460068.65,131426.99,77135.38,54291.61,649057.08,-57561.43,9.18,3.99,INR
ORD-101155,11-01-2023,FY2023,Q1,January,West,Office Supplies,Notebook,Consumer,Neha,14,322428.13,219210.22,103217.91,43734.75,59483.16,357428.31,-35000.17,18.45,3.89,INR
ORD-102859,12-01-2023,FY2023,Q1,January,Central,Technology,Smartphone,Consumer,Vikas,6,53063.84,34826.25,18237.59,4249.93,13987.66,55395.95,-2332.11,26.36,13.8,INR
ORD-104350,12-01-2023,FY2023,Q1,January,Central,Office Supplies,Paper Pack,Consumer,Sneha,20,220685.09,135164.27,85520.83,26257.46,59263.37,200467.73,20217.36,26.85,21.72,INR
ORD-104646,12-01-2023,FY2023,Q1,January,East,Technology,Printer,Consumer,Sneha,13,269621.9,187789.39,81832.5,30424.69,51407.82,285664.78,-16042.88,19.07,20.11,INR
ORD-101066,12-01-2023,FY2023,Q1,January,North,Technology,Smartphone,Consumer,Priya,1,19236.89,10945.46,8291.43,1555.04,6736.39,19002.43,234.46,35.02,12.3,INR
ORD-104325,12-01-2023,FY2023,Q1,January,East,Healthcare,Medical Kit,Small Business,Rahul,11,460482.15,356481.3,104000.85,40127.2,63873.65,512192.96,-51710.81,13.87,23.47,INR
ORD-101767,12-01-2023,FY2023,Q1,January,North,Healthcare,Medical Kit,Consumer,Vikas,10,450053.21,337687.13,112366.08,86775.56,25590.52,423427.16,26626.06,5.69,17.64,INR
ORD-100381,12-01-2023,FY2023,Q1,January,South,Office Supplies,Stapler,Small Business,Rahul,14,63628.33,33954.17,29674.15,13572.49,16101.67,68770.8,-5142.47,25.31,0.57,INR
ORD-101590,12-01-2023,FY2023,Q1,January,Central,Technology,Laptop,Consumer,Priya,8,66916.09,49834.48,17081.61,8627.8,8453.81,70986.23,-4070.14,12.63,1.94,INR
ORD-104226,12-01-2023,FY2023,Q1,January,Central,Furniture,Desk,Corporate,Neha,3,55081.56,28822.61,26258.95,4726.37,21532.58,59830.08,-4748.52,39.09,-0.71,INR
ORD-103866,13-01-2023,FY2023,Q1,January,North,Consumer Goods,Backpack,Small Business,Vikas,16,83242.37,51549.03,31693.34,12552.7,19140.64,86599.76,-3357.39,22.99,-5.89,INR
ORD-103687,13-01-2023,FY2023,Q1,January,East,Technology,Printer,Consumer,Rohit,20,101296.29,77105.84,24190.45,21958.69,2231.77,96079.96,5216.33,2.2,0.48,INR
ORD-104996,13-01-2023,FY2023,Q1,January,South,Healthcare,Gloves,Consumer,Rohit,5,230053.92,147885.54,82168.38,28797.86,53370.52,221218.92,8835,23.2,-3.64,INR
ORD-100756,13-01-2023,FY2023,Q1,January,South,Office Supplies,Pen Set,Corporate,Neha,1,18264.2,10248.61,8015.59,2136.89,5878.71,17606.77,657.43,32.19,21.26,INR
ORD-104081,13-01-2023,FY2023,Q1,January,Central,Furniture,Cabinet,Corporate,Rohit,16,528837.09,370176.58,158660.51,94882.87,63777.64,585950.87,-57113.77,12.06,-0.65,INR
ORD-101467,14-01-2023,FY2023,Q1,January,North,Furniture,Office Chair,Consumer,Sneha,10,174306.75,115248.33,59058.42,22639.11,36419.31,191038.13,-16731.38,20.89,-0.16,INR
ORD-104943,14-01-2023,FY2023,Q1,January,East,Consumer Goods,Calculator,Small Business,Neha,6,159223.6,107328.79,51894.82,17848.51,34046.3,162744.94,-3521.34,21.38,17.18,INR
ORD-101399,14-01-2023,FY2023,Q1,January,South,Consumer Goods,Water Bottle,Consumer,Neha,9,150057.63,85616.92,64440.71,16860.98,47579.73,165911.46,-15853.83,31.71,-7.98,INR
ORD-100039,14-01-2023,FY2023,Q1,January,East,Furniture,Conference Table,Corporate,Neha,15,562388.49,394674.76,167713.73,115005.89,52707.84,609825.59,-47437.1,9.37,-1.05,INR
ORD-102918,15-01-2023,FY2023,Q1,January,Central,Consumer Goods,Backpack,Consumer,Anjali,8,91155.61,68206.4,22949.22,18248.28,4700.94,89246.87,1908.74,5.16,14.56,INR
ORD-104797,15-01-2023,FY2023,Q1,January,Central,Technology,Printer,Consumer,Vikas,6,38325.57,25480.36,12845.21,5000.86,7844.35,39469.23,-1143.66,20.47,-0.63,INR
ORD-100075,15-01-2023,FY2023,Q1,January,West,Technology,Tablet,Corporate,Rahul,10,369126.01,273195.43,95930.58,58805.83,37124.75,398832.26,-29706.25,10.06,1.55,INR
ORD-100820,15-01-2023,FY2023,Q1,January,West,Consumer Goods,Backpack,Small Business,Rohit,16,126406.63,92907,33499.63,14011.14,19488.49,126601.52,-194.89,15.42,19.97,INR
ORD-104638,15-01-2023,FY2023,Q1,January,South,Office Supplies,Stapler,Consumer,Priya,5,65154.4,50561.23,14593.17,6542.86,8050.31,69991.52,-4837.12,12.36,0.43,INR
ORD-104304,16-01-2023,FY2023,Q1,January,South,Office Supplies,Stapler,Corporate,Vikas,4,133176.81,88922.68,44254.13,12464.14,31789.99,132438.74,738.07,23.87,23.37,INR
ORD-101112,16-01-2023,FY2023,Q1,January,South,Technology,Tablet,Small Business,Rohit,20,922573.19,539915.92,382657.28,175017.21,207640.06,984751.25,-62178.06,22.51,15.09,INR
ORD-103199,17-01-2023,FY2023,Q1,January,North,Furniture,Cabinet,Consumer,Sneha,10,282714.17,168423.34,114290.83,34966.51,79324.32,268168.14,14546.03,28.06,2.98,INR
ORD-101240,17-01-2023,FY2023,Q1,January,Central,Technology,Laptop,Small Business,Neha,20,539505.23,325480.88,214024.35,69438.22,144586.13,489656.82,49848.41,26.8,10.36,INR
ORD-104228,17-01-2023,FY2023,Q1,January,East,Office Supplies,Notebook,Small Business,Rahul,19,405917.43,312604.97,93312.46,57237.43,36075.03,405138.31,779.12,8.89,13.97,INR
ORD-103445,17-01-2023,FY2023,Q1,January,West,Furniture,Office Chair,Consumer,Rahul,11,200522.59,155846.47,44676.12,28724.43,15951.69,209331.38,-8808.79,7.96,1.03,INR
ORD-100242,17-01-2023,FY2023,Q1,January,West,Furniture,Bookshelf,Consumer,Amit,13,577592.66,305818.53,271774.13,120888.31,150885.82,589057.29,-11464.63,26.12,20.03,INR
ORD-101888,17-01-2023,FY2023,Q1,January,South,Technology,Tablet,Consumer,Vikas,2,12591.63,7208.32,5383.31,1796.62,3586.69,13843.24,-1251.61,28.48,24.53,INR
ORD-102839,17-01-2023,FY2023,Q1,January,North,Technology,Smartphone,Small Business,Vikas,13,278813.02,145475.44,133337.58,52280.24,81057.33,293460.93,-14647.91,29.07,14.72,INR
ORD-100916,18-01-2023,FY2023,Q1,January,East,Healthcare,Medical Kit,Small Business,Sneha,18,740233.02,491367.93,248865.08,102623.03,146242.06,782450.88,-42217.87,19.76,24.46,INR
ORD-100261,18-01-2023,FY2023,Q1,January,South,Healthcare,Thermometer,Small Business,Amit,6,102185.04,64170.33,38014.7,20781.72,17232.98,93898.51,8286.53,16.86,5.4,INR
ORD-102481,19-01-2023,FY2023,Q1,January,South,Furniture,Conference Table,Corporate,Priya,7,29429.51,18459.34,10970.17,5513.14,5457.03,31976.63,-2547.12,18.54,11.17,INR
ORD-103425,19-01-2023,FY2023,Q1,January,Central,Furniture,Conference Table,Consumer,Amit,1,15778.3,9027.34,6750.96,3221.94,3529.02,17018.45,-1240.16,22.37,6.12,INR
ORD-103637,19-01-2023,FY2023,Q1,January,South,Furniture,Conference Table,Small Business,Neha,6,115022.52,63175.63,51846.88,21335.9,30510.99,118072.6,-3050.08,26.53,-3.06,INR
ORD-102082,19-01-2023,FY2023,Q1,January,East,Office Supplies,Notebook,Corporate,Vikas,15,444303.75,267005.11,177298.64,93633.27,83665.37,480079.52,-35775.77,18.83,13.23,INR
ORD-104086,19-01-2023,FY2023,Q1,January,South,Office Supplies,File Folder,Consumer,Priya,15,66786.37,35786.05,31000.32,6044.32,24956,61609.84,5176.54,37.37,6,INR
ORD-103179,19-01-2023,FY2023,Q1,January,East,Technology,Printer,Consumer,Amit,5,117555.42,86215.08,31340.34,17667.28,13673.06,127142.06,-9586.64,11.63,14.48,INR
ORD-102009,19-01-2023,FY2023,Q1,January,North,Furniture,Office Chair,Consumer,Amit,1,43872.05,25270.17,18601.88,9050.58,9551.3,44735.14,-863.09,21.77,11.96,INR
ORD-104574,19-01-2023,FY2023,Q1,January,East,Technology,Laptop,Consumer,Anjali,19,211808.02,151411.94,60396.08,39494.32,20901.76,211172.19,635.83,9.87,-7.68,INR
ORD-102682,19-01-2023,FY2023,Q1,January,South,Technology,Monitor,Consumer,Amit,8,146369.01,78632.37,67736.64,18129.4,49607.24,151145.1,-4776.1,33.89,-1.18,INR
ORD-101560,19-01-2023,FY2023,Q1,January,Central,Furniture,Bookshelf,Corporate,Sneha,1,18494.69,10486.32,8008.37,2543.3,5465.07,19590.66,-1095.97,29.55,-1.41,INR
ORD-100282,20-01-2023,FY2023,Q1,January,East,Office Supplies,File Folder,Corporate,Amit,4,92162.81,65866.18,26296.62,18946.29,7350.33,101490.23,-9327.42,7.98,7.37,INR
ORD-103216,20-01-2023,FY2023,Q1,January,North,Furniture,Conference Table,Corporate,Neha,8,107167.19,64225.55,42941.63,21952.9,20988.73,102950.36,4216.83,19.59,-2.66,INR
ORD-102162,21-01-2023,FY2023,Q1,January,North,Technology,Tablet,Corporate,Amit,2,74049.96,43174.56,30875.4,15588.76,15286.63,82720.13,-8670.17,20.64,20.03,INR
ORD-104884,21-01-2023,FY2023,Q1,January,North,Furniture,Bookshelf,Consumer,Rohit,3,127531.77,73659.49,53872.28,16009.37,37862.91,117191.96,10339.81,29.69,13.97,INR
ORD-103344,21-01-2023,FY2023,Q1,January,East,Office Supplies,Notebook,Consumer,Vikas,6,14694.83,8100.33,6594.5,1322.53,5271.97,15982.34,-1287.51,35.88,-3.77,INR
ORD-104782,21-01-2023,FY2023,Q1,January,West,Furniture,Office Chair,Small Business,Neha,6,275543.03,145721.11,129821.92,55962.66,73859.26,249483.51,26059.52,26.8,22.1,INR
ORD-101602,21-01-2023,FY2023,Q1,January,North,Technology,Monitor,Consumer,Sneha,9,6088.85,3828.3,2260.55,1291.09,969.46,6132.04,-43.19,15.92,19.19,INR
ORD-101302,21-01-2023,FY2023,Q1,January,North,Office Supplies,Stapler,Small Business,Rahul,12,170200.38,123112.34,47088.04,27394.06,19693.98,159691.1,10509.27,11.57,21.89,INR
ORD-101882,21-01-2023,FY2023,Q1,January,East,Healthcare,BP Monitor,Consumer,Sneha,4,178932.76,124430.73,54502.03,37270.41,17231.63,186670.88,-7738.11,9.63,-2.59,INR
ORD-101449,21-01-2023,FY2023,Q1,January,South,Technology,Smartphone,Small Business,Sneha,18,25059.61,19397.3,5662.31,2793.15,2869.16,26322.6,-1262.99,11.45,23.9,INR
ORD-100033,21-01-2023,FY2023,Q1,January,East,Furniture,Office Chair,Corporate,Neha,16,35997.85,27481.15,8516.7,4934.01,3582.7,39358.95,-3361.1,9.95,5.79,INR
ORD-104044,22-01-2023,FY2023,Q1,January,North,Furniture,Desk,Small Business,Vikas,4,157052.38,82184.94,74867.44,16533.69,58333.75,170884.5,-13832.11,37.14,22.95,INR
ORD-102673,22-01-2023,FY2023,Q1,January,East,Furniture,Cabinet,Consumer,Neha,3,65735.34,35758.14,29977.2,9055.08,20922.13,68239.4,-2504.05,31.83,-7.77,INR
ORD-101393,22-01-2023,FY2023,Q1,January,East,Consumer Goods,Headphones,Corporate,Vikas,14,155849.5,94878.45,60971.05,24783.96,36187.09,150545.93,5303.56,23.22,-5.09,INR
ORD-102192,22-01-2023,FY2023,Q1,January,Central,Healthcare,BP Monitor,Consumer,Rohit,15,657829.68,511885.28,145944.39,119712.64,26231.75,696408.86,-38579.19,3.99,5.45,INR
ORD-101268,22-01-2023,FY2023,Q1,January,South,Office Supplies,File Folder,Corporate,Anjali,9,231684.73,168767.35,62917.39,45424.66,17492.72,230185.01,1499.73,7.55,-7.65,INR
ORD-103211,22-01-2023,FY2023,Q1,January,West,Furniture,Conference Table,Small Business,Neha,20,375181.69,242450.95,132730.74,79549.33,53181.41,411958.95,-36777.26,14.17,23.26,INR
ORD-104596,22-01-2023,FY2023,Q1,January,North,Healthcare,First Aid Box,Consumer,Anjali,19,512702.57,338480.08,174222.49,67428.67,106793.82,462939.55,49763.02,20.83,24.09,INR
ORD-100017,22-01-2023,FY2023,Q1,January,East,Technology,Printer,Small Business,Amit,4,130706.67,91814.77,38891.9,25063.87,13828.02,119714.48,10992.19,10.58,-4.44,INR
ORD-100358,23-01-2023,FY2023,Q1,January,West,Healthcare,Gloves,Small Business,Anjali,15,724439.42,416893.89,307545.54,112334.04,195211.49,803572.74,-79133.32,26.95,9.5,INR
ORD-102539,23-01-2023,FY2023,Q1,January,West,Consumer Goods,Headphones,Corporate,Vikas,5,18613.41,9817.28,8796.13,3089.87,5706.26,17474.95,1138.46,30.66,10.31,INR
ORD-100834,23-01-2023,FY2023,Q1,January,West,Office Supplies,File Folder,Corporate,Vikas,6,39919.58,24825.72,15093.86,4432.16,10661.7,38367.65,1551.93,26.71,-2.45,INR
ORD-102010,23-01-2023,FY2023,Q1,January,West,Furniture,Office Chair,Consumer,Neha,14,434391.08,255529.75,178861.33,66858.08,112003.25,420608.56,13782.52,25.78,21.97,INR
ORD-102785,23-01-2023,FY2023,Q1,January,East,Healthcare,First Aid Box,Corporate,Neha,10,34315.58,24921.6,9393.99,4952.31,4441.67,36123.2,-1807.62,12.94,14.88,INR
ORD-101429,24-01-2023,FY2023,Q1,January,Central,Furniture,Cabinet,Consumer,Amit,7,210291.04,159421.86,50869.18,18294.49,32574.69,223086.95,-12795.92,15.49,8.23,INR
ORD-100886,25-01-2023,FY2023,Q1,January,East,Office Supplies,Pen Set,Small Business,Amit,19,790848.15,605244.74,185603.41,152255.33,33348.08,799784.98,-8936.83,4.22,6.5,INR
ORD-102690,25-01-2023,FY2023,Q1,January,Central,Office Supplies,File Folder,Consumer,Neha,6,180622.34,140496.77,40125.58,30704.01,9421.57,196385.04,-15762.7,5.22,-5.7,INR
ORD-100689,25-01-2023,FY2023,Q1,January,Central,Consumer Goods,Headphones,Consumer,Sneha,6,215957.11,122900.21,93056.9,34972.46,58084.43,208279.75,7677.35,26.9,2.72,INR
ORD-103458,25-01-2023,FY2023,Q1,January,East,Furniture,Office Chair,Consumer,Vikas,10,463918.19,244773.21,219144.98,64826.75,154318.23,494362.23,-30444.04,33.26,-4.84,INR
ORD-103246,25-01-2023,FY2023,Q1,January,North,Technology,Monitor,Corporate,Sneha,14,282308.56,200900.44,81408.12,32194.44,49213.68,256154.16,26154.4,17.43,9.45,INR
ORD-101052,25-01-2023,FY2023,Q1,January,Central,Furniture,Office Chair,Corporate,Sneha,3,94061.24,51752.12,42309.13,13892.63,28416.49,95688.63,-1627.38,30.21,-5.33,INR
ORD-104071,26-01-2023,FY2023,Q1,January,South,Consumer Goods,Water Bottle,Corporate,Rohit,19,921001.81,633110.27,287891.54,189022.08,98869.46,910158.02,10843.8,10.73,10.97,INR
ORD-102894,26-01-2023,FY2023,Q1,January,East,Technology,Tablet,Consumer,Priya,13,262929.98,181649.38,81280.6,30503.31,50777.29,272048.53,-9118.55,19.31,12.79,INR
ORD-102423,26-01-2023,FY2023,Q1,January,Central,Healthcare,First Aid Box,Corporate,Rohit,2,18970.74,14018.48,4952.26,2639.21,2313.05,20281.74,-1311,12.19,3.21,INR
ORD-103602,27-01-2023,FY2023,Q1,January,West,Consumer Goods,Travel Bag,Small Business,Neha,3,76076.24,54662.82,21413.42,14807.7,6605.73,69433.82,6642.43,8.68,18.76,INR
ORD-100230,27-01-2023,FY2023,Q1,January,West,Consumer Goods,Calculator,Corporate,Sneha,1,39200.47,29722.5,9477.97,6187.99,3289.98,43681.14,-4480.67,8.39,8.13,INR
ORD-101007,27-01-2023,FY2023,Q1,January,West,Furniture,Desk,Consumer,Sneha,17,417314.4,223437.8,193876.61,65269.13,128607.48,466944.38,-49629.98,30.82,20.08,INR
ORD-104253,27-01-2023,FY2023,Q1,January,West,Furniture,Cabinet,Consumer,Vikas,10,44527.74,23970.12,20557.62,5604.89,14952.73,42720.6,1807.14,33.58,-3.46,INR
ORD-104749,28-01-2023,FY2023,Q1,January,North,Technology,Smartphone,Consumer,Neha,4,133906.93,73388.29,60518.63,14840.94,45677.7,141056.63,-7149.7,34.11,18.47,INR
ORD-102181,28-01-2023,FY2023,Q1,January,South,Technology,Printer,Small Business,Anjali,15,324243.78,238955.53,85288.25,52238.1,33050.15,312944.26,11299.52,10.19,7.11,INR
ORD-100665,28-01-2023,FY2023,Q1,January,North,Furniture,Desk,Small Business,Sneha,9,268688.16,180864.98,87823.19,23426.84,64396.34,299817.94,-31129.77,23.97,3.84,INR
ORD-101473,28-01-2023,FY2023,Q1,January,East,Furniture,Office Chair,Small Business,Vikas,4,27169.56,20794.41,6375.15,4852.76,1522.39,27189.84,-20.29,5.6,21.12,INR
ORD-100681,28-01-2023,FY2023,Q1,January,West,Technology,Monitor,Small Business,Rahul,1,24239.63,13914.44,10325.19,3721.98,6603.21,23697.18,542.46,27.24,14.88,INR
ORD-100456,29-01-2023,FY2023,Q1,January,West,Consumer Goods,Backpack,Consumer,Rahul,15,500374.68,319257.27,181117.42,49314.12,131803.29,490839.01,9535.68,26.34,23.59,INR
ORD-104436,29-01-2023,FY2023,Q1,January,East,Healthcare,Thermometer,Consumer,Amit,7,38570.56,26657.53,11913.03,3437.97,8475.06,41519.73,-2949.17,21.97,-3.92,INR
ORD-101025,29-01-2023,FY2023,Q1,January,East,Furniture,Desk,Small Business,Priya,16,62876.26,43354.84,19521.41,7839.51,11681.9,66442.03,-3565.77,18.58,-7.49,INR
ORD-104619,29-01-2023,FY2023,Q1,January,North,Office Supplies,File Folder,Consumer,Sneha,1,31480.86,23986.42,7494.44,3400.61,4093.82,31397.53,83.33,13,10.34,INR
ORD-101123,29-01-2023,FY2023,Q1,January,North,Consumer Goods,Backpack,Corporate,Vikas,10,92321.76,63428.71,28893.05,8762.64,20130.4,94921.81,-2600.05,21.8,3.26,INR
ORD-101281,29-01-2023,FY2023,Q1,January,Central,Furniture,Bookshelf,Small Business,Sneha,12,259475.11,181211.61,78263.51,48907.57,29355.94,261282.59,-1807.48,11.31,7.31,INR
ORD-101893,29-01-2023,FY2023,Q1,January,North,Consumer Goods,Backpack,Consumer,Neha,12,132098.25,79932.74,52165.5,25423.15,26742.35,133065.24,-966.99,20.24,8.46,INR
ORD-100993,29-01-2023,FY2023,Q1,January,South,Consumer Goods,Travel Bag,Corporate,Amit,6,290045.05,211518,78527.05,43132.08,35394.97,269977.83,20067.22,12.2,16.98,INR
ORD-104175,30-01-2023,FY2023,Q1,January,Central,Office Supplies,Paper Pack,Consumer,Rohit,17,468495.05,306358.68,162136.37,53246.32,108890.06,471933.97,-3438.92,23.24,-5.89,INR
ORD-104334,30-01-2023,FY2023,Q1,January,East,Furniture,Cabinet,Consumer,Rahul,5,197056.34,103856.14,93200.2,27559.09,65641.11,208396.26,-11339.92,33.31,7.54,INR
ORD-104021,30-01-2023,FY2023,Q1,January,North,Furniture,Cabinet,Consumer,Priya,14,385901.52,251287.45,134614.08,48236.25,86377.82,410312.68,-24411.15,22.38,24.9,INR
ORD-102806,31-01-2023,FY2023,Q1,January,South,Technology,Smartphone,Consumer,Neha,18,871285,618187.02,253097.98,186868.25,66229.73,815437.28,55847.71,7.6,24.84,INR
ORD-103761,31-01-2023,FY2023,Q1,January,East,Healthcare,Gloves,Corporate,Amit,19,840747.58,548356.54,292391.03,117280.46,175110.57,903632.99,-62885.42,20.83,10.31,INR
ORD-102731,31-01-2023,FY2023,Q1,January,West,Technology,Printer,Small Business,Rohit,12,208885.38,145992.63,62892.74,30155.67,32737.07,207678.94,1206.43,15.67,23.26,INR
ORD-100910,01-02-2023,FY2023,Q1,February,East,Technology,Tablet,Small Business,Anjali,5,129865.31,89648.71,40216.6,15182.87,25033.73,134539.75,-4674.44,19.28,0.39,INR
ORD-103088,01-02-2023,FY2023,Q1,February,West,Furniture,Bookshelf,Corporate,Anjali,6,144123.23,98116.58,46006.64,22554.27,23452.37,148436.21,-4312.99,16.27,24.54,INR
ORD-102206,01-02-2023,FY2023,Q1,February,West,Office Supplies,Pen Set,Consumer,Amit,19,890719.3,645826.48,244892.82,195767.94,49124.88,816004.52,74714.78,5.52,5.94,INR
ORD-102855,02-02-2023,FY2023,Q1,February,East,Healthcare,BP Monitor,Corporate,Anjali,18,75710.99,48578.52,27132.47,16559.32,10573.15,75610.8,100.19,13.97,10.58,INR
ORD-104576,02-02-2023,FY2023,Q1,February,South,Healthcare,Medical Kit,Consumer,Priya,5,75774.09,40156.91,35617.18,10026.04,25591.14,82598.19,-6824.1,33.77,-7.02,INR
ORD-100696,03-02-2023,FY2023,Q1,February,West,Furniture,Bookshelf,Consumer,Rahul,1,26592.35,16750.78,9841.57,2390.11,7451.45,26643.6,-51.26,28.02,13.9,INR
ORD-104267,03-02-2023,FY2023,Q1,February,South,Consumer Goods,Backpack,Corporate,Sneha,12,179281.28,125037.44,54243.83,16787.86,37455.98,191410.77,-12129.49,20.89,-5.94,INR
ORD-101002,03-02-2023,FY2023,Q1,February,Central,Technology,Printer,Consumer,Amit,20,618314.34,343136.12,275178.22,97287.5,177890.72,641636.95,-23322.61,28.77,24,INR
ORD-100566,03-02-2023,FY2023,Q1,February,Central,Furniture,Office Chair,Consumer,Vikas,3,95720.5,66007.98,29712.52,10696.26,19016.26,102183.27,-6462.77,19.87,18.27,INR
ORD-100048,04-02-2023,FY2023,Q1,February,North,Technology,Laptop,Consumer,Vikas,2,88568.61,52217.17,36351.44,15466.96,20884.48,85477.78,3090.83,23.58,-0.13,INR
ORD-104621,04-02-2023,FY2023,Q1,February,North,Technology,Smartphone,Corporate,Anjali,8,290086.8,191594.94,98491.85,23707.64,74784.21,278184.7,11902.1,25.78,18.77,INR
ORD-101421,04-02-2023,FY2023,Q1,February,Central,Office Supplies,File Folder,Small Business,Vikas,16,287880.25,200713.08,87167.17,26313.58,60853.59,313544.07,-25663.82,21.14,6.37,INR
ORD-104682,04-02-2023,FY2023,Q1,February,South,Healthcare,First Aid Box,Corporate,Vikas,5,248438.81,138319.71,110119.11,28693.83,81425.28,275138.24,-26699.43,32.77,-2.91,INR
ORD-100384,04-02-2023,FY2023,Q1,February,South,Consumer Goods,Backpack,Consumer,Amit,8,243531.88,168959.87,74572,29868.81,44703.2,243032.44,499.44,18.36,20.71,INR
ORD-104374,05-02-2023,FY2023,Q1,February,East,Furniture,Conference Table,Corporate,Rahul,12,32586.46,23359.06,9227.4,6077.38,3150.02,35198.99,-2612.52,9.67,16.8,INR
ORD-101690,05-02-2023,FY2023,Q1,February,West,Furniture,Bookshelf,Small Business,Priya,14,388575.3,222098.76,166476.54,34423.3,132053.23,385727.23,2848.07,33.98,19.38,INR
ORD-100280,05-02-2023,FY2023,Q1,February,Central,Furniture,Conference Table,Corporate,Priya,9,58212.31,42535.4,15676.9,9661.31,6015.59,57330.3,882.01,10.33,15.67,INR
ORD-101637,05-02-2023,FY2023,Q1,February,South,Healthcare,Medical Kit,Consumer,Vikas,14,113331.86,71924.16,41407.7,21777.1,19630.6,118368.2,-5036.34,17.32,19.36,INR
ORD-103756,05-02-2023,FY2023,Q1,February,Central,Technology,Monitor,Consumer,Rahul,7,114182.8,66707.51,47475.28,20706.06,26769.22,117358.46,-3175.66,23.44,22.34,INR
ORD-100409,06-02-2023,FY2023,Q1,February,East,Technology,Smartphone,Consumer,Rahul,20,222200.54,148416.34,73784.2,19137.74,54646.46,242963.31,-20762.77,24.59,16.38,INR
ORD-101255,06-02-2023,FY2023,Q1,February,East,Consumer Goods,Water Bottle,Corporate,Vikas,20,275590.83,151762.78,123828.05,52354.69,71473.36,305729.93,-30139.1,25.93,-1.58,INR
ORD-101199,06-02-2023,FY2023,Q1,February,West,Consumer Goods,Water Bottle,Corporate,Vikas,4,65982.7,43557.91,22424.79,9416.12,13008.67,69506.25,-3523.55,19.72,21.35,INR
ORD-100226,07-02-2023,FY2023,Q1,February,South,Technology,Monitor,Consumer,Rohit,12,79248.52,56444.4,22804.12,6897.6,15906.51,86204.05,-6955.53,20.07,15.44,INR
ORD-101195,07-02-2023,FY2023,Q1,February,West,Furniture,Office Chair,Corporate,Sneha,5,151747.66,87222.49,64525.17,13182.61,51342.56,157136.55,-5388.89,33.83,-0.61,INR
ORD-102053,07-02-2023,FY2023,Q1,February,East,Office Supplies,Stapler,Consumer,Amit,1,19509.22,10958.91,8550.31,1575.95,6974.36,18390.92,1118.3,35.75,13.21,INR
ORD-103275,08-02-2023,FY2023,Q1,February,Central,Furniture,Bookshelf,Small Business,Amit,10,454245.15,349939.23,104305.92,50018.5,54287.42,456884.24,-2639.09,11.95,-1.34,INR
ORD-101107,08-02-2023,FY2023,Q1,February,Central,Technology,Laptop,Consumer,Rahul,14,460512.95,348208.38,112304.57,69640.98,42663.59,471539.42,-11026.47,9.26,-7.95,INR
ORD-100467,08-02-2023,FY2023,Q1,February,West,Healthcare,Gloves,Consumer,Rohit,2,16520.96,12225.96,4295,1574.7,2720.3,17440.07,-919.11,16.47,-3.89,INR
ORD-103752,08-02-2023,FY2023,Q1,February,North,Furniture,Conference Table,Corporate,Neha,19,776926.05,424388.88,352537.18,86637.79,265899.39,804802.41,-27876.36,34.22,18.91,INR
ORD-101292,08-02-2023,FY2023,Q1,February,South,Furniture,Desk,Consumer,Priya,3,109670.56,72815.58,36854.98,17940.82,18914.16,121184.84,-11514.28,17.25,-6.54,INR
ORD-101976,08-02-2023,FY2023,Q1,February,East,Furniture,Desk,Consumer,Neha,4,162265.66,88383.03,73882.64,20323.99,53558.64,171751.68,-9486.02,33.01,7.56,INR
ORD-101191,09-02-2023,FY2023,Q1,February,West,Technology,Printer,Corporate,Sneha,3,38177.87,22986.77,15191.09,5281.77,9909.32,39050.24,-872.38,25.96,-3.62,INR
ORD-101211,09-02-2023,FY2023,Q1,February,Central,Consumer Goods,Water Bottle,Corporate,Priya,2,95361.09,61421.77,33939.32,14542.07,19397.25,101567.25,-6206.16,20.34,22.58,INR
ORD-102260,09-02-2023,FY2023,Q1,February,Central,Furniture,Cabinet,Consumer,Neha,3,4451.53,3109.37,1342.16,533.66,808.5,4893.75,-442.22,18.16,12.74,INR
ORD-103788,09-02-2023,FY2023,Q1,February,South,Office Supplies,Paper Pack,Consumer,Priya,4,16773.42,10010.12,6763.3,3001.73,3761.57,17984.73,-1211.32,22.43,14.42,INR
ORD-103504,09-02-2023,FY2023,Q1,February,West,Furniture,Office Chair,Corporate,Rahul,13,75108.84,41142.45,33966.39,14004.35,19962.04,68178.53,6930.31,26.58,12.99,INR
ORD-103045,09-02-2023,FY2023,Q1,February,North,Technology,Smartphone,Consumer,Rohit,18,165509.22,120943.98,44565.24,28714,15851.25,163416.64,2092.58,9.58,-2.16,INR
ORD-101000,10-02-2023,FY2023,Q1,February,West,Technology,Tablet,Small Business,Rohit,12,493246.06,316215.26,177030.8,45229.16,131801.64,490523.06,2723,26.72,1.46,INR
ORD-102393,10-02-2023,FY2023,Q1,February,East,Furniture,Office Chair,Consumer,Sneha,12,569883.78,343143.18,226740.6,82413.14,144327.46,628252.2,-58368.43,25.33,1.9,INR
ORD-100513,10-02-2023,FY2023,Q1,February,North,Technology,Printer,Corporate,Neha,16,34326.34,26140.51,8185.82,3902.84,4282.98,37565.05,-3238.71,12.48,13.13,INR
ORD-102306,10-02-2023,FY2023,Q1,February,Central,Consumer Goods,Backpack,Corporate,Sneha,5,197061.8,127485.37,69576.44,27082.67,42493.76,182220.85,14840.95,21.56,-2.56,INR
ORD-100087,10-02-2023,FY2023,Q1,February,North,Furniture,Office Chair,Consumer,Anjali,13,35393.33,23771.47,11621.86,5552.45,6069.41,34865.44,527.88,17.15,13.39,INR
ORD-102505,10-02-2023,FY2023,Q1,February,Central,Office Supplies,Pen Set,Consumer,Priya,7,18784.17,11035.83,7748.34,3898.44,3849.9,18186.84,597.33,20.5,8.7,INR
ORD-101051,11-02-2023,FY2023,Q1,February,Central,Technology,Monitor,Consumer,Anjali,1,29004.38,18558.48,10445.9,4694.92,5750.97,31406.44,-2402.06,19.83,1.12,INR
ORD-101769,11-02-2023,FY2023,Q1,February,South,Technology,Monitor,Small Business,Vikas,12,364906.61,189956.38,174950.23,29371.23,145579,391277.59,-26370.98,39.89,-6.16,INR
ORD-100999,11-02-2023,FY2023,Q1,February,North,Healthcare,Gloves,Consumer,Anjali,5,43475.32,32567.14,10908.18,5707.75,5200.43,42164.71,1310.6,11.96,4.88,INR
ORD-103131,12-02-2023,FY2023,Q1,February,Central,Office Supplies,Paper Pack,Consumer,Sneha,3,25001.54,15046.56,9954.99,3957.27,5997.72,27805.92,-2804.38,23.99,10.47,INR
ORD-101917,12-02-2023,FY2023,Q1,February,North,Healthcare,Thermometer,Consumer,Neha,20,873040.94,491661.74,381379.21,130084.68,251294.53,918043.76,-45002.81,28.78,-4.1,INR
ORD-102183,12-02-2023,FY2023,Q1,February,North,Technology,Monitor,Consumer,Anjali,11,64194.66,49548.73,14645.93,13442.89,1203.03,61225.57,2969.09,1.87,24.77,INR
ORD-101811,12-02-2023,FY2023,Q1,February,South,Furniture,Bookshelf,Small Business,Rohit,12,459409.93,346114.24,113295.7,73293.92,40001.77,434393.01,25016.92,8.71,15.2,INR
ORD-100617,12-02-2023,FY2023,Q1,February,South,Furniture,Conference Table,Corporate,Amit,14,528289.79,372163.86,156125.93,72344.43,83781.5,486873.48,41416.31,15.86,14.71,INR
ORD-101594,12-02-2023,FY2023,Q1,February,West,Furniture,Cabinet,Consumer,Vikas,17,743027.94,424646.41,318381.53,104334.7,214046.84,797855.66,-54827.72,28.81,19.83,INR
ORD-104408,12-02-2023,FY2023,Q1,February,South,Healthcare,BP Monitor,Consumer,Priya,14,75502.72,50199.76,25302.96,7444.37,17858.59,73551.54,1951.19,23.65,23.5,INR
ORD-103270,12-02-2023,FY2023,Q1,February,East,Office Supplies,Paper Pack,Consumer,Rahul,13,35429.4,25515.4,9914,4418.35,5495.65,34331.42,1097.98,15.51,-5.67,INR
ORD-104094,13-02-2023,FY2023,Q1,February,South,Technology,Printer,Corporate,Anjali,19,324327.45,169156.87,155170.58,28700.88,126469.7,301413.06,22914.39,38.99,11.67,INR
ORD-103525,13-02-2023,FY2023,Q1,February,North,Healthcare,Medical Kit,Corporate,Anjali,20,226583.26,117954.1,108629.16,34120.68,74508.48,245857.64,-19274.38,32.88,-4.16,INR
ORD-104265,14-02-2023,FY2023,Q1,February,North,Technology,Monitor,Small Business,Priya,19,656147.11,356740.96,299406.15,77608.18,221797.97,595273.64,60873.47,33.8,0.04,INR
ORD-104781,14-02-2023,FY2023,Q1,February,North,Consumer Goods,Calculator,Corporate,Rohit,20,333528.02,238364.87,95163.14,56402.15,38760.99,335393.09,-1865.07,11.62,0.97,INR
ORD-102706,14-02-2023,FY2023,Q1,February,Central,Office Supplies,Stapler,Small Business,Vikas,14,259475.67,180759.16,78716.51,31030.75,47685.76,251558.79,7916.88,18.38,3.7,INR
ORD-103254,15-02-2023,FY2023,Q1,February,North,Office Supplies,Stapler,Corporate,Amit,7,54231.75,30035.92,24195.83,10261.58,13934.26,60312.63,-6080.87,25.69,1.8,INR
ORD-104483,15-02-2023,FY2023,Q1,February,West,Office Supplies,Notebook,Corporate,Neha,8,79474.69,43849.25,35625.45,8975.34,26650.11,79069.44,405.26,33.53,0.6,INR
ORD-100821,16-02-2023,FY2023,Q1,February,Central,Technology,Laptop,Consumer,Sneha,16,411281.05,235656.37,175624.68,86514.55,89110.14,432847.86,-21566.81,21.67,-6.56,INR
ORD-100494,16-02-2023,FY2023,Q1,February,East,Healthcare,Gloves,Consumer,Sneha,11,414109.6,278985.47,135124.13,67753.06,67371.07,401754.39,12355.21,16.27,3.11,INR
ORD-101075,16-02-2023,FY2023,Q1,February,Central,Furniture,Cabinet,Small Business,Anjali,16,729758.77,477111.8,252646.97,116007.18,136639.79,661587.98,68170.79,18.72,-4.3,INR
ORD-100645,16-02-2023,FY2023,Q1,February,West,Furniture,Cabinet,Consumer,Amit,1,25705.22,13959.3,11745.92,4781.59,6964.33,25279.37,425.84,27.09,19.75,INR
ORD-100313,16-02-2023,FY2023,Q1,February,Central,Furniture,Bookshelf,Consumer,Priya,13,492043.27,340091.1,151952.17,98850.59,53101.58,467224.66,24818.61,10.79,13.15,INR
ORD-100652,17-02-2023,FY2023,Q1,February,North,Consumer Goods,Travel Bag,Corporate,Priya,17,785283.98,483029.08,302254.89,144862.01,157392.88,863505.86,-78221.88,20.04,15.82,INR
ORD-103798,17-02-2023,FY2023,Q1,February,South,Furniture,Office Chair,Consumer,Amit,9,59711.93,35870.41,23841.53,8296.04,15545.49,61183.07,-1471.14,26.03,-0.71,INR
ORD-104188,17-02-2023,FY2023,Q1,February,North,Furniture,Office Chair,Consumer,Rahul,3,83698.31,59761.36,23936.94,17794.7,6142.24,81218.74,2479.57,7.34,15.19,INR
ORD-104785,17-02-2023,FY2023,Q1,February,West,Furniture,Cabinet,Consumer,Priya,17,363556,207000.62,156555.38,31259.85,125295.53,345145.28,18410.73,34.46,21.64,INR
ORD-102526,18-02-2023,FY2023,Q1,February,East,Furniture,Desk,Consumer,Anjali,16,574732.72,309939.06,264793.66,100203.08,164590.57,597536.21,-22803.5,28.64,2.88,INR
ORD-102457,18-02-2023,FY2023,Q1,February,North,Furniture,Cabinet,Consumer,Amit,9,13683.16,8229.82,5453.34,1686.94,3766.4,13143.68,539.48,27.53,5.15,INR
ORD-102117,18-02-2023,FY2023,Q1,February,West,Technology,Monitor,Consumer,Rahul,7,212417.35,115420.01,96997.33,43963.94,53033.4,215348.94,-2931.59,24.97,-1.51,INR
ORD-102826,18-02-2023,FY2023,Q1,February,West,Office Supplies,Pen Set,Corporate,Priya,3,136550.09,79356.71,57193.38,11181.16,46012.22,134759.78,1790.3,33.7,0.19,INR
ORD-103734,19-02-2023,FY2023,Q1,February,South,Healthcare,Medical Kit,Corporate,Rohit,7,175133.7,118352.16,56781.54,15489.99,41291.55,185791.8,-10658.1,23.58,-1.02,INR
ORD-102934,19-02-2023,FY2023,Q1,February,Central,Technology,Monitor,Consumer,Rohit,17,679539.72,353908.02,325631.7,73382.11,252249.59,682978.89,-3439.17,37.12,5.46,INR
ORD-102108,19-02-2023,FY2023,Q1,February,Central,Consumer Goods,Headphones,Corporate,Neha,17,813252.7,533282.87,279969.84,161949.76,118020.07,827055.8,-13803.1,14.51,0.65,INR
ORD-101654,19-02-2023,FY2023,Q1,February,East,Technology,Printer,Corporate,Rahul,15,210976.85,144298.17,66678.67,19916.46,46762.21,215441.46,-4464.61,22.16,6.27,INR
ORD-103178,19-02-2023,FY2023,Q1,February,South,Healthcare,Medical Kit,Consumer,Rohit,6,12796.27,8958.74,3837.52,1840.88,1996.65,13125.81,-329.54,15.6,6.79,INR
ORD-100855,20-02-2023,FY2023,Q1,February,South,Office Supplies,Paper Pack,Small Business,Priya,14,597937.3,323344.39,274592.91,88100.19,186492.73,600164.3,-2227,31.19,23.4,INR
ORD-100292,20-02-2023,FY2023,Q1,February,South,Technology,Smartphone,Small Business,Neha,19,554680.04,426768.45,127911.6,89463.45,38448.15,613377.29,-58697.24,6.93,-3.77,INR
ORD-101610,20-02-2023,FY2023,Q1,February,Central,Technology,Smartphone,Corporate,Anjali,9,329750.21,244001.61,85748.6,50130.87,35617.73,318691.49,11058.72,10.8,-2.4,INR
ORD-100560,20-02-2023,FY2023,Q1,February,West,Furniture,Desk,Consumer,Rahul,10,272955.93,161107.68,111848.25,56300.81,55547.44,281109.99,-8154.06,20.35,10.85,INR
ORD-103360,21-02-2023,FY2023,Q1,February,North,Office Supplies,Stapler,Consumer,Sneha,8,230806.78,149210.28,81596.5,42472.65,39123.85,256297.92,-25491.15,16.95,-0.71,INR
ORD-104477,21-02-2023,FY2023,Q1,February,South,Consumer Goods,Headphones,Corporate,Amit,6,277025.93,162880.02,114145.92,54785.87,59360.04,259443.21,17582.73,21.43,-2.19,INR
ORD-104449,21-02-2023,FY2023,Q1,February,Central,Office Supplies,Pen Set,Consumer,Rohit,8,335815.13,231337.44,104477.69,31917.18,72560.52,372819.52,-37004.38,21.61,11.7,INR
ORD-103818,22-02-2023,FY2023,Q1,February,East,Furniture,Desk,Consumer,Neha,15,280920.83,158785.3,122135.53,25885.22,96250.31,268368.99,12551.84,34.26,18.79,INR
ORD-102831,22-02-2023,FY2023,Q1,February,Central,Furniture,Cabinet,Consumer,Amit,8,271032.99,162816.27,108216.72,49337.23,58879.48,302884.08,-31851.09,21.72,-7.52,INR
ORD-100614,22-02-2023,FY2023,Q1,February,East,Office Supplies,Notebook,Corporate,Rahul,14,501146.7,321773.47,179373.22,80027.08,99346.14,481343.29,19803.4,19.82,-2.24,INR
ORD-102742,22-02-2023,FY2023,Q1,February,East,Furniture,Office Chair,Consumer,Vikas,13,54354.89,37911.53,16443.36,5372.23,11071.13,50362.07,3992.82,20.37,-3.92,INR
ORD-103541,23-02-2023,FY2023,Q1,February,North,Healthcare,First Aid Box,Corporate,Anjali,16,14141.39,7856.63,6284.76,3081.86,3202.9,13624.42,516.97,22.65,5.23,INR
ORD-104200,23-02-2023,FY2023,Q1,February,Central,Furniture,Cabinet,Corporate,Rahul,10,480981.73,330467.83,150513.9,99103.73,51410.18,496461.51,-15479.77,10.69,0.12,INR
ORD-100200,23-02-2023,FY2023,Q1,February,North,Furniture,Conference Table,Consumer,Rohit,5,179026.69,114514.08,64512.61,30397.75,34114.85,183876.7,-4850.01,19.06,5.71,INR
ORD-104427,23-02-2023,FY2023,Q1,February,Central,Healthcare,Thermometer,Corporate,Neha,9,192042.96,117441.17,74601.8,37668.2,36933.6,190127.06,1915.91,19.23,12.95,INR
ORD-102828,23-02-2023,FY2023,Q1,February,East,Consumer Goods,Water Bottle,Corporate,Anjali,20,721640.99,381879.65,339761.34,105784.68,233976.66,707721.3,13919.69,32.42,15.84,INR
ORD-101168,23-02-2023,FY2023,Q1,February,East,Furniture,Bookshelf,Small Business,Rahul,19,867930.53,656737.52,211193.01,168385.73,42807.28,930066.5,-62135.96,4.93,-3.37,INR
ORD-103262,23-02-2023,FY2023,Q1,February,East,Office Supplies,Pen Set,Corporate,Priya,11,46218.97,27343.4,18875.56,8227.27,10648.29,50142.54,-3923.58,23.04,2.38,INR
ORD-100927,24-02-2023,FY2023,Q1,February,North,Technology,Monitor,Corporate,Amit,17,644118.59,442767.04,201351.55,85986.27,115365.28,638466.4,5652.19,17.91,3.09,INR
ORD-101033,24-02-2023,FY2023,Q1,February,North,Technology,Smartphone,Corporate,Priya,17,250996.54,139253.05,111743.49,22189.01,89554.48,274812.36,-23815.82,35.68,3.02,INR
ORD-100932,24-02-2023,FY2023,Q1,February,South,Consumer Goods,Travel Bag,Consumer,Amit,6,32179.21,24457.28,7721.94,6474.12,1247.82,29550.22,2628.99,3.88,18.23,INR
ORD-102856,24-02-2023,FY2023,Q1,February,South,Technology,Tablet,Corporate,Rohit,5,36482.38,25553.82,10928.55,3875.81,7052.74,37858.96,-1376.58,19.33,-4.67,INR
ORD-101727,24-02-2023,FY2023,Q1,February,East,Technology,Printer,Consumer,Amit,14,453503.25,297171.04,156332.22,48442.93,107889.28,465561.55,-12058.29,23.79,21.32,INR
ORD-103743,25-02-2023,FY2023,Q1,February,North,Consumer Goods,Travel Bag,Consumer,Neha,14,51886.55,31993.43,19893.12,6643.93,13249.2,52841.91,-955.36,25.53,3.97,INR
ORD-103593,25-02-2023,FY2023,Q1,February,East,Office Supplies,Notebook,Consumer,Rahul,17,378310.42,226818.61,151491.81,66544.93,84946.88,375925.99,2384.43,22.45,21.24,INR
ORD-100661,25-02-2023,FY2023,Q1,February,North,Furniture,Cabinet,Small Business,Anjali,3,33500.78,24209.51,9291.26,4050.02,5241.24,33273.25,227.52,15.65,23.49,INR
ORD-104014,25-02-2023,FY2023,Q1,February,South,Technology,Tablet,Small Business,Priya,3,42496.33,27273.96,15222.37,5871.39,9350.97,42847.92,-351.59,22,5.12,INR
ORD-102681,26-02-2023,FY2023,Q1,February,Central,Office Supplies,File Folder,Small Business,Amit,11,493019.09,382487.65,110531.44,99118.47,11412.97,517777.41,-24758.32,2.31,12.08,INR
ORD-103476,26-02-2023,FY2023,Q1,February,North,Furniture,Desk,Consumer,Rohit,12,426868.32,282391.06,144477.26,51678.17,92799.1,395722.4,31145.92,21.74,8.25,INR
ORD-103928,27-02-2023,FY2023,Q1,February,West,Office Supplies,Paper Pack,Small Business,Priya,8,361763.54,200481.78,161281.77,54885.16,106396.6,361300.91,462.63,29.41,-4.08,INR
ORD-101710,27-02-2023,FY2023,Q1,February,East,Furniture,Conference Table,Corporate,Anjali,4,147309.77,76999.13,70310.64,12928.22,57382.42,148839.25,-1529.48,38.95,-1.92,INR
ORD-102223,27-02-2023,FY2023,Q1,February,West,Furniture,Cabinet,Consumer,Sneha,8,60333.87,36415.43,23918.44,12251.22,11667.22,62871.8,-2537.94,19.34,-1.86,INR
ORD-100485,27-02-2023,FY2023,Q1,February,West,Technology,Smartphone,Corporate,Amit,19,325756.18,176294.51,149461.67,62500.98,86960.69,328147.73,-2391.55,26.7,1.88,INR
ORD-104751,27-02-2023,FY2023,Q1,February,West,Healthcare,Thermometer,Consumer,Rahul,5,7535.12,5322.19,2212.94,1176.23,1036.7,7258.94,276.18,13.76,9.3,INR
ORD-104431,27-02-2023,FY2023,Q1,February,West,Furniture,Conference Table,Consumer,Vikas,2,96741.7,53361.21,43380.49,12078.48,31302.01,98740.63,-1998.93,32.36,21.15,INR
ORD-102585,28-02-2023,FY2023,Q1,February,South,Technology,Laptop,Corporate,Sneha,10,462560.16,347239.78,115320.38,93040.96,22279.42,452928.82,9631.34,4.82,-6.5,INR
ORD-104985,28-02-2023,FY2023,Q1,February,Central,Office Supplies,Pen Set,Consumer,Vikas,15,214995.45,129587.53,85407.92,34334.48,51073.44,223044.02,-8048.57,23.76,-3.56,INR
ORD-100981,28-02-2023,FY2023,Q1,February,East,Furniture,Conference Table,Small Business,Priya,8,144225.36,102169.54,42055.82,28194.98,13860.84,154162.14,-9936.78,9.61,22.79,INR
ORD-103505,28-02-2023,FY2023,Q1,February,North,Consumer Goods,Headphones,Corporate,Neha,4,41140.46,22974.57,18165.89,6292.3,11873.59,43627.25,-2486.79,28.86,-1.91,INR
ORD-104357,01-03-2023,FY2023,Q1,March,East,Consumer Goods,Calculator,Consumer,Rahul,5,66341.79,43210.52,23131.28,6117.34,17013.94,71432.75,-5090.96,25.65,1.48,INR
ORD-102073,01-03-2023,FY2023,Q1,March,South,Consumer Goods,Travel Bag,Consumer,Priya,16,577703.67,354271.76,223431.92,123892.17,99539.75,594839.23,-17135.56,17.23,12.03,INR
ORD-101151,02-03-2023,FY2023,Q1,March,East,Office Supplies,File Folder,Consumer,Neha,15,525291.8,334961.15,190330.65,87081.75,103248.9,540267.75,-14975.95,19.66,7.24,INR
ORD-103359,02-03-2023,FY2023,Q1,March,West,Healthcare,Thermometer,Corporate,Vikas,4,148960.03,110047.11,38912.92,13610.51,25302.41,140253,8707.04,16.99,23.72,INR
ORD-103567,02-03-2023,FY2023,Q1,March,Central,Healthcare,Gloves,Consumer,Rahul,10,351891.94,189485.38,162406.56,54408.21,107998.35,321496.38,30395.56,30.69,3.91,INR
ORD-103288,02-03-2023,FY2023,Q1,March,North,Furniture,Cabinet,Consumer,Neha,2,13109.03,7785.19,5323.84,2183.07,3140.77,14601.25,-1492.22,23.96,-7.53,INR
ORD-101049,02-03-2023,FY2023,Q1,March,South,Technology,Monitor,Consumer,Rahul,12,477260.61,311312.95,165947.66,65493.25,100454.41,517121.82,-39861.21,21.05,7.81,INR
ORD-100629,02-03-2023,FY2023,Q1,March,East,Technology,Monitor,Consumer,Anjali,12,312633.1,225771.84,86861.26,61271.14,25590.12,308693.52,3939.58,8.19,-7.33,INR
ORD-101176,03-03-2023,FY2023,Q1,March,South,Healthcare,BP Monitor,Small Business,Rahul,7,213719.46,130772.03,82947.43,41988.91,40958.52,200402.27,13317.19,19.16,16.08,INR
ORD-103562,03-03-2023,FY2023,Q1,March,South,Technology,Tablet,Corporate,Vikas,11,340565.14,221167.53,119397.6,46459.57,72938.04,319907.44,20657.7,21.42,21.09,INR
ORD-100414,03-03-2023,FY2023,Q1,March,North,Technology,Tablet,Small Business,Anjali,13,46410.43,24823.86,21586.57,5973.89,15612.67,43127.67,3282.76,33.64,22.18,INR
ORD-100540,04-03-2023,FY2023,Q1,March,West,Furniture,Bookshelf,Consumer,Priya,20,531332.45,378812.91,152519.53,47774.9,104744.63,546569.89,-15237.45,19.71,22.48,INR
ORD-100890,04-03-2023,FY2023,Q1,March,East,Office Supplies,Stapler,Corporate,Priya,15,108195.34,78970.03,29225.31,9131.85,20093.46,110633.14,-2437.8,18.57,9.09,INR
ORD-103324,04-03-2023,FY2023,Q1,March,West,Consumer Goods,Calculator,Small Business,Priya,5,101164.48,67771.24,33393.24,21790.48,11602.76,97387.54,3776.94,11.47,15.16,INR
ORD-102626,05-03-2023,FY2023,Q1,March,North,Office Supplies,Stapler,Small Business,Priya,4,172180.46,115244.84,56935.61,34104.99,22830.62,187545.18,-15364.73,13.26,15.3,INR
ORD-104724,05-03-2023,FY2023,Q1,March,East,Consumer Goods,Water Bottle,Corporate,Vikas,16,15770.23,8441.47,7328.76,1657.44,5671.32,14943.01,827.22,35.96,9.9,INR
ORD-104251,05-03-2023,FY2023,Q1,March,East,Office Supplies,Stapler,Small Business,Priya,2,59600.09,40973.96,18626.14,8431.96,10194.18,58207.3,1392.8,17.1,0.43,INR
ORD-104721,06-03-2023,FY2023,Q1,March,East,Healthcare,Thermometer,Corporate,Priya,20,422810.22,324458.96,98351.26,88946.98,9404.28,467512.54,-44702.32,2.22,0.91,INR
ORD-101858,06-03-2023,FY2023,Q1,March,West,Consumer Goods,Headphones,Small Business,Rahul,1,5144.53,3320.68,1823.85,865.69,958.16,4740.65,403.88,18.62,-6.9,INR
ORD-100076,06-03-2023,FY2023,Q1,March,South,Healthcare,Thermometer,Consumer,Amit,9,367128.39,273070.16,94058.23,49012.15,45046.08,333761.02,33367.37,12.27,3.37,INR
ORD-103126,06-03-2023,FY2023,Q1,March,North,Healthcare,First Aid Box,Corporate,Sneha,15,74747.09,50134.66,24612.43,9173.37,15439.06,80943.46,-6196.36,20.66,7.47,INR
ORD-102227,07-03-2023,FY2023,Q1,March,East,Consumer Goods,Backpack,Corporate,Anjali,14,235150.2,132325.77,102824.43,39745.62,63078.81,238846.19,-3695.99,26.82,15.8,INR
ORD-101474,07-03-2023,FY2023,Q1,March,East,Technology,Smartphone,Small Business,Rohit,18,533054.22,286898.38,246155.84,64571.37,181584.47,546121.04,-13066.82,34.06,-0.19,INR
ORD-104814,08-03-2023,FY2023,Q1,March,South,Furniture,Cabinet,Consumer,Rohit,3,144809.61,85590.56,59219.05,13089.58,46129.48,138014.19,6795.43,31.86,21.88,INR
ORD-100690,08-03-2023,FY2023,Q1,March,North,Office Supplies,Notebook,Consumer,Priya,16,194286.89,142697.92,51588.97,34564.66,17024.31,214781.27,-20494.38,8.76,24.87,INR
ORD-101707,08-03-2023,FY2023,Q1,March,South,Furniture,Cabinet,Corporate,Neha,18,558223.82,418742.54,139481.28,50930.69,88550.59,618442.69,-60218.87,15.86,4.09,INR
ORD-102394,09-03-2023,FY2023,Q1,March,West,Consumer Goods,Calculator,Small Business,Rahul,18,868702.69,528896.81,339805.87,73603.02,266202.86,924822.24,-56119.55,30.64,15.85,INR
ORD-102590,09-03-2023,FY2023,Q1,March,East,Consumer Goods,Water Bottle,Corporate,Neha,12,356843.28,192512.62,164330.66,74988.32,89342.34,379119.77,-22276.49,25.04,10.31,INR
ORD-103635,09-03-2023,FY2023,Q1,March,South,Office Supplies,Paper Pack,Small Business,Neha,15,563550.99,354748.13,208802.86,110933.58,97869.28,593043.9,-29492.91,17.37,-2.44,INR
ORD-101038,10-03-2023,FY2023,Q1,March,West,Consumer Goods,Backpack,Small Business,Priya,12,530681.78,320043.02,210638.76,59120.16,151518.6,521123.68,9558.1,28.55,3.65,INR
ORD-100612,10-03-2023,FY2023,Q1,March,South,Office Supplies,Notebook,Corporate,Neha,19,552233.13,321821.8,230411.33,120535.96,109875.37,525698.54,26534.59,19.9,-4.45,INR
ORD-103352,10-03-2023,FY2023,Q1,March,North,Furniture,Conference Table,Corporate,Amit,11,315602.4,179619.05,135983.35,35770.13,100213.22,326156.3,-10553.9,31.75,20.55,INR
ORD-100829,10-03-2023,FY2023,Q1,March,West,Furniture,Office Chair,Consumer,Rohit,19,690248.5,434638.57,255609.93,136074.26,119535.68,651522.81,38725.69,17.32,21.42,INR
ORD-103282,10-03-2023,FY2023,Q1,March,South,Technology,Laptop,Consumer,Priya,2,42468.57,29291.37,13177.2,3699.61,9477.58,47490.11,-5021.54,22.32,4.75,INR
ORD-103993,11-03-2023,FY2023,Q1,March,West,Technology,Smartphone,Consumer,Priya,6,232784.32,178292.06,54492.26,25378.74,29113.52,252335.97,-19551.66,12.51,6.12,INR
ORD-104540,12-03-2023,FY2023,Q1,March,East,Office Supplies,Pen Set,Consumer,Neha,5,5475.1,2963.67,2511.42,979,1532.43,5840.96,-365.87,27.99,14.36,INR
ORD-103446,12-03-2023,FY2023,Q1,March,North,Healthcare,Thermometer,Corporate,Sneha,9,449472.68,311484.18,137988.51,68283.81,69704.69,485362.15,-35889.47,15.51,16.45,INR
ORD-104060,13-03-2023,FY2023,Q1,March,Central,Technology,Tablet,Consumer,Amit,15,535208.91,310964.96,224243.96,90985.98,133257.98,560721.58,-25512.67,24.9,5.98,INR
ORD-104422,13-03-2023,FY2023,Q1,March,North,Technology,Printer,Corporate,Neha,13,408556.23,217868.25,190687.97,42695.84,147992.14,455593.57,-47037.34,36.22,7.57,INR
ORD-104221,13-03-2023,FY2023,Q1,March,North,Office Supplies,Stapler,Consumer,Neha,15,107773.14,63588.26,44184.88,18029.82,26155.07,99883.89,7889.25,24.27,8.29,INR
ORD-103894,13-03-2023,FY2023,Q1,March,South,Office Supplies,Pen Set,Small Business,Anjali,18,822647.45,549337.98,273309.47,161186.64,112122.83,881843,-59195.55,13.63,14.59,INR
ORD-103828,13-03-2023,FY2023,Q1,March,North,Furniture,Office Chair,Small Business,Rahul,7,262867.37,161049.86,101817.51,49677.21,52140.3,257449.14,5418.23,19.84,20.29,INR
ORD-101343,13-03-2023,FY2023,Q1,March,West,Office Supplies,Notebook,Consumer,Amit,11,146791.06,76579.66,70211.4,30626.46,39584.93,136805.67,9985.39,26.97,18.51,INR
ORD-104824,14-03-2023,FY2023,Q1,March,North,Furniture,Office Chair,Consumer,Vikas,19,399091.24,221808.24,177283,72707.11,104575.89,372284.21,26807.03,26.2,12.03,INR
ORD-101045,14-03-2023,FY2023,Q1,March,North,Healthcare,BP Monitor,Consumer,Sneha,14,80779.42,55735.07,25044.34,16893.51,8150.84,75179.61,5599.81,10.09,-5.67,INR
ORD-103267,14-03-2023,FY2023,Q1,March,West,Office Supplies,Paper Pack,Corporate,Neha,9,371093.84,253574.84,117519,79983.28,37535.72,393492.11,-22398.28,10.11,23.22,INR
ORD-103225,14-03-2023,FY2023,Q1,March,Central,Technology,Smartphone,Consumer,Rahul,17,636986.65,490462.75,146523.9,84248.07,62275.83,595263.63,41723.03,9.78,20.43,INR
ORD-102533,14-03-2023,FY2023,Q1,March,South,Office Supplies,Pen Set,Corporate,Anjali,9,48622.47,28181.89,20440.58,8170.7,12269.88,46853.8,1768.67,25.23,15.11,INR
ORD-103117,14-03-2023,FY2023,Q1,March,East,Furniture,Bookshelf,Consumer,Amit,19,238479,146539.84,91939.17,51398.25,40540.92,241855.81,-3376.8,17,11.8,INR
ORD-101776,14-03-2023,FY2023,Q1,March,Central,Technology,Laptop,Small Business,Rohit,7,135981.2,102697.23,33283.97,11643.78,21640.19,138306.46,-2325.26,15.91,17.95,INR
ORD-101693,14-03-2023,FY2023,Q1,March,Central,Technology,Monitor,Consumer,Anjali,19,549332.35,356133.86,193198.49,85130.76,108067.73,503951.49,45380.86,19.67,5.43,INR
ORD-103639,15-03-2023,FY2023,Q1,March,East,Technology,Laptop,Corporate,Vikas,14,675706.76,388418.69,287288.07,143605.46,143682.61,748125.42,-72418.66,21.26,22.45,INR
ORD-102973,15-03-2023,FY2023,Q1,March,South,Healthcare,Thermometer,Corporate,Amit,6,116540.36,64443.11,52097.26,17527.97,34569.29,120681.59,-4141.23,29.66,22.47,INR
ORD-102564,16-03-2023,FY2023,Q1,March,Central,Technology,Laptop,Consumer,Vikas,16,700346.1,443429.17,256916.93,73618.47,183298.46,647481.57,52864.53,26.17,10.72,INR
ORD-100996,16-03-2023,FY2023,Q1,March,South,Healthcare,Medical Kit,Corporate,Neha,1,34890.5,22078.1,12812.4,6376.09,6436.31,34353.4,537.1,18.45,13.95,INR
ORD-102102,16-03-2023,FY2023,Q1,March,North,Consumer Goods,Water Bottle,Small Business,Sneha,19,870765.48,593993.43,276772.05,116923.76,159848.3,872001.43,-1235.95,18.36,13.97,INR
ORD-100722,16-03-2023,FY2023,Q1,March,West,Technology,Tablet,Corporate,Priya,6,280171.3,203968.27,76203.03,49338.19,26864.84,303126.39,-22955.09,9.59,18.83,INR
ORD-100587,16-03-2023,FY2023,Q1,March,West,Office Supplies,Notebook,Small Business,Sneha,7,6694.59,4090.57,2604.02,1068.02,1535.99,6389.99,304.6,22.94,23.47,INR
ORD-100875,16-03-2023,FY2023,Q1,March,Central,Consumer Goods,Backpack,Consumer,Vikas,14,233226.75,144127.57,89099.18,21343.47,67755.71,239671.15,-6444.4,29.05,20.98,INR
ORD-104240,17-03-2023,FY2023,Q1,March,East,Furniture,Office Chair,Corporate,Rahul,19,764113.9,503717.44,260396.45,150982.43,109414.02,736179.33,27934.56,14.32,7.5,INR
ORD-104164,17-03-2023,FY2023,Q1,March,West,Technology,Printer,Consumer,Anjali,12,537744.05,338154.51,199589.53,66138.31,133451.23,493352.09,44391.96,24.82,3.68,INR
ORD-104215,17-03-2023,FY2023,Q1,March,East,Healthcare,Medical Kit,Consumer,Sneha,7,191209.59,111631.82,79577.77,19740.3,59837.47,191857.02,-647.43,31.29,20.83,INR
ORD-100423,17-03-2023,FY2023,Q1,March,West,Technology,Printer,Small Business,Rahul,20,48889.22,25518.61,23370.61,8505.83,14864.78,50253.72,-1364.5,30.41,-0.74,INR
ORD-104695,17-03-2023,FY2023,Q1,March,North,Technology,Smartphone,Consumer,Priya,6,196813.52,149041.23,47772.29,32971.2,14801.09,186895.84,9917.68,7.52,19.43,INR
ORD-103383,17-03-2023,FY2023,Q1,March,West,Furniture,Cabinet,Corporate,Vikas,10,471917.26,286392.9,185524.36,95617.87,89906.48,487542.21,-15624.95,19.05,19.79,INR
ORD-102435,17-03-2023,FY2023,Q1,March,South,Consumer Goods,Backpack,Small Business,Anjali,7,147141.42,95995,51146.42,21838.12,29308.31,148393.21,-1251.79,19.92,0.17,INR
ORD-102584,18-03-2023,FY2023,Q1,March,Central,Furniture,Office Chair,Consumer,Neha,1,16794.3,12576.27,4218.03,3278.9,939.13,16950,-155.71,5.59,19.73,INR
ORD-103597,18-03-2023,FY2023,Q1,March,North,Technology,Monitor,Consumer,Neha,15,703000.91,427342.42,275658.49,94009.5,181648.99,681652.96,21347.95,25.84,13.03,INR
ORD-100775,19-03-2023,FY2023,Q1,March,South,Technology,Monitor,Consumer,Neha,7,19940.55,13051.65,6888.9,2603.8,4285.1,19406.03,534.52,21.49,4.16,INR
ORD-104881,19-03-2023,FY2023,Q1,March,East,Healthcare,First Aid Box,Corporate,Anjali,10,244207.43,129067.58,115139.86,47111.3,68028.56,237658.51,6548.92,27.86,17.47,INR
ORD-103133,19-03-2023,FY2023,Q1,March,South,Consumer Goods,Calculator,Consumer,Rohit,3,41493.5,24296.93,17196.56,8691.15,8505.42,45639.56,-4146.06,20.5,6.12,INR
ORD-100666,19-03-2023,FY2023,Q1,March,South,Furniture,Desk,Small Business,Rahul,1,31499.71,20300.26,11199.45,4943.37,6256.08,34509.43,-3009.72,19.86,8.32,INR
ORD-102100,19-03-2023,FY2023,Q1,March,West,Technology,Laptop,Consumer,Priya,2,70692.87,43678.12,27014.75,10610.37,16404.38,75272.31,-4579.44,23.21,4.7,INR
ORD-104513,20-03-2023,FY2023,Q1,March,North,Office Supplies,Pen Set,Consumer,Priya,6,25119.81,17195.93,7923.89,3081.47,4842.42,24860.1,259.72,19.28,10.36,INR
ORD-102217,20-03-2023,FY2023,Q1,March,Central,Furniture,Bookshelf,Consumer,Anjali,12,442918.67,287511.84,155406.83,52053.31,103353.53,470575.45,-27656.78,23.33,16.91,INR
ORD-101905,20-03-2023,FY2023,Q1,March,West,Furniture,Conference Table,Consumer,Amit,4,57347.93,34983.6,22364.34,8207.01,14157.33,53280.57,4067.36,24.69,5.64,INR
ORD-101285,20-03-2023,FY2023,Q1,March,West,Technology,Smartphone,Small Business,Anjali,2,91616.4,53792.29,37824.11,19616.67,18207.44,88043.01,3573.39,19.87,-4.09,INR
ORD-104936,20-03-2023,FY2023,Q1,March,North,Furniture,Bookshelf,Consumer,Sneha,7,164672.92,107842.24,56830.68,32723.12,24107.56,150066.44,14606.48,14.64,-3.49,INR
ORD-104807,20-03-2023,FY2023,Q1,March,Central,Office Supplies,Notebook,Consumer,Rohit,5,135038.17,100719.05,34319.12,17804.37,16514.75,149542.87,-14504.7,12.23,6.06,INR
ORD-100490,21-03-2023,FY2023,Q1,March,West,Consumer Goods,Backpack,Corporate,Rahul,10,273272.57,196570.86,76701.71,40320.01,36381.7,271767.25,1505.32,13.31,-0.4,INR
ORD-100604,22-03-2023,FY2023,Q1,March,Central,Office Supplies,Stapler,Corporate,Amit,12,117682.19,86165.82,31516.37,19950.54,11565.83,118191.59,-509.41,9.83,11.17,INR
ORD-101235,23-03-2023,FY2023,Q1,March,Central,Technology,Monitor,Corporate,Rohit,17,239220.32,143299.53,95920.78,37674.92,58245.87,225461.04,13759.28,24.35,18.42,INR
ORD-100962,23-03-2023,FY2023,Q1,March,Central,Office Supplies,File Folder,Corporate,Vikas,10,427315.38,245294.2,182021.19,71372.32,110648.87,455089.28,-27773.89,25.89,16.9,INR
ORD-103493,23-03-2023,FY2023,Q1,March,Central,Furniture,Desk,Consumer,Vikas,20,487009.83,360916.6,126093.23,85273.76,40819.47,544806.07,-57796.25,8.38,9.03,INR
ORD-102651,23-03-2023,FY2023,Q1,March,South,Healthcare,First Aid Box,Small Business,Rahul,12,528936.46,369878.79,159057.67,91707.59,67350.08,508214.33,20722.13,12.73,7.74,INR
ORD-103932,24-03-2023,FY2023,Q1,March,East,Technology,Tablet,Consumer,Priya,10,43904.41,31644.94,12259.47,5804.97,6454.5,45426.56,-1522.15,14.7,-7.98,INR
ORD-103253,24-03-2023,FY2023,Q1,March,West,Consumer Goods,Calculator,Small Business,Sneha,16,447589.33,252420.92,195168.4,46643.58,148524.82,493549.96,-45960.64,33.18,5.56,INR
ORD-104412,24-03-2023,FY2023,Q1,March,Central,Healthcare,Gloves,Corporate,Vikas,15,160543.42,106671.51,53871.9,21116.7,32755.2,167252.66,-6709.24,20.4,9.84,INR
ORD-102707,24-03-2023,FY2023,Q1,March,West,Furniture,Cabinet,Corporate,Amit,16,104858.64,80680.24,24178.4,22066.54,2111.86,113326.17,-8467.52,2.01,21.74,INR
ORD-100557,24-03-2023,FY2023,Q1,March,East,Furniture,Conference Table,Consumer,Vikas,2,37682.4,24820.2,12862.2,5711.84,7150.36,35954.15,1728.26,18.98,5.2,INR
ORD-101826,24-03-2023,FY2023,Q1,March,South,Consumer Goods,Travel Bag,Consumer,Priya,3,118885.9,67945.39,50940.51,19143.83,31796.68,111416.59,7469.31,26.75,-4.85,INR
ORD-102366,24-03-2023,FY2023,Q1,March,East,Consumer Goods,Calculator,Small Business,Anjali,16,601238.62,381066.1,220172.51,105379.9,114792.61,664035.72,-62797.1,19.09,13.81,INR
ORD-103032,25-03-2023,FY2023,Q1,March,East,Consumer Goods,Travel Bag,Consumer,Vikas,7,276207.92,187552.64,88655.28,51818.65,36836.64,305298.83,-29090.91,13.34,22.16,INR
ORD-101305,25-03-2023,FY2023,Q1,March,Central,Office Supplies,Pen Set,Small Business,Vikas,11,341308.17,188482.89,152825.28,37952.87,114872.41,347031.99,-5723.82,33.66,-6.81,INR
ORD-104720,26-03-2023,FY2023,Q1,March,South,Office Supplies,Stapler,Consumer,Vikas,17,529896.19,343423.45,186472.74,73581.64,112891.1,568668.93,-38772.73,21.3,24.76,INR
ORD-104718,26-03-2023,FY2023,Q1,March,East,Office Supplies,File Folder,Consumer,Rohit,6,242018.18,185740.98,56277.2,32810.26,23466.94,246362.75,-4344.57,9.7,8.79,INR
ORD-101584,26-03-2023,FY2023,Q1,March,North,Technology,Tablet,Corporate,Priya,6,116955.16,85017.03,31938.13,25599.28,6338.85,130227.73,-13272.57,5.42,6.59,INR
ORD-100684,27-03-2023,FY2023,Q1,March,West,Office Supplies,Pen Set,Consumer,Vikas,6,93376.12,53600.6,39775.52,20299.18,19476.34,99895.29,-6519.17,20.86,21.81,INR
ORD-101535,27-03-2023,FY2023,Q1,March,East,Office Supplies,File Folder,Consumer,Rohit,6,168137.43,126705.31,41432.11,29207.72,12224.39,162211.13,5926.3,7.27,20.94,INR
ORD-102969,27-03-2023,FY2023,Q1,March,East,Consumer Goods,Headphones,Corporate,Sneha,18,290839.19,202362.47,88476.73,58966.8,29509.93,288738.43,2100.76,10.15,5.24,INR
ORD-103972,28-03-2023,FY2023,Q1,March,North,Technology,Printer,Consumer,Priya,3,17295.46,9178.06,8117.4,2173.48,5943.92,19173.14,-1877.68,34.37,13.01,INR
ORD-101404,28-03-2023,FY2023,Q1,March,South,Technology,Tablet,Consumer,Priya,1,17802.81,10956.59,6846.23,2185.1,4661.12,19433.1,-1630.29,26.18,13.79,INR
ORD-103381,28-03-2023,FY2023,Q1,March,South,Office Supplies,Notebook,Consumer,Sneha,2,86939.49,63434.47,23505.02,8031.6,15473.43,91013.83,-4074.34,17.8,11.69,INR
ORD-100931,28-03-2023,FY2023,Q1,March,North,Office Supplies,Pen Set,Corporate,Priya,9,92753.36,51120.18,41633.18,16229.32,25403.86,102529.84,-9776.48,27.39,-5.17,INR
ORD-101916,28-03-2023,FY2023,Q1,March,East,Furniture,Desk,Corporate,Rohit,8,94020,65336.85,28683.14,14018.44,14664.7,91542.37,2477.62,15.6,10.16,INR
ORD-101912,28-03-2023,FY2023,Q1,March,East,Furniture,Bookshelf,Consumer,Anjali,3,17729.18,10447.94,7281.25,1933.35,5347.9,17697.44,31.74,30.16,21.07,INR
ORD-100007,29-03-2023,FY2023,Q1,March,West,Healthcare,First Aid Box,Small Business,Rahul,19,559901.56,303979.99,255921.57,53658.05,202263.52,539209.14,20692.42,36.12,-3,INR
ORD-102001,29-03-2023,FY2023,Q1,March,South,Office Supplies,Stapler,Corporate,Rahul,9,123985.19,74125.58,49859.61,19154.14,30705.47,124273.75,-288.56,24.77,-6.78,INR
ORD-103712,29-03-2023,FY2023,Q1,March,East,Furniture,Bookshelf,Small Business,Rohit,10,34211.27,22466.32,11744.95,3735.63,8009.32,38185.29,-3974.02,23.41,14.76,INR
ORD-103331,29-03-2023,FY2023,Q1,March,West,Technology,Monitor,Small Business,Rahul,14,444834.37,255875.84,188958.52,82994.67,105963.85,422772.39,22061.98,23.82,1.74,INR
ORD-104832,30-03-2023,FY2023,Q1,March,North,Technology,Printer,Small Business,Anjali,7,226619.44,156738.46,69880.98,45758.49,24122.49,231856.1,-5236.66,10.64,6.49,INR
ORD-100780,30-03-2023,FY2023,Q1,March,East,Office Supplies,Paper Pack,Consumer,Anjali,15,285834.74,149256.06,136578.68,49515.11,87063.57,286806.25,-971.51,30.46,-1.73,INR
ORD-102388,30-03-2023,FY2023,Q1,March,West,Healthcare,Medical Kit,Consumer,Amit,20,635904.43,481819.13,154085.3,117289.18,36796.12,609302.93,26601.5,5.79,20.63,INR
ORD-100508,31-03-2023,FY2023,Q1,March,South,Furniture,Cabinet,Small Business,Amit,20,728388.74,547189.34,181199.4,127018.32,54181.08,762499.82,-34111.08,7.44,0.86,INR
ORD-104235,31-03-2023,FY2023,Q1,March,North,Healthcare,Medical Kit,Corporate,Rohit,19,930391.67,556423.26,373968.41,190530.46,183437.95,932547.25,-2155.58,19.72,15.12,INR
ORD-101372,31-03-2023,FY2023,Q1,March,South,Technology,Laptop,Small Business,Sneha,16,269592.64,204168.22,65424.42,58723.93,6700.49,295715.96,-26123.32,2.49,23.43,INR
ORD-103686,31-03-2023,FY2023,Q1,March,East,Office Supplies,Notebook,Small Business,Vikas,12,547523.27,348302.81,199220.46,118411.49,80808.97,608416.99,-60893.72,14.76,9.24,INR
ORD-101627,31-03-2023,FY2023,Q1,March,North,Consumer Goods,Headphones,Consumer,Anjali,16,458608.38,283373.97,175234.41,79450.07,95784.34,480520,-21911.63,20.89,16.84,INR
ORD-100387,31-03-2023,FY2023,Q1,March,Central,Technology,Monitor,Corporate,Anjali,20,429703.65,247807.05,181896.6,89658.16,92238.45,454317.43,-24613.78,21.47,5.15,INR
ORD-100744,31-03-2023,FY2023,Q1,March,East,Office Supplies,Stapler,Consumer,Priya,4,20515.59,13479.31,7036.28,4029.46,3006.82,19327.78,1187.81,14.66,3.51,INR
ORD-103997,01-04-2023,FY2023,Q2,April,East,Technology,Printer,Consumer,Neha,1,30564.73,23429.81,7134.92,5718.71,1416.21,30179.95,384.79,4.63,19.77,INR
ORD-100465,01-04-2023,FY2023,Q2,April,South,Office Supplies,File Folder,Corporate,Rahul,11,277788.8,188170.55,89618.24,49781.08,39837.17,265451.65,12337.15,14.34,24.33,INR
ORD-101214,02-04-2023,FY2023,Q2,April,North,Office Supplies,Paper Pack,Consumer,Anjali,15,397199.9,253003.95,144195.95,60849.86,83346.09,408711.14,-11511.24,20.98,17.66,INR
ORD-101804,02-04-2023,FY2023,Q2,April,East,Healthcare,Thermometer,Consumer,Priya,9,142113.88,87219,54894.88,24959.58,29935.3,137185.13,4928.75,21.06,-1.65,INR
ORD-100044,02-04-2023,FY2023,Q2,April,North,Furniture,Office Chair,Consumer,Vikas,9,265292.23,150769.1,114523.13,44890.28,69632.85,290358.08,-25065.85,26.25,3.97,INR
ORD-101359,02-04-2023,FY2023,Q2,April,South,Consumer Goods,Water Bottle,Consumer,Rohit,10,300968.84,173207.14,127761.7,38981.05,88780.65,302064.74,-1095.89,29.5,22.49,INR
ORD-103323,02-04-2023,FY2023,Q2,April,South,Healthcare,BP Monitor,Consumer,Sneha,17,532814.58,379429.04,153385.54,56561.58,96823.96,571139.71,-38325.13,18.17,-5.78,INR
ORD-101846,02-04-2023,FY2023,Q2,April,Central,Technology,Tablet,Corporate,Priya,11,459497.75,345841.94,113655.8,95997.11,17658.69,452538.32,6959.43,3.84,18.72,INR
ORD-100627,03-04-2023,FY2023,Q2,April,South,Furniture,Office Chair,Consumer,Anjali,18,480199.45,258790.24,221409.2,40485.17,180924.03,525108.51,-44909.06,37.68,-4.31,INR
ORD-102449,03-04-2023,FY2023,Q2,April,South,Consumer Goods,Headphones,Small Business,Neha,20,512798.44,278103.01,234695.44,65930.35,168765.09,512868.52,-70.07,32.91,9.53,INR
ORD-102968,03-04-2023,FY2023,Q2,April,Central,Furniture,Bookshelf,Corporate,Rohit,7,146171.21,111560.84,34610.37,18066.04,16544.34,140103.81,6067.4,11.32,22.31,INR
ORD-101423,03-04-2023,FY2023,Q2,April,West,Consumer Goods,Calculator,Consumer,Amit,7,35223.54,18594.59,16628.95,6938.7,9690.25,36217.72,-994.18,27.51,2.86,INR
ORD-103674,03-04-2023,FY2023,Q2,April,East,Technology,Laptop,Small Business,Priya,7,10600.31,6464.62,4135.69,1065.29,3070.4,9845.14,755.18,28.97,18.43,INR
ORD-103435,03-04-2023,FY2023,Q2,April,Central,Technology,Monitor,Consumer,Rohit,1,20421.13,15421.1,5000.03,2523.5,2476.53,20415.74,5.39,12.13,8.88,INR
ORD-100347,04-04-2023,FY2023,Q2,April,North,Furniture,Conference Table,Corporate,Priya,20,594764.52,318451.37,276313.15,104369.57,171943.58,624754.88,-29990.36,28.91,15.34,INR
ORD-100567,05-04-2023,FY2023,Q2,April,West,Consumer Goods,Travel Bag,Consumer,Amit,19,733183.97,541522.03,191661.94,58947.93,132714.02,737389.02,-4205.05,18.1,-2.68,INR
ORD-100621,05-04-2023,FY2023,Q2,April,Central,Furniture,Bookshelf,Corporate,Anjali,19,323700.77,173878.77,149822,56177.65,93644.35,341672.05,-17971.28,28.93,1.34,INR
ORD-100825,05-04-2023,FY2023,Q2,April,West,Technology,Smartphone,Consumer,Sneha,19,673650.39,360839.26,312811.13,92840.62,219970.51,646700.6,26949.78,32.65,24.91,INR
ORD-101787,05-04-2023,FY2023,Q2,April,Central,Consumer Goods,Water Bottle,Corporate,Anjali,15,575406.36,415371.43,160034.93,63989.16,96045.77,581450.52,-6044.16,16.69,9.4,INR
ORD-100944,06-04-2023,FY2023,Q2,April,West,Healthcare,BP Monitor,Small Business,Neha,15,241066.05,137763.4,103302.65,19501.33,83801.32,242405.11,-1339.07,34.76,-2.94,INR
ORD-103763,06-04-2023,FY2023,Q2,April,East,Healthcare,Medical Kit,Small Business,Rahul,20,526883.41,303962.5,222920.91,66325.52,156595.38,523874.33,3009.08,29.72,1.55,INR
ORD-103511,06-04-2023,FY2023,Q2,April,South,Technology,Monitor,Consumer,Anjali,15,651655.62,444189.31,207466.31,76377.15,131089.16,705406.57,-53750.95,20.12,21.72,INR
ORD-100407,06-04-2023,FY2023,Q2,April,West,Healthcare,Gloves,Consumer,Rahul,20,319273.31,216220.21,103053.11,33937.17,69115.93,342575.52,-23302.2,21.65,15.28,INR
ORD-100118,06-04-2023,FY2023,Q2,April,West,Office Supplies,Stapler,Consumer,Neha,20,879804.52,653100.41,226704.11,185833.24,40870.87,871595.96,8208.56,4.65,-2.99,INR
ORD-104981,07-04-2023,FY2023,Q2,April,North,Healthcare,First Aid Box,Small Business,Anjali,4,179101.62,131110.79,47990.82,33960.83,14029.99,182499.77,-3398.15,7.83,18.88,INR
ORD-103368,07-04-2023,FY2023,Q2,April,East,Technology,Tablet,Corporate,Amit,18,50366.57,36114.64,14251.93,4361.66,9890.26,46895.92,3470.64,19.64,22.59,INR
ORD-100593,08-04-2023,FY2023,Q2,April,West,Technology,Laptop,Corporate,Rohit,16,141832.63,82160.59,59672.04,26398.45,33273.59,142133.4,-300.78,23.46,-3.78,INR
ORD-102196,08-04-2023,FY2023,Q2,April,South,Technology,Laptop,Consumer,Priya,5,9930.6,5549.49,4381.11,1547.01,2834.1,9787.31,143.3,28.54,17.46,INR
ORD-101032,08-04-2023,FY2023,Q2,April,North,Office Supplies,File Folder,Consumer,Priya,3,51983.45,37066.9,14916.55,8688.82,6227.73,52482.25,-498.8,11.98,17.1,INR
ORD-103207,08-04-2023,FY2023,Q2,April,South,Consumer Goods,Water Bottle,Corporate,Amit,2,63703.11,43236.46,20466.65,8906.51,11560.14,59316.31,4386.8,18.15,5.15,INR
ORD-104189,09-04-2023,FY2023,Q2,April,South,Furniture,Conference Table,Consumer,Sneha,20,197075.92,148169.7,48906.22,38733.63,10172.59,191069.15,6006.77,5.16,3.5,INR
ORD-100098,09-04-2023,FY2023,Q2,April,South,Healthcare,Thermometer,Consumer,Neha,13,159471.55,87079.86,72391.69,29507.6,42884.08,159644.13,-172.58,26.89,18.47,INR
ORD-103018,09-04-2023,FY2023,Q2,April,Central,Technology,Monitor,Corporate,Rahul,7,6409.04,3699.25,2709.79,1350.73,1359.06,5825.66,583.37,21.21,1.26,INR
ORD-100206,09-04-2023,FY2023,Q2,April,North,Furniture,Bookshelf,Consumer,Neha,7,173456.4,91786.37,81670.02,18661.31,63008.71,171331.26,2125.14,36.33,9.67,INR
ORD-100247,09-04-2023,FY2023,Q2,April,South,Furniture,Cabinet,Small Business,Sneha,3,113599.02,69246.41,44352.61,23633.31,20719.3,107170.81,6428.21,18.24,12.11,INR
ORD-101453,10-04-2023,FY2023,Q2,April,West,Healthcare,Medical Kit,Corporate,Rahul,15,564202.24,321501.95,242700.29,54425.96,188274.32,554440.21,9762.03,33.37,5.63,INR
ORD-103229,10-04-2023,FY2023,Q2,April,South,Healthcare,Medical Kit,Corporate,Neha,11,419170.87,282372.64,136798.23,51208.02,85590.21,408708.85,10462.03,20.42,21.3,INR
ORD-101835,11-04-2023,FY2023,Q2,April,Central,Furniture,Cabinet,Consumer,Neha,13,395060.34,271024.23,124036.11,33791.48,90244.63,365928.52,29131.82,22.84,-3.96,INR
ORD-103757,11-04-2023,FY2023,Q2,April,East,Office Supplies,Notebook,Corporate,Sneha,1,1510.47,1141.01,369.45,222.2,147.26,1462.12,48.35,9.75,-7.07,INR
ORD-104747,11-04-2023,FY2023,Q2,April,East,Furniture,Desk,Small Business,Rohit,7,144424.14,96893.56,47530.58,22498.14,25032.44,145243.05,-818.91,17.33,-6.17,INR
ORD-101913,11-04-2023,FY2023,Q2,April,North,Healthcare,First Aid Box,Consumer,Rohit,17,224490.18,126692.39,97797.8,28240.34,69557.46,218133.02,6357.16,30.98,10.1,INR
ORD-101351,12-04-2023,FY2023,Q2,April,East,Healthcare,Gloves,Consumer,Vikas,15,95678.41,66792.97,28885.44,16532.61,12352.83,87588.01,8090.4,12.91,15.74,INR
ORD-101576,12-04-2023,FY2023,Q2,April,Central,Consumer Goods,Backpack,Corporate,Vikas,11,256065.51,199253.86,56811.65,38492.21,18319.44,281339.75,-25274.24,7.15,19.34,INR
ORD-101057,12-04-2023,FY2023,Q2,April,Central,Consumer Goods,Travel Bag,Corporate,Anjali,4,149691.69,92138.45,57553.24,12499.7,45053.54,145078.14,4613.55,30.1,13.74,INR
ORD-104123,13-04-2023,FY2023,Q2,April,Central,Technology,Monitor,Small Business,Sneha,18,243364.56,174756.69,68607.87,22100.14,46507.74,271677.07,-28312.51,19.11,-4.56,INR
ORD-100589,13-04-2023,FY2023,Q2,April,Central,Technology,Tablet,Consumer,Vikas,17,100658.97,69271.79,31387.18,18543.05,12844.13,91954.43,8704.54,12.76,-2.42,INR
ORD-102487,13-04-2023,FY2023,Q2,April,East,Consumer Goods,Travel Bag,Small Business,Amit,17,514108.86,337026.69,177082.18,92033.49,85048.68,472167.18,41941.68,16.54,3.96,INR
ORD-103596,14-04-2023,FY2023,Q2,April,South,Consumer Goods,Water Bottle,Consumer,Vikas,5,131097.55,88152.69,42944.86,11745.85,31199.01,133280.4,-2182.85,23.8,-3.38,INR
ORD-102850,14-04-2023,FY2023,Q2,April,East,Healthcare,BP Monitor,Consumer,Neha,4,29496.7,21023.13,8473.57,3713.69,4759.88,28209.92,1286.79,16.14,5.36,INR
ORD-102616,14-04-2023,FY2023,Q2,April,South,Office Supplies,Paper Pack,Corporate,Neha,6,218307.01,115911.78,102395.23,18717.62,83677.61,212765.88,5541.14,38.33,8.31,INR
ORD-103107,14-04-2023,FY2023,Q2,April,South,Technology,Printer,Consumer,Neha,13,71691.93,51431.41,20260.53,7650.24,12610.29,73352.38,-1660.44,17.59,3.86,INR
ORD-100203,14-04-2023,FY2023,Q2,April,North,Healthcare,BP Monitor,Consumer,Amit,8,124134.23,66379.62,57754.61,24533.99,33220.62,117070.78,7063.45,26.76,18.09,INR
ORD-103919,14-04-2023,FY2023,Q2,April,South,Consumer Goods,Headphones,Small Business,Rohit,13,122581.55,85911.58,36669.97,16879.49,19790.48,115956.72,6624.83,16.14,0,INR
ORD-100795,14-04-2023,FY2023,Q2,April,South,Technology,Tablet,Corporate,Neha,8,150758.16,106471.55,44286.61,15676.8,28609.81,156095.87,-5337.71,18.98,16.21,INR
ORD-103966,15-04-2023,FY2023,Q2,April,South,Office Supplies,Notebook,Corporate,Vikas,18,853291.05,518171.61,335119.43,137040.89,198078.54,896449.56,-43158.52,23.21,-7.19,INR
ORD-103009,15-04-2023,FY2023,Q2,April,Central,Technology,Laptop,Consumer,Neha,1,35427.19,21962.42,13464.77,3933.03,9531.74,38254.92,-2827.73,26.91,1.04,INR
ORD-102507,15-04-2023,FY2023,Q2,April,West,Technology,Monitor,Consumer,Neha,16,84950.52,62975.66,21974.86,16812.88,5161.98,90710.2,-5759.69,6.08,-1.14,INR
ORD-101886,15-04-2023,FY2023,Q2,April,Central,Consumer Goods,Backpack,Consumer,Amit,20,400189.54,244604.94,155584.6,86690.37,68894.23,427961.08,-27771.54,17.22,-6.89,INR
ORD-100544,15-04-2023,FY2023,Q2,April,East,Healthcare,Thermometer,Small Business,Rahul,3,137853.98,106948.98,30905,22458.46,8446.54,137219.54,634.44,6.13,20.42,INR
ORD-103772,16-04-2023,FY2023,Q2,April,Central,Technology,Monitor,Small Business,Vikas,4,125282.59,73739.11,51543.48,12379.44,39164.04,126659.03,-1376.44,31.26,-1.41,INR
ORD-101622,16-04-2023,FY2023,Q2,April,West,Consumer Goods,Calculator,Corporate,Anjali,16,241214.27,137947.48,103266.8,43959.96,59306.84,244438.17,-3223.89,24.59,0.67,INR
ORD-101376,16-04-2023,FY2023,Q2,April,South,Office Supplies,Stapler,Small Business,Rohit,3,18806.8,10422.23,8384.56,2075.56,6309,20571.92,-1765.13,33.55,-0.47,INR
ORD-103782,16-04-2023,FY2023,Q2,April,East,Office Supplies,Paper Pack,Consumer,Vikas,20,612428.6,418222.78,194205.82,121641.87,72563.95,681821.46,-69392.86,11.85,15.15,INR
ORD-104988,16-04-2023,FY2023,Q2,April,South,Furniture,Cabinet,Corporate,Rohit,9,299580.75,207693.7,91887.05,61393.62,30493.43,310804.66,-11223.91,10.18,-7.71,INR
ORD-100650,17-04-2023,FY2023,Q2,April,South,Technology,Laptop,Consumer,Rohit,9,161603.26,84933.38,76669.88,31344.24,45325.64,149905.53,11697.73,28.05,21.51,INR
ORD-103895,17-04-2023,FY2023,Q2,April,North,Furniture,Bookshelf,Small Business,Rahul,20,770981.42,556781.85,214199.57,168308.73,45890.84,750590.25,20391.17,5.95,-4.16,INR
ORD-104560,18-04-2023,FY2023,Q2,April,East,Furniture,Cabinet,Consumer,Rohit,1,34555.15,23895.86,10659.29,4115.24,6544.05,36363.97,-1808.82,18.94,14.03,INR
ORD-102013,18-04-2023,FY2023,Q2,April,Central,Furniture,Desk,Consumer,Amit,9,326328.87,192927.12,133401.75,29572.87,103828.88,311225.89,15102.98,31.82,15.83,INR
ORD-104022,18-04-2023,FY2023,Q2,April,Central,Office Supplies,Stapler,Corporate,Neha,1,16762.51,10123.79,6638.71,1696.05,4942.67,16354.91,407.6,29.49,18.59,INR
ORD-101055,18-04-2023,FY2023,Q2,April,North,Technology,Monitor,Small Business,Priya,10,286799.11,153850.38,132948.73,38931.51,94017.22,300989.71,-14190.6,32.78,15.01,INR
ORD-103123,19-04-2023,FY2023,Q2,April,South,Consumer Goods,Headphones,Small Business,Priya,11,89674.75,55943.26,33731.48,7359.05,26372.43,84598.4,5076.35,29.41,11.38,INR
ORD-100692,19-04-2023,FY2023,Q2,April,East,Technology,Smartphone,Consumer,Anjali,13,19114.9,11622.64,7492.25,3571.94,3920.31,17858.7,1256.2,20.51,-0.24,INR
ORD-100438,19-04-2023,FY2023,Q2,April,North,Consumer Goods,Travel Bag,Consumer,Rohit,14,67554.38,39051.56,28502.82,9701.39,18801.43,67909.95,-355.57,27.83,23.99,INR
ORD-102588,19-04-2023,FY2023,Q2,April,Central,Healthcare,First Aid Box,Consumer,Anjali,7,8665.9,5926.38,2739.52,1522.68,1216.83,8463.05,202.84,14.04,-1.18,INR
ORD-103854,19-04-2023,FY2023,Q2,April,West,Office Supplies,File Folder,Consumer,Priya,19,742846.2,428723.14,314123.05,74860.52,239262.53,825943.91,-83097.72,32.21,18.57,INR
ORD-103374,19-04-2023,FY2023,Q2,April,Central,Furniture,Desk,Consumer,Rohit,9,27562.37,17466.58,10095.79,4348.53,5747.26,30288.06,-2725.69,20.85,20.26,INR
ORD-104742,19-04-2023,FY2023,Q2,April,North,Furniture,Bookshelf,Small Business,Rahul,20,773318.89,471697.41,301621.48,168720.25,132901.22,758490.29,14828.59,17.19,3.56,INR
ORD-104401,19-04-2023,FY2023,Q2,April,East,Office Supplies,Notebook,Consumer,Anjali,15,521745.85,326902.69,194843.16,67352.14,127491.02,555303.4,-33557.55,24.44,13.51,INR
ORD-103745,20-04-2023,FY2023,Q2,April,East,Consumer Goods,Water Bottle,Consumer,Rohit,10,418072.94,236136.92,181936.02,65077.78,116858.24,446394.08,-28321.14,27.95,-0.58,INR
ORD-100695,21-04-2023,FY2023,Q2,April,South,Technology,Tablet,Corporate,Rohit,6,219705.52,149206.66,70498.86,26654.29,43844.57,244872.03,-25166.52,19.96,21.36,INR
ORD-102837,21-04-2023,FY2023,Q2,April,East,Healthcare,Thermometer,Corporate,Rahul,18,808378.92,589471.62,218907.29,153608.01,65299.28,860440.57,-52061.65,8.08,15.12,INR
ORD-100693,21-04-2023,FY2023,Q2,April,West,Consumer Goods,Calculator,Consumer,Rahul,4,143800.05,75217.85,68582.2,12856.66,55725.54,155444.47,-11644.42,38.75,0.82,INR
ORD-100618,21-04-2023,FY2023,Q2,April,South,Healthcare,First Aid Box,Consumer,Priya,20,812542.31,531700.14,280842.17,134935.25,145906.92,801769.85,10772.46,17.96,-4.87,INR
ORD-104863,21-04-2023,FY2023,Q2,April,South,Technology,Smartphone,Corporate,Neha,13,192387.67,113396.58,78991.1,17197.97,61793.13,205264.33,-12876.66,32.12,9.81,INR
ORD-101386,21-04-2023,FY2023,Q2,April,Central,Furniture,Bookshelf,Consumer,Rohit,4,126729.5,87417.65,39311.85,27331.2,11980.65,121764.09,4965.41,9.45,-5.94,INR
ORD-104039,21-04-2023,FY2023,Q2,April,East,Healthcare,First Aid Box,Consumer,Amit,1,41774.23,27307.47,14466.76,4316.69,10150.08,40583,1191.23,24.3,19.45,INR
ORD-104450,21-04-2023,FY2023,Q2,April,West,Consumer Goods,Backpack,Consumer,Priya,3,135170.67,96518.52,38652.15,11893.42,26758.72,130782.31,4388.35,19.8,4.38,INR
ORD-104657,21-04-2023,FY2023,Q2,April,North,Office Supplies,Stapler,Small Business,Sneha,11,258196.97,147963.34,110233.62,40875.13,69358.49,276358.43,-18161.46,26.86,15.77,INR
ORD-102717,21-04-2023,FY2023,Q2,April,Central,Healthcare,First Aid Box,Consumer,Priya,19,70668.67,40711.27,29957.41,5883.05,24074.35,78841.17,-8172.5,34.07,4.99,INR
ORD-102027,22-04-2023,FY2023,Q2,April,East,Office Supplies,Pen Set,Small Business,Rohit,8,355637.68,215427.16,140210.52,43886.96,96323.56,341775.36,13862.32,27.08,-3.55,INR
ORD-104745,22-04-2023,FY2023,Q2,April,East,Office Supplies,Stapler,Corporate,Amit,7,134777.3,97359.13,37418.18,26112.94,11305.24,128895.72,5881.58,8.39,4.2,INR
ORD-103037,22-04-2023,FY2023,Q2,April,East,Consumer Goods,Backpack,Corporate,Neha,15,452594.43,318412.26,134182.17,60457.32,73724.85,504912.59,-52318.16,16.29,4.15,INR
ORD-104167,23-04-2023,FY2023,Q2,April,South,Consumer Goods,Headphones,Consumer,Vikas,11,430162.4,239162.81,190999.59,94076.79,96922.8,395938.14,34224.26,22.53,-6.68,INR
ORD-100740,23-04-2023,FY2023,Q2,April,South,Technology,Laptop,Consumer,Amit,10,14560.31,9738.58,4821.73,2938.51,1883.22,14230.43,329.88,12.93,22.11,INR
ORD-102685,23-04-2023,FY2023,Q2,April,East,Consumer Goods,Backpack,Consumer,Rahul,20,222472.25,155652.2,66820.06,44250.31,22569.74,222771.65,-299.4,10.14,-7.83,INR
ORD-103165,23-04-2023,FY2023,Q2,April,West,Technology,Laptop,Consumer,Rahul,4,44372.18,23646.03,20726.15,5171.81,15554.34,40632.5,3739.68,35.05,2.57,INR
ORD-105000,23-04-2023,FY2023,Q2,April,South,Furniture,Cabinet,Consumer,Amit,18,98004.74,53134.56,44870.17,10757.94,34112.23,89813.23,8191.5,34.81,11.11,INR
ORD-102086,23-04-2023,FY2023,Q2,April,Central,Furniture,Desk,Consumer,Sneha,20,313971.51,186909.14,127062.36,48672.33,78390.04,313398.81,572.7,24.97,8.9,INR
ORD-100145,23-04-2023,FY2023,Q2,April,Central,Technology,Printer,Corporate,Rohit,12,541939.45,361165.6,180773.86,92812.04,87961.81,601425.68,-59486.23,16.23,13.33,INR
ORD-101973,23-04-2023,FY2023,Q2,April,West,Furniture,Cabinet,Consumer,Neha,15,491715.48,307897.11,183818.37,82126.17,101692.2,502516.84,-10801.36,20.68,13.57,INR
ORD-104641,23-04-2023,FY2023,Q2,April,East,Consumer Goods,Backpack,Consumer,Neha,6,110521.28,74070.97,36450.31,12642.94,23807.37,106461.11,4060.17,21.54,-0.98,INR
ORD-103627,24-04-2023,FY2023,Q2,April,Central,Technology,Smartphone,Corporate,Rohit,13,17140.9,13238.28,3902.63,3041.58,861.04,17738.38,-597.48,5.02,-7.23,INR
ORD-101751,24-04-2023,FY2023,Q2,April,West,Technology,Laptop,Consumer,Amit,8,113344.62,72324.11,41020.51,17956.41,23064.1,121011.79,-7667.17,20.35,24.57,INR
ORD-100923,24-04-2023,FY2023,Q2,April,East,Furniture,Bookshelf,Consumer,Sneha,10,302230.58,213745.24,88485.33,35378.95,53106.38,293164.76,9065.81,17.57,-1.54,INR
ORD-101538,24-04-2023,FY2023,Q2,April,North,Consumer Goods,Travel Bag,Consumer,Neha,4,21725.11,16153.48,5571.64,4283.06,1288.58,21703.08,22.03,5.93,-7.99,INR
ORD-103004,24-04-2023,FY2023,Q2,April,North,Technology,Monitor,Corporate,Rohit,10,418497.94,228021.8,190476.14,42286.81,148189.33,466657.22,-48159.28,35.41,10.91,INR
ORD-103412,25-04-2023,FY2023,Q2,April,Central,Furniture,Conference Table,Consumer,Vikas,5,226248.85,149975.48,76273.36,39657.64,36615.72,210189.75,16059.1,16.18,-0.22,INR
ORD-101208,25-04-2023,FY2023,Q2,April,East,Healthcare,Gloves,Consumer,Vikas,4,146517.56,91872.19,54645.37,25642.6,29002.77,148095.33,-1577.77,19.79,3.8,INR
ORD-100393,25-04-2023,FY2023,Q2,April,East,Healthcare,Thermometer,Consumer,Vikas,15,126356.55,66066.66,60289.89,24984.73,35305.16,121331.64,5024.91,27.94,16.04,INR
ORD-104187,26-04-2023,FY2023,Q2,April,Central,Consumer Goods,Backpack,Consumer,Anjali,18,479050.08,305798.51,173251.56,104353.4,68898.17,499722.79,-20672.71,14.38,17.54,INR
ORD-104489,26-04-2023,FY2023,Q2,April,South,Healthcare,First Aid Box,Corporate,Priya,3,105750.47,60899.07,44851.4,22956.38,21895.02,99634.81,6115.67,20.7,-1.56,INR
ORD-101716,26-04-2023,FY2023,Q2,April,South,Office Supplies,Notebook,Corporate,Anjali,14,575592,393318.9,182273.1,96505.85,85767.26,618776.73,-43184.72,14.9,22.79,INR
ORD-104913,26-04-2023,FY2023,Q2,April,East,Technology,Smartphone,Consumer,Rahul,8,378873.43,263740.7,115132.74,51975.53,63157.21,401885.73,-23012.29,16.67,-5.76,INR
ORD-103489,26-04-2023,FY2023,Q2,April,East,Technology,Smartphone,Consumer,Rohit,8,92899.97,62992.79,29907.18,16496.09,13411.09,90107.37,2792.6,14.44,23.7,INR
ORD-102659,26-04-2023,FY2023,Q2,April,East,Office Supplies,Pen Set,Consumer,Vikas,13,379333.01,209977.24,169355.77,73804.06,95551.72,391164.42,-11831.4,25.19,6.08,INR
ORD-102999,26-04-2023,FY2023,Q2,April,South,Healthcare,Thermometer,Consumer,Rohit,8,133393.95,102101.07,31292.88,18920.81,12372.06,132124.59,1269.36,9.27,5.21,INR
ORD-101368,26-04-2023,FY2023,Q2,April,East,Furniture,Conference Table,Consumer,Vikas,18,263566.94,148821.96,114744.97,29220.91,85524.06,237432.06,26134.87,32.45,10.82,INR
ORD-101337,27-04-2023,FY2023,Q2,April,South,Technology,Tablet,Corporate,Neha,11,319933.99,215844.95,104089.04,59328.42,44760.62,354469.47,-34535.47,13.99,16.92,INR
ORD-100326,27-04-2023,FY2023,Q2,April,East,Office Supplies,Stapler,Small Business,Rahul,1,45793.83,34785.3,11008.52,5736.08,5272.45,41416.77,4377.06,11.51,24.41,INR
ORD-100870,27-04-2023,FY2023,Q2,April,Central,Technology,Smartphone,Small Business,Anjali,5,68920.55,47987.59,20932.96,6742.69,14190.27,69091.2,-170.65,20.59,4.38,INR
ORD-102827,28-04-2023,FY2023,Q2,April,North,Healthcare,Thermometer,Consumer,Priya,13,335018.94,205314.86,129704.08,50696.14,79007.94,354775.66,-19756.72,23.58,-3.93,INR
ORD-104488,28-04-2023,FY2023,Q2,April,South,Office Supplies,Paper Pack,Small Business,Sneha,8,295589.71,198083.61,97506.09,55982.84,41523.26,315681.37,-20091.67,14.05,7.2,INR
ORD-103174,28-04-2023,FY2023,Q2,April,North,Consumer Goods,Headphones,Corporate,Neha,5,86376.12,46151.31,40224.82,12052.06,28172.75,89146.91,-2770.79,32.62,5.05,INR
ORD-100573,28-04-2023,FY2023,Q2,April,Central,Consumer Goods,Headphones,Consumer,Sneha,20,68436.44,40520.07,27916.38,10313.87,17602.51,64367.48,4068.97,25.72,22.84,INR
ORD-103420,28-04-2023,FY2023,Q2,April,Central,Consumer Goods,Calculator,Consumer,Rahul,13,396569.38,266336.08,130233.31,54611.09,75622.22,402602.96,-6033.58,19.07,-1.66,INR
ORD-100725,28-04-2023,FY2023,Q2,April,South,Furniture,Desk,Consumer,Neha,15,615589.92,442437.48,173152.44,91189.6,81962.84,666481.28,-50891.36,13.31,-5.1,INR
ORD-101505,29-04-2023,FY2023,Q2,April,South,Office Supplies,Paper Pack,Small Business,Rahul,2,51276.64,27699.92,23576.72,10769.43,12807.29,56773.52,-5496.88,24.98,18.03,INR
ORD-102847,29-04-2023,FY2023,Q2,April,East,Technology,Smartphone,Small Business,Neha,5,249441.74,161430.38,88011.36,26291.84,61719.52,268387.64,-18945.89,24.74,-6.75,INR
ORD-101948,29-04-2023,FY2023,Q2,April,West,Consumer Goods,Travel Bag,Small Business,Vikas,9,436320.64,274047.64,162273,63829.51,98443.48,436048.34,272.3,22.56,21.66,INR
ORD-103816,30-04-2023,FY2023,Q2,April,North,Consumer Goods,Travel Bag,Corporate,Vikas,7,182867.32,104007.8,78859.52,35800.16,43059.37,201690.48,-18823.16,23.55,-1.32,INR
ORD-100322,30-04-2023,FY2023,Q2,April,East,Office Supplies,Notebook,Consumer,Rahul,6,234799.01,132291.28,102507.73,19264.87,83242.86,221779.13,13019.88,35.45,0.31,INR
ORD-104197,01-05-2023,FY2023,Q2,May,South,Consumer Goods,Backpack,Small Business,Amit,18,215320.12,142402.72,72917.4,44851.47,28065.93,220404.18,-5084.06,13.03,24.73,INR
ORD-103337,01-05-2023,FY2023,Q2,May,West,Healthcare,First Aid Box,Corporate,Neha,19,852401.28,573158.66,279242.62,122099.47,157143.16,908601.36,-56200.08,18.44,14.97,INR
ORD-100004,02-05-2023,FY2023,Q2,May,South,Consumer Goods,Water Bottle,Consumer,Sneha,8,329762.89,217901.92,111860.96,31004.08,80856.89,322998.89,6764,24.52,-3.25,INR
ORD-104092,02-05-2023,FY2023,Q2,May,North,Technology,Laptop,Corporate,Amit,15,229350.49,165678.99,63671.5,38260.61,25410.89,212375.52,16974.97,11.08,0.84,INR
ORD-104627,02-05-2023,FY2023,Q2,May,South,Furniture,Office Chair,Small Business,Sneha,9,449408.62,288860.84,160547.79,41246.03,119301.76,434809.72,14598.9,26.55,-1.26,INR
ORD-101975,02-05-2023,FY2023,Q2,May,East,Technology,Tablet,Small Business,Sneha,9,134417.55,71191.56,63226,19850.91,43375.09,148048.32,-13630.77,32.27,2.35,INR
ORD-101406,02-05-2023,FY2023,Q2,May,West,Healthcare,First Aid Box,Consumer,Neha,13,193926.48,144431.03,49495.45,40316.97,9178.48,192522.02,1404.46,4.73,20.21,INR
ORD-101373,02-05-2023,FY2023,Q2,May,South,Consumer Goods,Backpack,Consumer,Rahul,10,394077.33,260274.8,133802.53,37288.97,96513.56,396917.48,-2840.15,24.49,2.47,INR
ORD-102574,02-05-2023,FY2023,Q2,May,South,Technology,Tablet,Small Business,Sneha,9,419392.02,306672.15,112719.87,33780.29,78939.58,448853.08,-29461.06,18.82,1.64,INR
ORD-100156,03-05-2023,FY2023,Q2,May,East,Consumer Goods,Headphones,Consumer,Rahul,10,480699.38,306557.05,174142.33,97961.38,76180.95,485954.69,-5255.31,15.85,17.02,INR
ORD-104616,03-05-2023,FY2023,Q2,May,South,Office Supplies,Pen Set,Corporate,Anjali,11,139819.36,94029.15,45790.22,19083.2,26707.02,153823.17,-14003.81,19.1,12.73,INR
ORD-103319,03-05-2023,FY2023,Q2,May,West,Office Supplies,Notebook,Consumer,Anjali,13,68176.51,46655.36,21521.15,8354.18,13166.97,67689.38,487.13,19.31,12.55,INR
ORD-104388,03-05-2023,FY2023,Q2,May,Central,Office Supplies,Stapler,Consumer,Anjali,16,128841.14,77573.06,51268.08,17750.9,33517.18,134042.64,-5201.51,26.01,18.56,INR
ORD-102101,04-05-2023,FY2023,Q2,May,West,Consumer Goods,Water Bottle,Consumer,Rohit,15,527370.38,386482.78,140887.59,63675.44,77212.15,541919.44,-14549.06,14.64,13.95,INR
ORD-102577,04-05-2023,FY2023,Q2,May,South,Healthcare,First Aid Box,Consumer,Vikas,19,556791.2,358437.44,198353.76,89171.06,109182.7,526645.7,30145.51,19.61,19.51,INR
ORD-101968,04-05-2023,FY2023,Q2,May,West,Technology,Smartphone,Corporate,Rahul,18,205590.99,113584.17,92006.82,36157.17,55849.65,193966.95,11624.04,27.17,23.53,INR
ORD-102330,04-05-2023,FY2023,Q2,May,Central,Furniture,Conference Table,Consumer,Rahul,9,184867.64,138059.01,46808.62,26225.02,20583.61,179652.76,5214.87,11.13,11.88,INR
ORD-101839,04-05-2023,FY2023,Q2,May,Central,Healthcare,Gloves,Consumer,Sneha,7,95787.2,69219.86,26567.33,13941.16,12626.17,97997.36,-2210.16,13.18,16.68,INR
ORD-104171,05-05-2023,FY2023,Q2,May,West,Technology,Tablet,Consumer,Priya,2,40861.47,21267.82,19593.64,3716.99,15876.66,44332.59,-3471.12,38.85,22.84,INR
ORD-102569,05-05-2023,FY2023,Q2,May,South,Consumer Goods,Travel Bag,Consumer,Rohit,15,116670.47,62494.59,54175.88,18925.38,35250.5,110162.1,6508.37,30.21,8.13,INR
ORD-104365,05-05-2023,FY2023,Q2,May,South,Office Supplies,Stapler,Corporate,Rahul,13,234238.91,165293.8,68945.11,35295.24,33649.87,235334.05,-1095.13,14.37,5.39,INR
ORD-104984,05-05-2023,FY2023,Q2,May,North,Healthcare,First Aid Box,Consumer,Anjali,20,127596.58,83521.2,44075.38,22416.75,21658.63,133933.97,-6337.4,16.97,22.38,INR
ORD-102575,05-05-2023,FY2023,Q2,May,Central,Technology,Laptop,Consumer,Sneha,12,394844.84,219532.56,175312.28,84894.98,90417.3,420810.4,-25965.57,22.9,2.25,INR
ORD-102952,05-05-2023,FY2023,Q2,May,South,Office Supplies,Notebook,Consumer,Neha,9,338358.61,263409.84,74948.77,45507.55,29441.22,350992.7,-12634.09,8.7,6.99,INR
ORD-102677,06-05-2023,FY2023,Q2,May,Central,Furniture,Conference Table,Small Business,Anjali,10,352850.75,214654.38,138196.37,60911.96,77284.4,337350.65,15500.09,21.9,-2.88,INR
ORD-100616,06-05-2023,FY2023,Q2,May,North,Office Supplies,Notebook,Consumer,Neha,10,100668.27,63142.03,37526.24,14998.84,22527.4,96387.53,4280.74,22.38,-5.27,INR
ORD-102552,06-05-2023,FY2023,Q2,May,South,Furniture,Conference Table,Corporate,Anjali,10,373193.26,276755.92,96437.34,45287.77,51149.56,404054.9,-30861.64,13.71,10.85,INR
ORD-101518,06-05-2023,FY2023,Q2,May,West,Furniture,Office Chair,Consumer,Amit,12,588746.57,330906.2,257840.37,85748.38,172091.99,546246.79,42499.78,29.23,-2.63,INR
ORD-100685,06-05-2023,FY2023,Q2,May,East,Healthcare,First Aid Box,Corporate,Vikas,6,105767.07,74133,31634.07,12899.6,18734.47,110144.22,-4377.15,17.71,2.87,INR
ORD-104704,07-05-2023,FY2023,Q2,May,East,Consumer Goods,Calculator,Corporate,Vikas,19,152675.42,102087.04,50588.38,29538.66,21049.71,142697.7,9977.72,13.79,2.69,INR
ORD-100851,07-05-2023,FY2023,Q2,May,West,Furniture,Bookshelf,Consumer,Anjali,20,152644.31,89453.7,63190.61,23392.57,39798.04,164402.6,-11758.29,26.07,6.21,INR
ORD-102479,07-05-2023,FY2023,Q2,May,North,Furniture,Bookshelf,Small Business,Anjali,14,238906.11,124394.64,114511.46,19677.7,94833.77,226598.51,12307.59,39.69,8.03,INR
ORD-100260,08-05-2023,FY2023,Q2,May,South,Technology,Printer,Consumer,Neha,15,125488.81,68819.16,56669.64,22525.8,34143.84,127884.72,-2395.92,27.21,19.14,INR
ORD-100982,08-05-2023,FY2023,Q2,May,Central,Healthcare,Thermometer,Small Business,Sneha,1,35439.23,24328.64,11110.59,5982.71,5127.88,36454.82,-1015.59,14.47,12.58,INR
ORD-100998,08-05-2023,FY2023,Q2,May,North,Consumer Goods,Water Bottle,Small Business,Priya,6,38820.82,25839.18,12981.64,4909.42,8072.22,39321.77,-500.95,20.79,-4.06,INR
ORD-103188,08-05-2023,FY2023,Q2,May,North,Furniture,Bookshelf,Consumer,Rohit,10,457897.59,285423.72,172473.87,55881.25,116592.62,512478.36,-54580.77,25.46,17.63,INR
ORD-101803,08-05-2023,FY2023,Q2,May,South,Technology,Smartphone,Consumer,Amit,15,381553.26,241851.9,139701.36,34321.65,105379.71,391441.1,-9887.84,27.62,-0.67,INR
ORD-103975,09-05-2023,FY2023,Q2,May,West,Healthcare,Thermometer,Consumer,Rahul,19,771763.52,584532.27,187231.25,107247.33,79983.92,695707.01,76056.5,10.36,13.15,INR
ORD-104432,09-05-2023,FY2023,Q2,May,South,Technology,Laptop,Corporate,Rohit,3,112608.86,63509.01,49099.85,16371.63,32728.22,115166.62,-2557.76,29.06,2.94,INR
ORD-101891,09-05-2023,FY2023,Q2,May,North,Healthcare,Medical Kit,Corporate,Anjali,19,947579.51,562503.21,385076.3,184315.82,200760.48,913900.76,33678.75,21.19,1.07,INR
ORD-102016,09-05-2023,FY2023,Q2,May,Central,Consumer Goods,Travel Bag,Corporate,Sneha,11,382994.7,203490.46,179504.25,33919.43,145584.81,352343.68,30651.02,38.01,-0.86,INR
ORD-102988,09-05-2023,FY2023,Q2,May,South,Healthcare,Medical Kit,Consumer,Sneha,11,148717.24,106323.11,42394.12,16817.32,25576.8,135421.89,13295.35,17.2,10.46,INR
ORD-104308,09-05-2023,FY2023,Q2,May,North,Technology,Smartphone,Corporate,Rahul,14,514067.54,320259.94,193807.6,77828.49,115979.11,557055.72,-42988.18,22.56,10.09,INR
ORD-101531,09-05-2023,FY2023,Q2,May,North,Office Supplies,Notebook,Consumer,Amit,17,749616.48,530741.29,218875.19,61432.03,157443.16,817806.57,-68190.08,21,10.1,INR
ORD-104960,10-05-2023,FY2023,Q2,May,South,Technology,Laptop,Small Business,Anjali,6,247567.05,142277.18,105289.87,28549.93,76739.94,249541.79,-1974.74,31,20.65,INR
ORD-101470,10-05-2023,FY2023,Q2,May,East,Healthcare,Medical Kit,Corporate,Amit,9,396692.69,277218.11,119474.58,81614.89,37859.69,423433.33,-26740.64,9.54,20.76,INR
ORD-101780,10-05-2023,FY2023,Q2,May,South,Office Supplies,File Folder,Consumer,Anjali,3,130424.14,81100.53,49323.62,12572.61,36751,127002.5,3421.65,28.18,21.72,INR
ORD-104300,10-05-2023,FY2023,Q2,May,North,Consumer Goods,Travel Bag,Consumer,Sneha,11,357597.18,266426.52,91170.66,43089.94,48080.72,349383.44,8213.74,13.45,23.42,INR
ORD-101020,10-05-2023,FY2023,Q2,May,Central,Office Supplies,Stapler,Consumer,Anjali,3,95992.46,52677.58,43314.88,11457.89,31856.99,99765.02,-3772.56,33.19,-0.53,INR
ORD-100824,10-05-2023,FY2023,Q2,May,South,Office Supplies,Paper Pack,Consumer,Neha,8,21167.87,15153.23,6014.64,2404.21,3610.44,19803.04,1364.83,17.06,14.18,INR
ORD-100009,11-05-2023,FY2023,Q2,May,East,Consumer Goods,Water Bottle,Consumer,Vikas,10,197885.82,127670.83,70214.99,41215.42,28999.57,215415.89,-17530.07,14.65,1.75,INR
ORD-104438,11-05-2023,FY2023,Q2,May,West,Consumer Goods,Headphones,Consumer,Rohit,13,224320.45,125373.12,98947.33,22041.17,76906.15,215201.26,9119.19,34.28,15.25,INR
ORD-102284,11-05-2023,FY2023,Q2,May,Central,Furniture,Office Chair,Small Business,Rohit,14,686126.7,356803.29,329323.41,143663.39,185660.02,656573.14,29553.56,27.06,23.77,INR
ORD-101054,11-05-2023,FY2023,Q2,May,East,Furniture,Bookshelf,Consumer,Sneha,13,480406.72,280537.45,199869.27,74931.41,124937.86,497281.78,-16875.06,26.01,-6.19,INR
ORD-101100,11-05-2023,FY2023,Q2,May,Central,Technology,Monitor,Small Business,Neha,1,21566.43,15267.75,6298.67,2041.47,4257.21,22885.04,-1318.61,19.74,5.73,INR
ORD-100777,12-05-2023,FY2023,Q2,May,East,Technology,Monitor,Consumer,Neha,9,375221.84,258510.49,116711.35,41625.51,75085.84,397303.7,-22081.86,20.01,12.92,INR
ORD-102044,12-05-2023,FY2023,Q2,May,East,Office Supplies,Notebook,Corporate,Sneha,11,356872.18,236140.68,120731.5,61504.8,59226.7,371129.36,-14257.18,16.6,-8,INR
ORD-103029,12-05-2023,FY2023,Q2,May,Central,Office Supplies,Pen Set,Corporate,Rahul,4,181433.33,121887.7,59545.63,36752.31,22793.32,187122.96,-5689.63,12.56,4.06,INR
ORD-102431,12-05-2023,FY2023,Q2,May,East,Furniture,Conference Table,Corporate,Sneha,1,40788.22,29681.67,11106.55,7267.55,3839.01,45153.54,-4365.32,9.41,3.62,INR
ORD-100605,13-05-2023,FY2023,Q2,May,West,Furniture,Cabinet,Consumer,Neha,20,120666.46,84065.54,36600.91,10373.34,26227.57,131788.41,-11121.95,21.74,0.06,INR
ORD-101486,13-05-2023,FY2023,Q2,May,North,Office Supplies,Stapler,Consumer,Rohit,2,90623.21,63212.19,27411.02,12587.17,14823.85,82607.48,8015.72,16.36,2.56,INR
ORD-101226,13-05-2023,FY2023,Q2,May,West,Technology,Laptop,Corporate,Vikas,8,358479.56,224019.65,134459.91,59133.05,75326.86,388063.39,-29583.83,21.01,-0.24,INR
ORD-101772,14-05-2023,FY2023,Q2,May,Central,Healthcare,Gloves,Consumer,Priya,16,92517.14,67417.76,25099.38,18159.32,6940.06,95299.21,-2782.07,7.5,8.38,INR
ORD-104753,14-05-2023,FY2023,Q2,May,East,Consumer Goods,Headphones,Corporate,Amit,4,46382.11,32060.73,14321.38,5957.89,8363.48,47925.58,-1543.47,18.03,16.3,INR
ORD-104598,14-05-2023,FY2023,Q2,May,North,Healthcare,Thermometer,Consumer,Neha,9,181091.9,116566.07,64525.83,32973.01,31552.82,168363.26,12728.64,17.42,2.61,INR
ORD-104651,14-05-2023,FY2023,Q2,May,West,Furniture,Desk,Consumer,Rohit,20,407281.6,246715.58,160566.02,70804.23,89761.79,381820.54,25461.07,22.04,17.59,INR
ORD-104875,14-05-2023,FY2023,Q2,May,South,Furniture,Office Chair,Consumer,Rahul,4,194882.08,104853.73,90028.35,35677.09,54351.26,180961.05,13921.03,27.89,5.87,INR
ORD-100484,14-05-2023,FY2023,Q2,May,North,Office Supplies,Paper Pack,Consumer,Neha,19,688061.94,443271.86,244790.07,112814.49,131975.59,632655.31,55406.62,19.18,14.65,INR
ORD-100089,15-05-2023,FY2023,Q2,May,South,Furniture,Desk,Consumer,Rohit,14,7166.93,4737.25,2429.69,1326.91,1102.77,7475.29,-308.35,15.39,-3.52,INR
ORD-103328,15-05-2023,FY2023,Q2,May,South,Furniture,Office Chair,Consumer,Vikas,16,495277.37,356904.53,138372.84,95787.73,42585.11,535420.69,-40143.32,8.6,1.17,INR
ORD-104290,15-05-2023,FY2023,Q2,May,East,Technology,Smartphone,Consumer,Vikas,9,17791.28,10147.9,7643.37,3161.16,4482.22,19474.57,-1683.29,25.19,15.1,INR
ORD-102014,16-05-2023,FY2023,Q2,May,West,Healthcare,Medical Kit,Corporate,Rahul,6,181261.44,126965.7,54295.74,17508.86,36786.88,167229.65,14031.79,20.29,3.67,INR
ORD-104114,16-05-2023,FY2023,Q2,May,West,Technology,Smartphone,Consumer,Sneha,6,219296.11,139493.53,79802.58,29769.98,50032.6,236700.18,-17404.07,22.82,18.14,INR
ORD-104459,17-05-2023,FY2023,Q2,May,Central,Office Supplies,Notebook,Consumer,Vikas,20,161589.45,119084.04,42505.41,28177.66,14327.75,149524.04,12065.41,8.87,-7.69,INR
ORD-103423,17-05-2023,FY2023,Q2,May,South,Furniture,Office Chair,Consumer,Rohit,12,492276.34,366131.21,126145.13,78488.95,47656.19,526832.09,-34555.75,9.68,8.13,INR
ORD-103371,17-05-2023,FY2023,Q2,May,South,Office Supplies,Paper Pack,Corporate,Neha,18,744075.03,448674.28,295400.75,59876.69,235524.06,732836.42,11238.61,31.65,-0.46,INR
ORD-102103,17-05-2023,FY2023,Q2,May,North,Healthcare,BP Monitor,Consumer,Neha,17,302135.55,232333.37,69802.18,48186.18,21616.01,336903.73,-34768.18,7.15,0.18,INR
ORD-101085,17-05-2023,FY2023,Q2,May,East,Office Supplies,Pen Set,Small Business,Amit,15,550079.59,398143.18,151936.4,63018.13,88918.28,519853.38,30226.21,16.16,18.7,INR
ORD-103946,17-05-2023,FY2023,Q2,May,Central,Consumer Goods,Backpack,Small Business,Priya,20,21962.91,14650.53,7312.38,1844.73,5467.65,20528.47,1434.44,24.89,22.64,INR
ORD-102767,17-05-2023,FY2023,Q2,May,Central,Technology,Laptop,Corporate,Anjali,7,100753.44,63329.22,37424.22,9714.39,27709.83,98004.1,2749.34,27.5,12.26,INR
ORD-102971,17-05-2023,FY2023,Q2,May,West,Consumer Goods,Travel Bag,Consumer,Rahul,2,27017.29,20244.61,6772.68,4669.6,2103.08,27027.01,-9.73,7.78,16.76,INR
ORD-104658,17-05-2023,FY2023,Q2,May,West,Technology,Smartphone,Corporate,Vikas,3,87615.27,48275.46,39339.81,14313.2,25026.61,83120.16,4495.11,28.56,20.05,INR
ORD-102107,18-05-2023,FY2023,Q2,May,Central,Furniture,Bookshelf,Consumer,Anjali,15,239417.01,149339.86,90077.15,19387.86,70689.29,250556.84,-11139.83,29.53,-2.17,INR
ORD-103632,18-05-2023,FY2023,Q2,May,East,Healthcare,Medical Kit,Corporate,Vikas,7,192516.66,124320.29,68196.37,16785.97,51410.41,213964.67,-21448.01,26.7,18.02,INR
ORD-101934,18-05-2023,FY2023,Q2,May,West,Healthcare,BP Monitor,Consumer,Rahul,11,126190.97,89524.79,36666.18,22485.02,14181.16,123227.46,2963.51,11.24,4,INR
ORD-100608,18-05-2023,FY2023,Q2,May,East,Consumer Goods,Water Bottle,Consumer,Vikas,8,148995.26,88544.24,60451.02,18077.63,42373.38,138356.89,10638.37,28.44,2.42,INR
ORD-104004,18-05-2023,FY2023,Q2,May,South,Consumer Goods,Backpack,Consumer,Sneha,8,91307.83,52806.3,38501.53,19350.97,19150.57,100063.5,-8755.67,20.97,-2.14,INR
ORD-100747,19-05-2023,FY2023,Q2,May,North,Consumer Goods,Travel Bag,Corporate,Neha,19,269436.16,177409.23,92026.93,34202.98,57823.95,273127.85,-3691.69,21.46,10.76,INR
ORD-103898,19-05-2023,FY2023,Q2,May,North,Healthcare,BP Monitor,Small Business,Sneha,19,88812,55034.99,33777,13792.36,19984.64,95482.35,-6670.35,22.5,2.02,INR
ORD-102605,19-05-2023,FY2023,Q2,May,East,Healthcare,First Aid Box,Consumer,Priya,18,143305.32,100212.96,43092.36,27108.55,15983.81,156887.08,-13581.76,11.15,8.91,INR
ORD-103473,19-05-2023,FY2023,Q2,May,North,Consumer Goods,Calculator,Small Business,Sneha,12,387525.09,222668.65,164856.43,55639.67,109216.77,396934.45,-9409.37,28.18,-3.62,INR
ORD-103915,19-05-2023,FY2023,Q2,May,Central,Office Supplies,File Folder,Consumer,Vikas,18,135459.86,95851.15,39608.71,18818.24,20790.47,134191.96,1267.9,15.35,0.58,INR
ORD-102611,19-05-2023,FY2023,Q2,May,West,Office Supplies,File Folder,Consumer,Priya,10,6018.23,3495.88,2522.34,858.43,1663.91,6211.6,-193.38,27.65,15.46,INR
ORD-103354,20-05-2023,FY2023,Q2,May,Central,Consumer Goods,Backpack,Consumer,Sneha,18,43917.75,34201.96,9715.79,6026.89,3688.9,48472.11,-4554.36,8.4,-1.66,INR
ORD-103889,20-05-2023,FY2023,Q2,May,East,Office Supplies,Notebook,Corporate,Rohit,13,31838.05,22239.79,9598.26,3210.22,6388.03,31603.75,234.3,20.06,6.29,INR
ORD-103168,20-05-2023,FY2023,Q2,May,Central,Technology,Monitor,Consumer,Neha,4,36671.93,28446.75,8225.18,4888.01,3337.17,40842.28,-4170.35,9.1,2.61,INR
ORD-103971,20-05-2023,FY2023,Q2,May,North,Healthcare,First Aid Box,Consumer,Rohit,11,527050.92,385014.69,142036.23,115358.75,26677.48,557663.27,-30612.35,5.06,3.64,INR
ORD-100741,20-05-2023,FY2023,Q2,May,West,Healthcare,BP Monitor,Small Business,Rohit,18,220433.44,122224.76,98208.68,35958.08,62250.61,246218.87,-25785.43,28.24,16.23,INR
ORD-102772,21-05-2023,FY2023,Q2,May,West,Office Supplies,File Folder,Corporate,Vikas,9,277568.12,210672.46,66895.66,31615.6,35280.06,272318.31,5249.81,12.71,23.01,INR
ORD-103432,21-05-2023,FY2023,Q2,May,West,Technology,Smartphone,Small Business,Priya,19,871323.28,471123.46,400199.81,148743.02,251456.79,819953.92,51369.35,28.86,12.12,INR
ORD-101640,21-05-2023,FY2023,Q2,May,West,Technology,Smartphone,Small Business,Priya,7,237391.31,163021.07,74370.24,20557.7,53812.53,220375.58,17015.73,22.67,3.4,INR
ORD-102693,21-05-2023,FY2023,Q2,May,South,Office Supplies,Pen Set,Small Business,Anjali,17,391025.25,232916.25,158109,84655.9,73453.1,360682.4,30342.85,18.78,7.87,INR
ORD-104227,21-05-2023,FY2023,Q2,May,North,Healthcare,Thermometer,Small Business,Priya,8,176227.48,108091.27,68136.21,25459.04,42677.17,183902.22,-7674.74,24.22,1.37,INR
ORD-100841,21-05-2023,FY2023,Q2,May,West,Office Supplies,Notebook,Corporate,Vikas,16,656702.51,469899.8,186802.71,123686.66,63116.05,599558.66,57143.85,9.61,14.26,INR
ORD-101613,21-05-2023,FY2023,Q2,May,South,Office Supplies,Paper Pack,Consumer,Neha,20,462880.11,242847.09,220033.02,96855.24,123177.77,449921.17,12958.94,26.61,-2.34,INR
ORD-102159,22-05-2023,FY2023,Q2,May,West,Office Supplies,Notebook,Consumer,Amit,17,647166.77,478371.44,168795.32,79679.08,89116.24,635130.54,12036.23,13.77,16.02,INR
ORD-102353,22-05-2023,FY2023,Q2,May,East,Office Supplies,Paper Pack,Consumer,Anjali,16,338129.54,240477.31,97652.22,39606.81,58045.42,335558.46,2571.08,17.17,16.91,INR
ORD-102452,22-05-2023,FY2023,Q2,May,West,Office Supplies,File Folder,Consumer,Priya,5,92998.24,63573.78,29424.46,20176.08,9248.38,91673.43,1324.81,9.94,-5.69,INR
ORD-101569,23-05-2023,FY2023,Q2,May,South,Technology,Smartphone,Consumer,Sneha,12,103816.9,58156.14,45660.76,10392.87,35267.89,108533.19,-4716.29,33.97,0.59,INR
ORD-101374,23-05-2023,FY2023,Q2,May,North,Consumer Goods,Water Bottle,Small Business,Anjali,17,87578.91,53475.02,34103.89,7586.3,26517.59,91387.94,-3809.04,30.28,20.05,INR
ORD-101763,23-05-2023,FY2023,Q2,May,Central,Healthcare,First Aid Box,Consumer,Sneha,16,643209.92,399269.22,243940.71,54188.11,189752.6,684926.1,-41716.17,29.5,7.3,INR
ORD-102338,23-05-2023,FY2023,Q2,May,West,Furniture,Conference Table,Consumer,Vikas,1,35476.21,19613.22,15862.98,7686.83,8176.16,34914.07,562.14,23.05,7.18,INR
ORD-103876,23-05-2023,FY2023,Q2,May,North,Furniture,Bookshelf,Consumer,Vikas,13,204286.53,130920.92,73365.61,22559.36,50806.26,198389.79,5896.75,24.87,15.65,INR
ORD-100788,23-05-2023,FY2023,Q2,May,Central,Office Supplies,Pen Set,Consumer,Amit,7,259912.6,151723.58,108189.02,27104.92,81084.1,270206.93,-10294.33,31.2,12.81,INR
ORD-104803,23-05-2023,FY2023,Q2,May,South,Office Supplies,Stapler,Corporate,Priya,9,392747.73,231884.37,160863.37,50586.3,110277.07,412371.23,-19623.5,28.08,7.29,INR
ORD-104303,24-05-2023,FY2023,Q2,May,North,Furniture,Office Chair,Corporate,Neha,2,83367.39,46816.89,36550.49,13280.64,23269.85,85624.11,-2256.72,27.91,-2.53,INR
ORD-104601,24-05-2023,FY2023,Q2,May,North,Furniture,Office Chair,Consumer,Amit,5,225697.51,128095.09,97602.43,44387.66,53214.77,216915.63,8781.89,23.58,-4.15,INR
ORD-104850,24-05-2023,FY2023,Q2,May,West,Technology,Smartphone,Small Business,Rahul,18,806456.37,575355.38,231100.98,169758.46,61342.52,809070.23,-2613.86,7.61,24.94,INR
ORD-100165,24-05-2023,FY2023,Q2,May,North,Consumer Goods,Water Bottle,Corporate,Vikas,11,448424.93,239309.94,209114.98,58868.48,150246.5,441037.22,7387.71,33.51,1.4,INR
ORD-100429,24-05-2023,FY2023,Q2,May,North,Consumer Goods,Backpack,Corporate,Anjali,12,335012.67,238104.11,96908.56,44488.94,52419.63,303586.47,31426.21,15.65,3.2,INR
ORD-100184,24-05-2023,FY2023,Q2,May,West,Office Supplies,File Folder,Small Business,Sneha,8,302681.89,189727.89,112953.99,37742.03,75211.96,333107.15,-30425.27,24.85,17.28,INR
ORD-100688,25-05-2023,FY2023,Q2,May,South,Technology,Printer,Corporate,Sneha,3,106920.12,76282.68,30637.44,19454.4,11183.03,106929.55,-9.43,10.46,8.36,INR
ORD-100791,25-05-2023,FY2023,Q2,May,South,Office Supplies,File Folder,Small Business,Sneha,3,66862.22,43064.08,23798.14,5609.36,18188.79,62167.83,4694.39,27.2,15.17,INR
ORD-104096,25-05-2023,FY2023,Q2,May,South,Consumer Goods,Water Bottle,Corporate,Anjali,4,130574.6,86877.2,43697.41,20695.49,23001.91,136350.75,-5776.14,17.62,5,INR
ORD-100536,26-05-2023,FY2023,Q2,May,South,Consumer Goods,Travel Bag,Small Business,Amit,12,566112.3,325882.79,240229.5,119068.24,121161.27,530686.9,35425.39,21.4,10.46,INR
ORD-101141,26-05-2023,FY2023,Q2,May,North,Office Supplies,Notebook,Consumer,Rohit,13,427442.69,325813.67,101629.02,56418.18,45210.85,408361.78,19080.91,10.58,1.25,INR
ORD-104760,26-05-2023,FY2023,Q2,May,North,Office Supplies,Paper Pack,Consumer,Anjali,6,297290.58,222784.63,74505.96,24665.99,49839.97,323047.44,-25756.86,16.76,18.61,INR
ORD-101659,26-05-2023,FY2023,Q2,May,Central,Consumer Goods,Calculator,Consumer,Neha,5,168150.12,117689.24,50460.88,33629.37,16831.51,152401.56,15748.56,10.01,20.57,INR
ORD-104078,26-05-2023,FY2023,Q2,May,Central,Furniture,Cabinet,Consumer,Amit,3,39769.17,23213.2,16555.96,7348.04,9207.93,36346.67,3422.5,23.15,11.25,INR
ORD-102636,27-05-2023,FY2023,Q2,May,East,Technology,Monitor,Corporate,Rahul,7,121053.1,87780.3,33272.8,22443.65,10829.15,125708.2,-4655.1,8.95,10.95,INR
ORD-103419,27-05-2023,FY2023,Q2,May,West,Technology,Smartphone,Consumer,Amit,18,37274.43,20423.5,16850.93,3570.37,13280.56,39859.54,-2585.11,35.63,10.89,INR
ORD-102665,27-05-2023,FY2023,Q2,May,Central,Office Supplies,Paper Pack,Consumer,Amit,15,735371.51,503582.26,231789.25,153714.63,78074.62,804674.81,-69303.3,10.62,22.76,INR
ORD-100173,27-05-2023,FY2023,Q2,May,Central,Consumer Goods,Travel Bag,Consumer,Neha,10,57684.69,42036.47,15648.22,10821.85,4826.37,60865.7,-3181.01,8.37,8.15,INR
ORD-100959,27-05-2023,FY2023,Q2,May,West,Consumer Goods,Calculator,Corporate,Amit,16,642890.48,341418.82,301471.66,52519.64,248952.02,686768.61,-43878.13,38.72,15.8,INR
ORD-104672,28-05-2023,FY2023,Q2,May,Central,Office Supplies,Notebook,Small Business,Neha,8,381195.9,234672.51,146523.4,44404.13,102119.26,399146.72,-17950.82,26.79,9.33,INR
ORD-104383,28-05-2023,FY2023,Q2,May,South,Furniture,Cabinet,Consumer,Vikas,9,80465.04,56227.09,24237.95,15134.25,9103.7,80940.25,-475.22,11.31,17.39,INR
ORD-103219,28-05-2023,FY2023,Q2,May,Central,Consumer Goods,Calculator,Corporate,Amit,19,765794.63,527923.17,237871.46,97030.65,140840.82,815944.58,-50149.95,18.39,18.34,INR
ORD-104279,28-05-2023,FY2023,Q2,May,West,Furniture,Cabinet,Small Business,Rohit,2,10386.02,5969.27,4416.75,1179.39,3237.36,9540.93,845.09,31.17,16.78,INR
ORD-101921,28-05-2023,FY2023,Q2,May,Central,Consumer Goods,Headphones,Corporate,Rahul,5,155863.3,100920.93,54942.37,19403.76,35538.61,165272.68,-9409.38,22.8,-7.41,INR
ORD-100899,28-05-2023,FY2023,Q2,May,Central,Office Supplies,Stapler,Consumer,Rahul,2,64544.22,36950.3,27593.92,6429.29,21164.63,69535.07,-4990.85,32.79,19.4,INR
ORD-103977,29-05-2023,FY2023,Q2,May,Central,Technology,Tablet,Small Business,Rohit,15,209079.76,149161.54,59918.21,32793,27125.21,225756.44,-16676.68,12.97,4.36,INR
ORD-101827,29-05-2023,FY2023,Q2,May,East,Furniture,Cabinet,Corporate,Neha,12,269312.17,198367.26,70944.91,51915.12,19029.79,252745.81,16566.36,7.07,15.98,INR
ORD-101705,29-05-2023,FY2023,Q2,May,North,Technology,Laptop,Small Business,Priya,17,711494.05,519369.95,192124.09,118695.4,73428.7,742382.58,-30888.53,10.32,11.62,INR
ORD-101740,29-05-2023,FY2023,Q2,May,West,Office Supplies,Pen Set,Small Business,Neha,17,127467.11,95728.84,31738.27,13629.05,18109.22,123407.42,4059.69,14.21,-4.87,INR
ORD-101952,29-05-2023,FY2023,Q2,May,East,Furniture,Bookshelf,Consumer,Neha,6,248089.85,185580.09,62509.77,37414.77,25094.99,270252.06,-22162.21,10.12,10.31,INR
ORD-101980,29-05-2023,FY2023,Q2,May,North,Office Supplies,File Folder,Small Business,Rahul,7,224962.24,118965.51,105996.73,31044.67,74952.05,238364.03,-13401.79,33.32,16.69,INR
ORD-101026,29-05-2023,FY2023,Q2,May,West,Office Supplies,Paper Pack,Consumer,Sneha,8,117203.66,64583.37,52620.29,9584.29,43036,114157.12,3046.54,36.72,24.95,INR
ORD-104158,30-05-2023,FY2023,Q2,May,South,Office Supplies,Stapler,Small Business,Priya,11,471212.66,257761.93,213450.72,44017.02,169433.71,496079.33,-24866.67,35.96,9.71,INR
ORD-100294,30-05-2023,FY2023,Q2,May,East,Office Supplies,Stapler,Consumer,Vikas,18,720740.17,556763.4,163976.77,121839.46,42137.31,757509.43,-36769.26,5.85,-7.4,INR
ORD-100958,31-05-2023,FY2023,Q2,May,South,Healthcare,Gloves,Small Business,Neha,12,391384.92,272027.67,119357.25,54612.38,64744.87,394217.67,-2832.75,16.54,22.84,INR
ORD-100182,31-05-2023,FY2023,Q2,May,West,Consumer Goods,Calculator,Consumer,Neha,16,539398.76,338239.45,201159.31,109499.46,91659.85,501573.83,37824.93,16.99,17.01,INR
ORD-101524,31-05-2023,FY2023,Q2,May,West,Office Supplies,Stapler,Consumer,Neha,4,44159.96,25936.41,18223.55,4778.63,13444.92,44592.67,-432.71,30.45,0.94,INR
ORD-103278,31-05-2023,FY2023,Q2,May,East,Office Supplies,File Folder,Small Business,Sneha,1,25059.6,17819.01,7240.58,4874.01,2366.57,25895.76,-836.16,9.44,22.64,INR
ORD-103961,01-06-2023,FY2023,Q2,June,South,Furniture,Conference Table,Corporate,Rohit,12,116632.61,68541.17,48091.44,17377.93,30713.51,111129.22,5503.39,26.33,10.28,INR
ORD-101436,01-06-2023,FY2023,Q2,June,South,Healthcare,First Aid Box,Small Business,Vikas,7,136161.96,76163.87,59998.09,21215.84,38782.25,128079.89,8082.07,28.48,9.57,INR
ORD-100199,01-06-2023,FY2023,Q2,June,South,Consumer Goods,Calculator,Consumer,Vikas,9,210943.21,120441.76,90501.44,40772.22,49729.22,234118.05,-23174.84,23.57,10.27,INR
ORD-101650,01-06-2023,FY2023,Q2,June,North,Healthcare,Thermometer,Consumer,Vikas,10,197317.12,107339.84,89977.29,24493.58,65483.71,184879.29,12437.84,33.19,-1.05,INR
ORD-103100,02-06-2023,FY2023,Q2,June,North,Furniture,Conference Table,Small Business,Rahul,3,13606.62,8720.21,4886.42,2065.55,2820.86,12551.51,1055.12,20.73,-7.25,INR
ORD-100207,02-06-2023,FY2023,Q2,June,East,Office Supplies,Notebook,Consumer,Amit,6,217741.78,133004.53,84737.25,17912.16,66825.09,222345.93,-4604.15,30.69,-6.05,INR
ORD-103361,02-06-2023,FY2023,Q2,June,North,Furniture,Conference Table,Consumer,Rohit,10,383168.16,296099.4,87068.76,68553.85,18514.91,392166.53,-8998.37,4.83,19.73,INR
ORD-104766,02-06-2023,FY2023,Q2,June,Central,Office Supplies,Pen Set,Small Business,Sneha,10,144984.66,81466.7,63517.95,16829.06,46688.89,159443.34,-14458.69,32.2,-5.83,INR
ORD-100341,03-06-2023,FY2023,Q2,June,North,Technology,Monitor,Small Business,Amit,8,283224.46,212726.07,70498.39,57549.47,12948.92,280577.27,2647.18,4.57,-7.53,INR
ORD-104801,03-06-2023,FY2023,Q2,June,South,Consumer Goods,Travel Bag,Consumer,Anjali,14,130798.9,94300.94,36497.96,22201,14296.96,139027.16,-8228.26,10.93,-2.02,INR
ORD-103025,03-06-2023,FY2023,Q2,June,Central,Technology,Monitor,Small Business,Anjali,12,107411.8,82302,25109.8,13305.36,11804.44,107472.93,-61.14,10.99,0.84,INR
ORD-103212,03-06-2023,FY2023,Q2,June,West,Technology,Smartphone,Consumer,Amit,1,41892.85,29799.61,12093.24,8178.06,3915.18,40364.64,1528.21,9.35,-6.6,INR
ORD-103006,03-06-2023,FY2023,Q2,June,North,Furniture,Desk,Corporate,Vikas,13,403434.35,234002.24,169432.11,56236.67,113195.44,398315.42,5118.92,28.06,10.99,INR
ORD-100569,03-06-2023,FY2023,Q2,June,Central,Office Supplies,Paper Pack,Corporate,Anjali,12,182571.58,125180.25,57391.32,20854.84,36536.48,201052.98,-18481.4,20.01,12.24,INR
ORD-102363,03-06-2023,FY2023,Q2,June,South,Technology,Tablet,Consumer,Vikas,17,354538.1,257646.23,96891.87,64164.97,32726.9,342542.08,11996.03,9.23,19.05,INR
ORD-102948,03-06-2023,FY2023,Q2,June,South,Furniture,Bookshelf,Consumer,Sneha,5,47658.23,25924.34,21733.89,7033.18,14700.71,52118.18,-4459.95,30.85,23.82,INR
ORD-101044,03-06-2023,FY2023,Q2,June,South,Office Supplies,Pen Set,Consumer,Neha,2,20018.02,12148.4,7869.61,2729.83,5139.79,18483.1,1534.92,25.68,3.65,INR
ORD-103711,04-06-2023,FY2023,Q2,June,West,Consumer Goods,Travel Bag,Consumer,Rahul,19,692727.58,372005.14,320722.44,56375.51,264346.94,738152.35,-45424.76,38.16,21.93,INR
ORD-104578,04-06-2023,FY2023,Q2,June,West,Furniture,Conference Table,Consumer,Neha,3,60051.87,32456.75,27595.12,8550.65,19044.47,62301.75,-2249.87,31.71,20.3,INR
ORD-100268,04-06-2023,FY2023,Q2,June,South,Office Supplies,File Folder,Consumer,Sneha,9,299195.14,169104.18,130090.96,64316.47,65774.48,286754.09,12441.05,21.98,21.4,INR
ORD-101845,04-06-2023,FY2023,Q2,June,North,Furniture,Desk,Consumer,Anjali,5,46648.56,26190.45,20458.11,7483,12975.12,42044.09,4604.47,27.81,6.55,INR
ORD-102326,05-06-2023,FY2023,Q2,June,Central,Office Supplies,Pen Set,Corporate,Anjali,19,638191.57,497217.64,140973.93,133959.09,7014.84,638384.57,-193,1.1,6.32,INR
ORD-103859,05-06-2023,FY2023,Q2,June,West,Consumer Goods,Headphones,Consumer,Amit,7,201948.58,115094.96,86853.63,18290.21,68563.42,187219.19,14729.39,33.95,15.4,INR
ORD-101495,05-06-2023,FY2023,Q2,June,South,Office Supplies,Pen Set,Small Business,Sneha,14,179039.7,96059.1,82980.59,37984.84,44995.75,167455.03,11584.67,25.13,7.12,INR
ORD-100894,05-06-2023,FY2023,Q2,June,East,Office Supplies,Paper Pack,Small Business,Rohit,17,17872.27,9767,8105.27,1889.95,6215.32,19917.16,-2044.89,34.78,4.1,INR
ORD-103570,05-06-2023,FY2023,Q2,June,Central,Technology,Smartphone,Corporate,Vikas,14,550892.48,344726.14,206166.34,91260.91,114905.42,556234.41,-5341.93,20.86,15.74,INR
ORD-102302,05-06-2023,FY2023,Q2,June,South,Consumer Goods,Backpack,Corporate,Neha,14,415427.21,277839.54,137587.67,36965.63,100622.04,410658.35,4768.86,24.22,-0.41,INR
ORD-101295,06-06-2023,FY2023,Q2,June,West,Healthcare,Gloves,Consumer,Anjali,11,62239.05,37597.74,24641.31,9245.78,15395.52,60602.75,1636.3,24.74,5.76,INR
ORD-104974,06-06-2023,FY2023,Q2,June,East,Technology,Laptop,Small Business,Sneha,9,358933.28,258278.23,100655.05,61390.09,39264.95,375050.6,-16117.33,10.94,22.87,INR
ORD-102880,06-06-2023,FY2023,Q2,June,Central,Office Supplies,File Folder,Consumer,Rahul,11,449959.23,341985.27,107973.96,38497.04,69476.92,423210.64,26748.59,15.44,-3.66,INR
ORD-100805,06-06-2023,FY2023,Q2,June,North,Healthcare,BP Monitor,Consumer,Amit,14,42950.14,29538.71,13411.43,4048.74,9362.69,40891.33,2058.82,21.8,-7.98,INR
ORD-100243,07-06-2023,FY2023,Q2,June,Central,Office Supplies,Stapler,Corporate,Amit,12,390578.23,208962.97,181615.26,34032.06,147583.2,352437.03,38141.2,37.79,0.07,INR
ORD-102072,08-06-2023,FY2023,Q2,June,North,Consumer Goods,Calculator,Small Business,Amit,16,14494.7,7745.03,6749.67,2324.52,4425.14,13498.15,996.54,30.53,3.99,INR
ORD-102908,08-06-2023,FY2023,Q2,June,West,Office Supplies,Paper Pack,Consumer,Amit,6,58220.6,41421.5,16799.1,9911.4,6887.7,55320.58,2900.02,11.83,20.14,INR
ORD-101427,08-06-2023,FY2023,Q2,June,East,Technology,Monitor,Consumer,Amit,8,329853.42,173726.23,156127.2,67218.8,88908.39,350411.99,-20558.56,26.95,3.85,INR
ORD-101631,08-06-2023,FY2023,Q2,June,East,Office Supplies,Stapler,Consumer,Rohit,5,166179.71,92419.01,73760.7,29679.88,44080.83,181336.71,-15157,26.53,-3.75,INR
ORD-104117,08-06-2023,FY2023,Q2,June,West,Office Supplies,Notebook,Corporate,Sneha,5,61876.9,47351.41,14525.49,5004.77,9520.72,57945.42,3931.48,15.39,8.58,INR
ORD-102738,09-06-2023,FY2023,Q2,June,South,Office Supplies,File Folder,Small Business,Sneha,14,107430.64,80382.14,27048.5,22035.29,5013.21,110652.36,-3221.73,4.67,2.2,INR
ORD-101179,09-06-2023,FY2023,Q2,June,West,Consumer Goods,Backpack,Consumer,Rohit,14,23040.42,17453.41,5587.01,4743.39,843.61,21938.19,1102.23,3.66,-0.92,INR
ORD-100372,09-06-2023,FY2023,Q2,June,West,Technology,Printer,Small Business,Sneha,8,57060.39,31010.37,26050.03,12304.92,13745.11,58459.1,-1398.7,24.09,5.61,INR
ORD-102868,09-06-2023,FY2023,Q2,June,Central,Consumer Goods,Water Bottle,Consumer,Sneha,11,304887.4,165438.93,139448.47,39934.57,99513.9,303127.45,1759.95,32.64,22.62,INR
ORD-101957,09-06-2023,FY2023,Q2,June,North,Office Supplies,Pen Set,Small Business,Rohit,5,80771.49,49461.78,31309.71,9583.22,21726.49,89515.98,-8744.49,26.9,20.83,INR
ORD-101704,09-06-2023,FY2023,Q2,June,North,Consumer Goods,Calculator,Corporate,Amit,1,49098.83,31869.06,17229.77,7910.44,9319.33,53164.94,-4066.11,18.98,-2.63,INR
ORD-103581,10-06-2023,FY2023,Q2,June,North,Office Supplies,Notebook,Consumer,Rohit,4,4059.04,2798.98,1260.06,805.6,454.46,3788.61,270.43,11.2,-3.36,INR
ORD-102094,10-06-2023,FY2023,Q2,June,West,Consumer Goods,Calculator,Consumer,Rahul,13,41121.02,26329.22,14791.8,7221.42,7570.38,45227.73,-4106.7,18.41,5.49,INR
ORD-100213,10-06-2023,FY2023,Q2,June,West,Healthcare,BP Monitor,Corporate,Rahul,18,206128.35,122586.4,83541.95,30530.71,53011.25,187934.74,18193.61,25.72,9.89,INR
ORD-104986,10-06-2023,FY2023,Q2,June,East,Healthcare,Medical Kit,Consumer,Amit,7,241192.54,128149.98,113042.57,45629.24,67413.32,266125.56,-24933.02,27.95,0.09,INR
ORD-102170,10-06-2023,FY2023,Q2,June,Central,Consumer Goods,Calculator,Corporate,Vikas,18,197521.2,123200.86,74320.33,29189.76,45130.57,201830.15,-4308.96,22.85,10.05,INR
ORD-100930,11-06-2023,FY2023,Q2,June,Central,Technology,Monitor,Corporate,Vikas,20,899958.7,499316.48,400642.22,148267.55,252374.68,915104.9,-15146.2,28.04,7.65,INR
ORD-102812,11-06-2023,FY2023,Q2,June,West,Technology,Tablet,Consumer,Rahul,1,41599.63,21642.92,19956.72,3817.92,16138.8,45307.83,-3708.19,38.8,12.16,INR
ORD-102070,11-06-2023,FY2023,Q2,June,North,Office Supplies,Stapler,Consumer,Rahul,4,85080.62,50076.08,35004.54,17366.41,17638.14,88445.39,-3364.77,20.73,1.51,INR
ORD-100056,11-06-2023,FY2023,Q2,June,North,Technology,Laptop,Consumer,Rahul,13,77978.03,48518.27,29459.76,10515.24,18944.52,74548.2,3429.82,24.29,17.94,INR
ORD-102712,11-06-2023,FY2023,Q2,June,East,Consumer Goods,Water Bottle,Corporate,Neha,5,156390.95,116032.19,40358.77,30728.73,9630.04,168608.35,-12217.39,6.16,9.9,INR
ORD-104349,11-06-2023,FY2023,Q2,June,West,Furniture,Desk,Consumer,Sneha,7,175364.5,108711.93,66652.57,38037.69,28614.87,195760.07,-20395.58,16.32,-3.11,INR
ORD-103090,11-06-2023,FY2023,Q2,June,North,Office Supplies,Stapler,Small Business,Anjali,10,164157.3,98494.62,65662.68,30279.3,35383.38,158526.7,5630.6,21.55,15.36,INR
ORD-103967,11-06-2023,FY2023,Q2,June,West,Healthcare,BP Monitor,Consumer,Priya,7,179554.45,104259.8,75294.65,25942.18,49352.47,164048.01,15506.45,27.49,19.87,INR
ORD-102656,12-06-2023,FY2023,Q2,June,South,Healthcare,Thermometer,Consumer,Sneha,20,293341.7,187361.43,105980.27,59956.01,46024.26,306489.27,-13147.57,15.69,17.71,INR
ORD-104295,12-06-2023,FY2023,Q2,June,Central,Technology,Monitor,Small Business,Priya,19,58041.26,33576.08,24465.18,8909.05,15556.13,58348.35,-307.1,26.8,16.02,INR
ORD-102140,12-06-2023,FY2023,Q2,June,South,Office Supplies,Pen Set,Corporate,Rohit,20,90538.85,59715.5,30823.35,8903.37,21919.98,99164.6,-8625.76,24.21,24.22,INR
ORD-104058,12-06-2023,FY2023,Q2,June,West,Technology,Smartphone,Consumer,Vikas,7,347114.88,189764.44,157350.44,53344.15,104006.29,316131.64,30983.25,29.96,3.88,INR
ORD-102243,13-06-2023,FY2023,Q2,June,East,Technology,Laptop,Corporate,Priya,3,130241.48,70368.4,59873.08,19682.98,40190.1,129635.28,606.2,30.86,7.17,INR
ORD-101786,13-06-2023,FY2023,Q2,June,South,Healthcare,Gloves,Small Business,Neha,3,80318.15,55121.29,25196.86,15931.72,9265.14,85807.94,-5489.79,11.54,12.4,INR
ORD-101866,13-06-2023,FY2023,Q2,June,Central,Technology,Smartphone,Small Business,Vikas,14,257844.5,155896.66,101947.84,22151.96,79795.89,238276.46,19568.04,30.95,-7.32,INR
ORD-104382,13-06-2023,FY2023,Q2,June,North,Office Supplies,Notebook,Small Business,Rahul,11,540225.35,359376.19,180849.16,116711.15,64138.01,528774.64,11450.71,11.87,3.18,INR
ORD-102625,13-06-2023,FY2023,Q2,June,East,Technology,Smartphone,Consumer,Amit,7,275215.14,167541.76,107673.38,37377.67,70295.71,296151.1,-20935.96,25.54,23.29,INR
ORD-101493,14-06-2023,FY2023,Q2,June,South,Healthcare,Medical Kit,Consumer,Vikas,5,208760.26,153298.82,55461.44,33246.31,22215.13,224909.84,-16149.59,10.64,18.5,INR
ORD-104906,14-06-2023,FY2023,Q2,June,West,Consumer Goods,Travel Bag,Consumer,Sneha,20,36071.47,21055.36,15016.11,2903.34,12112.77,38958.27,-2886.8,33.58,8.01,INR
ORD-104252,14-06-2023,FY2023,Q2,June,Central,Healthcare,First Aid Box,Corporate,Anjali,10,364122.57,242771.15,121351.42,59466.69,61884.73,394555.61,-30433.04,17,-5.1,INR
ORD-102619,14-06-2023,FY2023,Q2,June,South,Consumer Goods,Backpack,Corporate,Neha,18,228666.43,127785.83,100880.59,43180.23,57700.37,210309.01,18357.41,25.23,19.79,INR
ORD-102160,14-06-2023,FY2023,Q2,June,West,Furniture,Cabinet,Small Business,Vikas,3,49404.09,27951.18,21452.91,10096.27,11356.64,54304.03,-4899.95,22.99,10.6,INR
ORD-100948,14-06-2023,FY2023,Q2,June,Central,Consumer Goods,Backpack,Small Business,Rohit,5,7366.49,4494.49,2872,1588.2,1283.8,7225.52,140.97,17.43,17.75,INR
ORD-100599,15-06-2023,FY2023,Q2,June,North,Healthcare,BP Monitor,Small Business,Neha,18,292629.63,210160.05,82469.58,45881.29,36588.29,300137.67,-7508.04,12.5,8.17,INR
ORD-104052,15-06-2023,FY2023,Q2,June,Central,Office Supplies,Pen Set,Consumer,Vikas,18,701217.59,514613.64,186603.95,82822.32,103781.63,656618.22,44599.38,14.8,6.43,INR
ORD-103684,15-06-2023,FY2023,Q2,June,East,Consumer Goods,Travel Bag,Corporate,Rahul,8,153774.81,96162.56,57612.25,14272.49,43339.77,140427.39,13347.42,28.18,24.32,INR
ORD-103624,15-06-2023,FY2023,Q2,June,South,Office Supplies,Paper Pack,Small Business,Rohit,11,310650.06,231858.93,78791.13,59540.6,19250.52,329227.09,-18577.03,6.2,-6.68,INR
ORD-103210,15-06-2023,FY2023,Q2,June,West,Consumer Goods,Headphones,Consumer,Priya,19,143716.56,92439.42,51277.15,20823.61,30453.53,155530.43,-11813.86,21.19,-5.28,INR
ORD-101347,15-06-2023,FY2023,Q2,June,South,Consumer Goods,Headphones,Consumer,Amit,1,8164.15,5746.43,2417.72,1368.11,1049.61,7895.43,268.72,12.86,13.35,INR
ORD-103758,15-06-2023,FY2023,Q2,June,North,Consumer Goods,Calculator,Consumer,Priya,3,29981.98,15604.44,14377.54,2658.67,11718.87,28629.47,1352.52,39.09,9.91,INR
ORD-103111,16-06-2023,FY2023,Q2,June,East,Technology,Smartphone,Corporate,Vikas,19,249185.54,156561.49,92624.05,31362.49,61261.56,246410.12,2775.41,24.58,6.93,INR
ORD-100464,16-06-2023,FY2023,Q2,June,West,Furniture,Bookshelf,Corporate,Sneha,7,104190.88,71035.45,33155.43,20500.12,12655.31,97059.17,7131.71,12.15,13.88,INR
ORD-100035,16-06-2023,FY2023,Q2,June,South,Furniture,Office Chair,Corporate,Sneha,18,81445.49,55996.29,25449.21,14378.7,11070.51,86720.6,-5275.11,13.59,22.33,INR
ORD-101010,17-06-2023,FY2023,Q2,June,West,Healthcare,Thermometer,Consumer,Rohit,10,261839.13,200530.66,61308.47,35562.35,25746.12,274696.74,-12857.62,9.83,-3.36,INR
ORD-101945,18-06-2023,FY2023,Q2,June,East,Healthcare,BP Monitor,Corporate,Anjali,12,341122.64,225317.74,115804.9,44303.7,71501.2,346067.28,-4944.64,20.96,21.3,INR
ORD-100452,19-06-2023,FY2023,Q2,June,North,Office Supplies,File Folder,Small Business,Anjali,4,28577.95,21564.61,7013.33,5419.85,1593.49,30367.38,-1789.43,5.58,-7.14,INR
ORD-103273,19-06-2023,FY2023,Q2,June,East,Furniture,Cabinet,Consumer,Rahul,1,45922.09,25892.98,20029.11,9924.88,10104.23,50433.8,-4511.72,22,-6.34,INR
ORD-102576,19-06-2023,FY2023,Q2,June,North,Technology,Laptop,Consumer,Amit,6,36625.92,25270.48,11355.43,5580.87,5774.57,37509.78,-883.87,15.77,22.89,INR
ORD-101189,19-06-2023,FY2023,Q2,June,South,Furniture,Cabinet,Small Business,Rohit,13,160651.29,121249.64,39401.66,22086.24,17315.42,154234.39,6416.9,10.78,17.24,INR
ORD-103651,19-06-2023,FY2023,Q2,June,East,Consumer Goods,Headphones,Consumer,Vikas,11,120874.19,81343.67,39530.52,16041.52,23489,132320.53,-11446.34,19.43,15.32,INR
ORD-102975,19-06-2023,FY2023,Q2,June,South,Technology,Tablet,Small Business,Priya,20,225301.97,143278.41,82023.56,48023.51,34000.05,204381,20920.97,15.09,-1.6,INR
ORD-102842,20-06-2023,FY2023,Q2,June,East,Healthcare,Thermometer,Small Business,Rohit,11,461810.39,339627.1,122183.29,45550.96,76632.33,492966.49,-31156.1,16.59,-0.19,INR
ORD-104132,20-06-2023,FY2023,Q2,June,South,Technology,Monitor,Small Business,Anjali,4,176531.34,117079.89,59451.45,24668.73,34782.72,186599.17,-10067.83,19.7,8.46,INR
ORD-104116,20-06-2023,FY2023,Q2,June,West,Furniture,Bookshelf,Consumer,Rohit,7,275414.71,146085.41,129329.31,32849.02,96480.28,286903.09,-11488.38,35.03,14.93,INR
ORD-104446,20-06-2023,FY2023,Q2,June,East,Healthcare,Thermometer,Small Business,Rahul,17,377435.99,218241.93,159194.06,54481.89,104712.17,385632.63,-8196.63,27.74,4.89,INR
ORD-103453,20-06-2023,FY2023,Q2,June,East,Furniture,Cabinet,Consumer,Vikas,2,4537.81,3290.28,1247.53,563.2,684.33,5038.63,-500.82,15.08,-4.31,INR
ORD-104650,20-06-2023,FY2023,Q2,June,South,Healthcare,BP Monitor,Small Business,Amit,3,80926.25,49744.91,31181.34,6639.36,24541.97,81631.02,-704.77,30.33,20.33,INR
ORD-102974,20-06-2023,FY2023,Q2,June,South,Consumer Goods,Calculator,Consumer,Priya,9,111953.86,68894.45,43059.41,12994.62,30064.79,102335.75,9618.11,26.85,8.41,INR
ORD-104585,21-06-2023,FY2023,Q2,June,North,Technology,Monitor,Corporate,Rahul,1,25224.6,16875.91,8348.68,4797.03,3551.66,24069.89,1154.71,14.08,7.87,INR
ORD-101056,21-06-2023,FY2023,Q2,June,Central,Furniture,Cabinet,Corporate,Amit,19,638866.64,450374.86,188491.78,117095.27,71396.51,586770.99,52095.65,11.18,23.66,INR
ORD-100754,21-06-2023,FY2023,Q2,June,North,Furniture,Conference Table,Corporate,Amit,10,110458.14,81680.27,28777.87,18925.06,9852.81,113754.77,-3296.63,8.92,-6.5,INR
ORD-104902,21-06-2023,FY2023,Q2,June,North,Technology,Smartphone,Consumer,Sneha,12,548032.49,304013,244019.49,69868.59,174150.9,512396.55,35635.94,31.78,15.54,INR
ORD-102371,22-06-2023,FY2023,Q2,June,South,Technology,Printer,Corporate,Rohit,8,236622.39,147935.55,88686.84,39663.79,49023.05,254722.39,-18100,20.72,21.44,INR
ORD-101864,22-06-2023,FY2023,Q2,June,West,Technology,Printer,Corporate,Rohit,14,342784.38,264225.52,78558.86,69662.91,8895.94,381243.95,-38459.58,2.6,19.91,INR
ORD-100488,22-06-2023,FY2023,Q2,June,South,Technology,Printer,Consumer,Priya,18,484061.24,293064.26,190996.97,76533.26,114463.71,443066.41,40994.82,23.65,23.57,INR
ORD-100734,22-06-2023,FY2023,Q2,June,North,Healthcare,Thermometer,Corporate,Sneha,10,269629.5,202521.49,67108.01,32759.01,34349,282082.53,-12453.03,12.74,18.34,INR
ORD-104867,22-06-2023,FY2023,Q2,June,South,Consumer Goods,Water Bottle,Consumer,Neha,2,98598.6,71492.53,27106.07,18829.07,8277,109795.58,-11196.98,8.39,-0.17,INR
ORD-104133,22-06-2023,FY2023,Q2,June,West,Furniture,Conference Table,Consumer,Sneha,3,139522.43,85040.04,54482.39,30500.27,23982.13,128230.8,11291.64,17.19,19.86,INR
ORD-100468,22-06-2023,FY2023,Q2,June,North,Technology,Printer,Small Business,Amit,5,244369.72,165070.98,79298.74,43871.96,35426.78,264015.26,-19645.54,14.5,8.75,INR
ORD-102419,23-06-2023,FY2023,Q2,June,North,Technology,Monitor,Corporate,Amit,6,82284.75,48462.06,33822.69,7778.02,26044.67,80534.42,1750.32,31.65,-0.75,INR
ORD-102491,23-06-2023,FY2023,Q2,June,North,Consumer Goods,Headphones,Consumer,Rohit,9,96797.32,67736.4,29060.92,14192.62,14868.3,104502.46,-7705.14,15.36,-6.85,INR
ORD-103428,24-06-2023,FY2023,Q2,June,Central,Technology,Printer,Small Business,Amit,16,663510.81,450616.71,212894.1,140921.11,71973,723145.08,-59634.27,10.85,-1.87,INR
ORD-102852,24-06-2023,FY2023,Q2,June,South,Office Supplies,File Folder,Small Business,Rahul,20,600488.85,371202.9,229285.94,123004.69,106281.25,552411.94,48076.9,17.7,15.93,INR
ORD-104629,24-06-2023,FY2023,Q2,June,East,Furniture,Cabinet,Consumer,Rahul,14,166865.29,97390.81,69474.48,16998.67,52475.81,170658.34,-3793.05,31.45,15.14,INR
ORD-103122,24-06-2023,FY2023,Q2,June,West,Consumer Goods,Calculator,Corporate,Anjali,3,111227.53,63033.85,48193.68,9021.1,39172.58,116647.69,-5420.16,35.22,20.54,INR
ORD-104678,24-06-2023,FY2023,Q2,June,South,Furniture,Cabinet,Consumer,Rohit,20,528657.27,283693.52,244963.75,107717.3,137246.45,513855.31,14801.96,25.96,3.96,INR
ORD-102784,24-06-2023,FY2023,Q2,June,Central,Consumer Goods,Calculator,Consumer,Rohit,1,16001.83,9219.69,6782.14,2803.23,3978.92,16575.85,-574.02,24.87,-7.14,INR
ORD-103258,25-06-2023,FY2023,Q2,June,Central,Healthcare,BP Monitor,Consumer,Vikas,12,108882.88,58066.22,50816.66,23316.35,27500.31,113778.57,-4895.68,25.26,-0.9,INR
ORD-100538,26-06-2023,FY2023,Q2,June,Central,Technology,Tablet,Consumer,Amit,1,20506.11,11824.07,8682.04,3407.7,5274.34,19480.11,1026,25.72,22.8,INR
ORD-102185,26-06-2023,FY2023,Q2,June,South,Office Supplies,Notebook,Corporate,Amit,19,330504.51,219240.64,111263.87,46421.22,64842.65,328000.07,2504.44,19.62,10.38,INR
ORD-102773,26-06-2023,FY2023,Q2,June,West,Healthcare,Thermometer,Small Business,Anjali,19,503506.2,351271.32,152234.88,66042.46,86192.41,479692.01,23814.18,17.12,5.43,INR
ORD-100888,26-06-2023,FY2023,Q2,June,North,Technology,Tablet,Consumer,Priya,5,133172.95,92263.1,40909.85,23585.54,17324.31,129704.34,3468.61,13.01,10.46,INR
ORD-103927,26-06-2023,FY2023,Q2,June,North,Healthcare,Thermometer,Corporate,Priya,3,44841.95,29554.97,15286.98,4526.69,10760.29,44429.29,412.66,24,-5.57,INR
ORD-100420,26-06-2023,FY2023,Q2,June,North,Furniture,Desk,Small Business,Vikas,20,401579.05,243431.3,158147.75,85634.75,72513,432082.53,-30503.48,18.06,1.23,INR
ORD-104829,28-06-2023,FY2023,Q2,June,South,Technology,Tablet,Consumer,Anjali,8,109768.83,62306.08,47462.75,12007.71,35455.04,104007.18,5761.65,32.3,22.25,INR
ORD-104887,28-06-2023,FY2023,Q2,June,South,Technology,Monitor,Small Business,Priya,1,42494.92,28902.84,13592.09,3443.7,10148.39,38744.34,3750.58,23.88,13.49,INR
ORD-104604,28-06-2023,FY2023,Q2,June,South,Technology,Smartphone,Consumer,Rohit,19,532122.25,313156.05,218966.2,107041.23,111924.97,559325.93,-27203.68,21.03,17.66,INR
ORD-102430,28-06-2023,FY2023,Q2,June,West,Technology,Smartphone,Small Business,Anjali,3,93829.9,56620.78,37209.13,11243.69,25965.44,95775.6,-1945.69,27.67,15.02,INR
ORD-104655,28-06-2023,FY2023,Q2,June,South,Furniture,Cabinet,Corporate,Anjali,15,612179.46,468030.99,144148.47,93721.13,50427.34,661426.66,-49247.2,8.24,-2.96,INR
ORD-103714,28-06-2023,FY2023,Q2,June,Central,Consumer Goods,Headphones,Consumer,Anjali,17,667368.47,427028.33,240340.14,56933.1,183407.04,694831.6,-27463.12,27.48,-4.56,INR
ORD-100252,30-06-2023,FY2023,Q2,June,South,Consumer Goods,Headphones,Consumer,Rahul,20,672697.2,380488.74,292208.46,145462.73,146745.73,615723.57,56973.63,21.81,18.47,INR
ORD-103059,30-06-2023,FY2023,Q2,June,North,Technology,Smartphone,Corporate,Anjali,12,319400.28,189631.8,129768.48,53547.94,76220.54,292639.33,26760.95,23.86,4.98,INR
ORD-103773,30-06-2023,FY2023,Q2,June,East,Furniture,Bookshelf,Consumer,Vikas,2,55519.57,32554.94,22964.63,5306.22,17658.41,51330.71,4188.85,31.81,17.33,INR
ORD-104330,01-07-2023,FY2023,Q3,July,West,Furniture,Cabinet,Small Business,Priya,18,17449.67,11033.99,6415.68,1802.91,4612.77,17043.52,406.14,26.43,9.79,INR
ORD-100949,01-07-2023,FY2023,Q3,July,South,Furniture,Desk,Small Business,Priya,3,71727.28,38508.89,33218.39,13545.03,19673.36,71019.89,707.38,27.43,5.73,INR
ORD-103124,02-07-2023,FY2023,Q3,July,North,Office Supplies,Paper Pack,Consumer,Rohit,17,519886.42,309863,210023.42,98135.41,111888.01,545531.28,-25644.85,21.52,6.61,INR
ORD-102085,02-07-2023,FY2023,Q3,July,East,Technology,Laptop,Consumer,Amit,8,225466.17,132478.89,92987.29,19827.92,73159.37,238795.25,-13329.08,32.45,14.78,INR
ORD-102474,02-07-2023,FY2023,Q3,July,West,Consumer Goods,Travel Bag,Small Business,Sneha,6,109678.7,74858.52,34820.19,18988.26,15831.92,100163.53,9515.18,14.43,-1.58,INR
ORD-101965,02-07-2023,FY2023,Q3,July,East,Furniture,Bookshelf,Corporate,Amit,17,483579.88,330739.95,152839.94,74828.2,78011.74,442215.86,41364.03,16.13,0.22,INR
ORD-103973,02-07-2023,FY2023,Q3,July,North,Furniture,Conference Table,Consumer,Anjali,14,593721.26,452089.33,141631.93,64552.63,77079.3,620770.04,-27048.77,12.98,4.25,INR
ORD-101104,02-07-2023,FY2023,Q3,July,South,Furniture,Cabinet,Consumer,Rohit,6,57418.08,41364.25,16053.83,9545.33,6508.51,55855.07,1563.01,11.34,11.6,INR
ORD-102733,02-07-2023,FY2023,Q3,July,North,Office Supplies,Stapler,Corporate,Sneha,19,942246.19,620386.23,321859.96,204450.2,117409.76,1037964.74,-95718.55,12.46,2.29,INR
ORD-104857,02-07-2023,FY2023,Q3,July,South,Office Supplies,Paper Pack,Corporate,Priya,8,41049.31,28149.25,12900.06,4747.89,8152.17,38290.37,2758.94,19.86,16.65,INR
ORD-101874,02-07-2023,FY2023,Q3,July,West,Consumer Goods,Backpack,Corporate,Neha,6,89560.08,60625.78,28934.31,17540.75,11393.56,86975.57,2584.51,12.72,20.55,INR
ORD-103774,03-07-2023,FY2023,Q3,July,East,Office Supplies,Stapler,Corporate,Rohit,5,224904.51,164174.88,60729.63,28310.88,32418.75,210625.25,14279.25,14.41,2.79,INR
ORD-103924,03-07-2023,FY2023,Q3,July,East,Technology,Laptop,Consumer,Neha,8,98941.56,53237.72,45703.85,10010.13,35693.72,102595.24,-3653.68,36.08,19.85,INR
ORD-100609,03-07-2023,FY2023,Q3,July,North,Office Supplies,Stapler,Consumer,Priya,19,802154.7,442913.64,359241.06,168760.65,190480.42,765023.8,37130.9,23.75,11.86,INR
ORD-103949,03-07-2023,FY2023,Q3,July,Central,Office Supplies,Paper Pack,Corporate,Sneha,2,71824.08,41354.97,30469.11,7665.41,22803.7,77013.75,-5189.67,31.75,-4.92,INR
ORD-102716,03-07-2023,FY2023,Q3,July,West,Consumer Goods,Headphones,Corporate,Anjali,17,503889.33,293535.48,210353.84,106940.13,103413.71,496038.65,7850.68,20.52,-4.54,INR
ORD-104344,04-07-2023,FY2023,Q3,July,Central,Office Supplies,Paper Pack,Small Business,Anjali,13,549104.59,410044.57,139060.02,62674.77,76385.25,520428.88,28675.71,13.91,-1.91,INR
ORD-103829,04-07-2023,FY2023,Q3,July,East,Technology,Laptop,Corporate,Rohit,3,51330.27,32477.49,18852.78,5026.2,13826.58,52227.37,-897.1,26.94,-0.63,INR
ORD-103486,04-07-2023,FY2023,Q3,July,North,Healthcare,Gloves,Consumer,Neha,8,210763.2,135458.16,75305.04,39644.07,35660.97,217148.52,-6385.32,16.92,-6.59,INR
ORD-101446,05-07-2023,FY2023,Q3,July,North,Technology,Tablet,Consumer,Anjali,17,31139.85,20344.86,10794.99,4952.95,5842.04,28603.76,2536.08,18.76,5.64,INR
ORD-104299,06-07-2023,FY2023,Q3,July,North,Office Supplies,File Folder,Consumer,Anjali,14,168578.49,130973.66,37604.84,30435.92,7168.92,164851.26,3727.23,4.25,14.41,INR
ORD-101150,06-07-2023,FY2023,Q3,July,South,Office Supplies,Paper Pack,Consumer,Anjali,13,437333.36,331572.24,105761.11,57927.57,47833.55,448976.96,-11643.6,10.94,21.92,INR
ORD-104206,06-07-2023,FY2023,Q3,July,Central,Office Supplies,Notebook,Consumer,Rahul,14,585184.25,349168.21,236016.05,108996.68,127019.36,566936,18248.25,21.71,15.28,INR
ORD-103801,06-07-2023,FY2023,Q3,July,East,Technology,Printer,Small Business,Vikas,1,47201.31,27651.87,19549.44,5213.27,14336.16,45722.5,1478.81,30.37,8.2,INR
ORD-100167,06-07-2023,FY2023,Q3,July,South,Furniture,Bookshelf,Consumer,Priya,15,749635.28,553779.55,195855.73,163626.82,32228.91,715486.99,34148.29,4.3,17.54,INR
ORD-104107,06-07-2023,FY2023,Q3,July,South,Technology,Smartphone,Consumer,Sneha,14,107691.07,80885.93,26805.14,22587.07,4218.06,105577.17,2113.9,3.92,16.51,INR
ORD-101029,06-07-2023,FY2023,Q3,July,Central,Technology,Printer,Small Business,Rahul,1,35563.18,21667.81,13895.37,4013.18,9882.2,33451.42,2111.76,27.79,3.05,INR
ORD-102966,06-07-2023,FY2023,Q3,July,North,Technology,Printer,Corporate,Rahul,18,256440.45,175688.18,80752.27,21538.61,59213.66,266157.43,-9716.98,23.09,2.3,INR
ORD-102055,07-07-2023,FY2023,Q3,July,South,Healthcare,Gloves,Consumer,Rohit,2,27911.61,20850.9,7060.71,4144.64,2916.07,30091.46,-2179.85,10.45,1.47,INR
ORD-103810,07-07-2023,FY2023,Q3,July,East,Technology,Smartphone,Corporate,Neha,5,144968.65,97151.35,47817.29,20525.68,27291.61,137008.96,7959.69,18.83,-6.05,INR
ORD-100071,07-07-2023,FY2023,Q3,July,East,Furniture,Bookshelf,Consumer,Sneha,12,342142.8,197069.34,145073.46,63725.56,81347.9,353020.8,-10878,23.78,17.86,INR
ORD-102695,07-07-2023,FY2023,Q3,July,South,Healthcare,First Aid Box,Corporate,Amit,5,192740.34,116719.02,76021.32,25497.83,50523.5,211026.13,-18285.79,26.21,4.94,INR
ORD-102705,07-07-2023,FY2023,Q3,July,East,Consumer Goods,Water Bottle,Consumer,Anjali,16,300685.52,178463.77,122221.75,40184.16,82037.59,275748.42,24937.1,27.28,7.68,INR
ORD-104439,07-07-2023,FY2023,Q3,July,North,Consumer Goods,Calculator,Small Business,Neha,8,49019.25,28652.9,20366.35,7911.45,12454.9,45521.37,3497.89,25.41,-2.16,INR
ORD-102131,07-07-2023,FY2023,Q3,July,West,Technology,Printer,Consumer,Anjali,12,67525.66,47558.03,19967.63,12448.18,7519.45,69430.06,-1904.4,11.14,-2,INR
ORD-101099,07-07-2023,FY2023,Q3,July,East,Office Supplies,Paper Pack,Corporate,Neha,2,63667.77,45907.2,17760.57,10691.17,7069.39,70861.36,-7193.59,11.1,9.14,INR
ORD-104448,07-07-2023,FY2023,Q3,July,Central,Healthcare,BP Monitor,Consumer,Priya,13,323735.21,178357.48,145377.72,51512.78,93864.94,346117.44,-22382.23,28.99,-3.5,INR
ORD-103654,08-07-2023,FY2023,Q3,July,West,Office Supplies,Pen Set,Consumer,Neha,19,335845.16,246024.04,89821.12,62442.55,27378.57,349322.7,-13477.54,8.15,1.42,INR
ORD-104543,08-07-2023,FY2023,Q3,July,South,Office Supplies,File Folder,Small Business,Vikas,4,167581.14,93687.62,73893.53,30031.64,43861.89,155274.49,12306.65,26.17,1.03,INR
ORD-103046,08-07-2023,FY2023,Q3,July,North,Consumer Goods,Water Bottle,Consumer,Neha,16,285293.52,160392.89,124900.63,43385.73,81514.89,279654.7,5638.82,28.57,14.52,INR
ORD-101949,09-07-2023,FY2023,Q3,July,West,Furniture,Conference Table,Consumer,Rahul,12,432399.26,317189.23,115210.03,67124.74,48085.3,405113.12,27286.14,11.12,5.79,INR
ORD-104413,09-07-2023,FY2023,Q3,July,South,Furniture,Cabinet,Corporate,Rahul,19,797801.4,586805.45,210995.95,167882.05,43113.91,760372.78,37428.62,5.4,-0.14,INR
ORD-102303,09-07-2023,FY2023,Q3,July,South,Office Supplies,Stapler,Consumer,Amit,13,187150.36,102752.2,84398.16,16807.58,67590.58,174606.54,12543.81,36.12,14.82,INR
ORD-101828,09-07-2023,FY2023,Q3,July,East,Furniture,Conference Table,Consumer,Anjali,1,8707.32,6160.28,2547.04,1015.69,1531.36,8779.88,-72.56,17.59,0.47,INR
ORD-100132,09-07-2023,FY2023,Q3,July,North,Consumer Goods,Backpack,Corporate,Vikas,5,183784.82,111958.6,71826.22,18965.55,52860.67,191998.99,-8214.18,28.76,-4.77,INR
ORD-100026,09-07-2023,FY2023,Q3,July,East,Technology,Laptop,Consumer,Vikas,9,270968.18,163788.66,107179.52,31441.61,75737.91,285299.2,-14331.02,27.95,-7.04,INR
ORD-100479,09-07-2023,FY2023,Q3,July,Central,Office Supplies,Notebook,Corporate,Sneha,19,536419.57,405953.89,130465.68,43082.77,87382.91,581554.76,-45135.19,16.29,18.93,INR
ORD-104799,10-07-2023,FY2023,Q3,July,West,Consumer Goods,Backpack,Corporate,Vikas,12,75886.15,44063.04,31823.12,13912.54,17910.58,71171.03,4715.12,23.6,3.78,INR
ORD-101222,10-07-2023,FY2023,Q3,July,North,Consumer Goods,Calculator,Consumer,Sneha,6,197014.13,108484.64,88529.48,33198.26,55331.22,186679.18,10334.94,28.08,15.72,INR
ORD-100256,10-07-2023,FY2023,Q3,July,South,Healthcare,Thermometer,Consumer,Vikas,15,682561.92,441154.05,241407.86,65861.84,175546.02,632830.34,49731.58,25.72,7.23,INR
ORD-102335,10-07-2023,FY2023,Q3,July,East,Technology,Printer,Consumer,Sneha,16,699774.88,441505.6,258269.29,61969.27,196300.01,636570.6,63204.28,28.05,15.5,INR
ORD-104891,10-07-2023,FY2023,Q3,July,Central,Office Supplies,File Folder,Small Business,Vikas,6,118992.16,71504.23,47487.93,17094.18,30393.75,114611.93,4380.23,25.54,17.67,INR
ORD-104815,10-07-2023,FY2023,Q3,July,West,Furniture,Office Chair,Consumer,Anjali,20,389438.13,203125.62,186312.51,76965.74,109346.77,418811.31,-29373.18,28.08,-0.49,INR
ORD-103746,11-07-2023,FY2023,Q3,July,East,Consumer Goods,Backpack,Consumer,Neha,9,300734.59,177125.16,123609.43,42757.29,80852.14,277709.15,23025.44,26.88,4.6,INR
ORD-101887,11-07-2023,FY2023,Q3,July,East,Office Supplies,Pen Set,Corporate,Amit,13,111327.88,66717.09,44610.79,17248.87,27361.92,123140.88,-11812.99,24.58,5.2,INR
ORD-100403,11-07-2023,FY2023,Q3,July,Central,Healthcare,BP Monitor,Corporate,Sneha,18,333517.39,186953.66,146563.73,36051.75,110511.98,329652.45,3864.94,33.14,4.9,INR
ORD-103125,11-07-2023,FY2023,Q3,July,East,Office Supplies,Paper Pack,Small Business,Vikas,11,347794.83,196109.24,151685.6,31447.94,120237.66,387765.89,-39971.05,34.57,11.08,INR
ORD-104003,11-07-2023,FY2023,Q3,July,East,Technology,Monitor,Corporate,Priya,5,5909.51,4043.53,1865.98,680.91,1185.07,5652.19,257.32,20.05,-1.42,INR
ORD-103911,11-07-2023,FY2023,Q3,July,East,Furniture,Desk,Consumer,Amit,15,281001.63,164656.68,116344.94,58841.04,57503.91,268067.72,12933.91,20.46,17.49,INR
ORD-103765,11-07-2023,FY2023,Q3,July,North,Furniture,Office Chair,Corporate,Sneha,11,334348.4,175340.93,159007.46,30961.55,128045.91,351469.55,-17121.15,38.3,0.29,INR
ORD-101261,11-07-2023,FY2023,Q3,July,South,Consumer Goods,Water Bottle,Consumer,Rahul,8,286614.19,157081.26,129532.92,25686.92,103846,280251.96,6362.23,36.23,18.21,INR
ORD-104010,11-07-2023,FY2023,Q3,July,South,Technology,Monitor,Corporate,Rahul,14,244105.54,136472.74,107632.8,36469.04,71163.76,253252.28,-9146.73,29.15,-2.77,INR
ORD-103669,12-07-2023,FY2023,Q3,July,South,Technology,Smartphone,Consumer,Vikas,3,116047.27,87784.05,28263.22,15809.1,12454.12,107356.99,8690.28,10.73,15.74,INR
ORD-103144,12-07-2023,FY2023,Q3,July,East,Office Supplies,Pen Set,Small Business,Vikas,16,562566.33,349590.08,212976.26,64085.67,148890.58,594337.56,-31771.23,26.47,11.62,INR
ORD-103451,12-07-2023,FY2023,Q3,July,South,Furniture,Conference Table,Consumer,Rahul,11,43401.47,26348.59,17052.88,6762.43,10290.45,39904.41,3497.06,23.71,18.6,INR
ORD-104430,12-07-2023,FY2023,Q3,July,North,Furniture,Office Chair,Consumer,Rohit,16,691778.85,518487.34,173291.51,128932.84,44358.67,655560.38,36218.46,6.41,0.26,INR
ORD-100920,13-07-2023,FY2023,Q3,July,East,Consumer Goods,Backpack,Corporate,Priya,5,107705.01,73965.81,33739.2,19232.86,14506.34,98614.56,9090.45,13.47,21.97,INR
ORD-102438,13-07-2023,FY2023,Q3,July,Central,Office Supplies,Paper Pack,Corporate,Neha,11,72161.66,46018.01,26143.65,9354,16789.65,71507.64,654.02,23.27,-1.13,INR
ORD-102699,13-07-2023,FY2023,Q3,July,North,Technology,Monitor,Consumer,Amit,12,409027.34,292107.33,116920,72072.33,44847.67,454631.24,-45603.9,10.96,1.63,INR
ORD-102679,13-07-2023,FY2023,Q3,July,North,Healthcare,Medical Kit,Small Business,Rohit,1,16502.96,11112.28,5390.68,1525.77,3864.91,16197.03,305.93,23.42,1.55,INR
ORD-101370,13-07-2023,FY2023,Q3,July,Central,Technology,Tablet,Consumer,Priya,12,327059.14,230495.8,96563.34,52417.17,44146.17,345173.15,-18114.01,13.5,4.04,INR
ORD-104301,13-07-2023,FY2023,Q3,July,Central,Office Supplies,Stapler,Consumer,Anjali,4,177073.04,132941.1,44131.94,23814.15,20317.79,167670.94,9402.09,11.47,22.23,INR
ORD-103481,13-07-2023,FY2023,Q3,July,East,Office Supplies,Notebook,Corporate,Neha,19,534999.67,281921.99,253077.68,112259.69,140817.99,550848.94,-15849.27,26.32,-2.18,INR
ORD-100730,13-07-2023,FY2023,Q3,July,West,Consumer Goods,Backpack,Corporate,Neha,12,114471.18,62289.07,52182.11,19533.68,32648.44,110837.29,3633.89,28.52,-3.06,INR
ORD-102878,14-07-2023,FY2023,Q3,July,North,Consumer Goods,Water Bottle,Small Business,Neha,8,199432.39,129310.87,70121.52,39577.82,30543.7,218665.45,-19233.06,15.32,-4.56,INR
ORD-102535,14-07-2023,FY2023,Q3,July,Central,Office Supplies,Pen Set,Consumer,Vikas,20,433304.93,334624.86,98680.07,47751.2,50928.87,481085.84,-47780.91,11.75,-2.7,INR
ORD-104326,14-07-2023,FY2023,Q3,July,East,Healthcare,Medical Kit,Consumer,Vikas,19,927574.05,680054.51,247519.54,133529.08,113990.46,950283.25,-22709.2,12.29,10.78,INR
ORD-103565,14-07-2023,FY2023,Q3,July,North,Furniture,Office Chair,Consumer,Anjali,3,144505.13,89488.74,55016.39,13969.01,41047.38,133452.13,11053,28.41,10.59,INR
ORD-104385,14-07-2023,FY2023,Q3,July,South,Office Supplies,Paper Pack,Small Business,Vikas,5,179656.62,119165.88,60490.74,19887.38,40603.36,173740.75,5915.87,22.6,8.31,INR
ORD-104246,14-07-2023,FY2023,Q3,July,West,Technology,Smartphone,Small Business,Rohit,15,344516.71,203050.68,141466.03,40387.07,101078.96,355509.61,-10992.9,29.34,1.28,INR
ORD-103426,14-07-2023,FY2023,Q3,July,West,Technology,Smartphone,Corporate,Anjali,1,42344.14,22818.48,19525.66,6548.94,12976.73,41350.31,993.83,30.65,7.83,INR
ORD-102286,15-07-2023,FY2023,Q3,July,West,Furniture,Office Chair,Consumer,Vikas,13,602973.47,442546.51,160426.96,100348.07,60078.89,640526.93,-37553.46,9.96,12.56,INR
ORD-102150,15-07-2023,FY2023,Q3,July,Central,Technology,Monitor,Small Business,Priya,7,287426.78,192398.08,95028.7,44684.95,50343.75,272697.21,14729.57,17.52,10.82,INR
ORD-100811,15-07-2023,FY2023,Q3,July,South,Consumer Goods,Calculator,Corporate,Amit,10,359353.97,241424.49,117929.49,76285.93,41643.55,343590.56,15763.42,11.59,20.9,INR
ORD-103353,15-07-2023,FY2023,Q3,July,East,Technology,Laptop,Consumer,Vikas,3,78596.4,46530.17,32066.23,12282.81,19783.42,76456.57,2139.84,25.17,19.13,INR
ORD-104611,16-07-2023,FY2023,Q3,July,West,Consumer Goods,Travel Bag,Small Business,Sneha,8,201348.62,148886.91,52461.7,31794.72,20666.99,191995.87,9352.74,10.26,20.42,INR
ORD-104830,16-07-2023,FY2023,Q3,July,East,Furniture,Bookshelf,Consumer,Amit,15,299323.48,181985.11,117338.37,26634.16,90704.21,330704.71,-31381.23,30.3,1.55,INR
ORD-103181,16-07-2023,FY2023,Q3,July,North,Healthcare,BP Monitor,Small Business,Priya,20,517046.21,328052.25,188993.95,89722.22,99271.73,496037.26,21008.94,19.2,-7.09,INR
ORD-102774,17-07-2023,FY2023,Q3,July,East,Furniture,Office Chair,Consumer,Anjali,13,628557.13,464376.6,164180.54,114888.82,49291.72,671901.12,-43343.98,7.84,9.51,INR
ORD-102188,17-07-2023,FY2023,Q3,July,North,Office Supplies,Stapler,Consumer,Priya,8,19662.09,13858.99,5803.1,4228.95,1574.15,18493.67,1168.42,8.01,-1.28,INR
ORD-100162,17-07-2023,FY2023,Q3,July,South,Office Supplies,Stapler,Consumer,Neha,8,136257.75,98569.98,37687.77,22425.5,15262.27,140884.46,-4626.71,11.2,-4.59,INR
ORD-101507,17-07-2023,FY2023,Q3,July,West,Healthcare,Medical Kit,Corporate,Neha,10,35630.7,23665.47,11965.23,6814.76,5150.48,38659.85,-3029.14,14.46,0.15,INR
ORD-102096,17-07-2023,FY2023,Q3,July,West,Furniture,Desk,Corporate,Priya,6,93744.24,58306.66,35437.57,18934,16503.57,97106.73,-3362.5,17.6,0.94,INR
ORD-100797,17-07-2023,FY2023,Q3,July,East,Technology,Printer,Consumer,Amit,7,327401.54,186535.66,140865.89,40675.06,100190.83,297593.73,29807.81,30.6,3.52,INR
ORD-102156,18-07-2023,FY2023,Q3,July,North,Technology,Smartphone,Small Business,Anjali,4,107662.43,79595.26,28067.16,22634.01,5433.15,113857.25,-6194.83,5.05,21.4,INR
ORD-101319,18-07-2023,FY2023,Q3,July,North,Technology,Monitor,Consumer,Neha,7,146244.99,85016.92,61228.08,26116.5,35111.58,136632.82,9612.17,24.01,10.29,INR
ORD-104826,18-07-2023,FY2023,Q3,July,Central,Healthcare,Thermometer,Consumer,Amit,9,308923.48,218916.45,90007.02,41726.74,48280.28,325480.02,-16556.54,15.63,24.8,INR
ORD-103023,18-07-2023,FY2023,Q3,July,Central,Furniture,Office Chair,Corporate,Rohit,14,105203.72,70806.55,34397.17,19196.49,15200.68,104781.06,422.66,14.45,-5.29,INR
ORD-101903,19-07-2023,FY2023,Q3,July,South,Technology,Smartphone,Consumer,Anjali,16,271832.91,144409.38,127423.53,53760.3,73663.23,294282.44,-22449.52,27.1,18.6,INR
ORD-103792,20-07-2023,FY2023,Q3,July,North,Consumer Goods,Travel Bag,Consumer,Rahul,20,300680.61,212495.29,88185.33,28990.1,59195.23,321288.9,-20608.28,19.69,-1.13,INR
ORD-102696,20-07-2023,FY2023,Q3,July,South,Office Supplies,Stapler,Small Business,Priya,13,465761.48,287020.38,178741.1,62262.8,116478.3,449201.19,16560.29,25.01,0.91,INR
ORD-101043,20-07-2023,FY2023,Q3,July,South,Consumer Goods,Calculator,Corporate,Rohit,9,72480.96,50135.6,22345.36,7155.16,15190.2,71107.15,1373.81,20.96,15.81,INR
ORD-102329,20-07-2023,FY2023,Q3,July,West,Healthcare,Medical Kit,Corporate,Anjali,6,191146.22,131829.88,59316.33,37661.6,21654.73,180556.42,10589.79,11.33,3.59,INR
ORD-104352,20-07-2023,FY2023,Q3,July,East,Furniture,Conference Table,Consumer,Anjali,10,63306.2,47087.57,16218.63,6449.09,9769.54,64614.68,-1308.49,15.43,13.8,INR
ORD-104118,20-07-2023,FY2023,Q3,July,Central,Office Supplies,Stapler,Consumer,Vikas,5,173746.21,126966.38,46779.82,34702.93,12076.89,177729.55,-3983.34,6.95,24.28,INR
ORD-100090,20-07-2023,FY2023,Q3,July,East,Consumer Goods,Headphones,Consumer,Neha,11,385011.14,212548.59,172462.55,83407.09,89055.45,396058.29,-11047.15,23.13,3.89,INR
ORD-102581,20-07-2023,FY2023,Q3,July,West,Consumer Goods,Calculator,Consumer,Sneha,15,321359.96,213623.82,107736.14,60000.39,47735.75,319555.52,1804.45,14.85,13.43,INR
ORD-100868,21-07-2023,FY2023,Q3,July,South,Office Supplies,Pen Set,Consumer,Rohit,7,125946.13,69592.63,56353.5,27511.55,28841.95,122930.59,3015.54,22.9,-2.22,INR
ORD-100057,21-07-2023,FY2023,Q3,July,North,Consumer Goods,Backpack,Consumer,Anjali,11,446316.38,243581.63,202734.75,36454.91,166279.83,420531.67,25784.7,37.26,8.7,INR
ORD-102052,21-07-2023,FY2023,Q3,July,North,Technology,Monitor,Consumer,Rahul,20,849893.37,642685.57,207207.8,158333.18,48874.62,830123.55,19769.82,5.75,12.21,INR
ORD-103198,21-07-2023,FY2023,Q3,July,East,Consumer Goods,Backpack,Small Business,Priya,18,723530.58,485616.83,237913.75,88241.51,149672.24,780005.96,-56475.38,20.69,4.59,INR
ORD-102508,21-07-2023,FY2023,Q3,July,Central,Healthcare,Thermometer,Consumer,Sneha,2,74720.18,55901.81,18818.37,14963.55,3854.82,70994.65,3725.52,5.16,14.39,INR
ORD-100155,22-07-2023,FY2023,Q3,July,Central,Technology,Printer,Corporate,Rohit,20,706041.3,523883.7,182157.6,116539.16,65618.44,721104.46,-15063.16,9.29,6.61,INR
ORD-103287,22-07-2023,FY2023,Q3,July,North,Consumer Goods,Headphones,Corporate,Rahul,19,501850.23,305383.17,196467.06,107903.72,88563.34,515942.89,-14092.66,17.65,4.89,INR
ORD-100492,22-07-2023,FY2023,Q3,July,Central,Office Supplies,Stapler,Consumer,Priya,19,700199.32,394509.04,305690.28,139668.51,166021.77,690609.65,9589.67,23.71,-3.03,INR
ORD-101988,22-07-2023,FY2023,Q3,July,West,Technology,Smartphone,Corporate,Vikas,1,33239.45,25646.21,7593.24,3477.75,4115.48,31665.9,1573.55,12.38,13.54,INR
ORD-104008,22-07-2023,FY2023,Q3,July,South,Technology,Laptop,Consumer,Rohit,7,49205.22,35746.7,13458.52,5137.84,8320.68,46056.16,3149.06,16.91,-0.81,INR
ORD-103580,23-07-2023,FY2023,Q3,July,East,Healthcare,Gloves,Consumer,Rahul,12,459328.32,341071.01,118257.31,77246.25,41011.06,483431.61,-24103.29,8.93,16.85,INR
ORD-103437,24-07-2023,FY2023,Q3,July,South,Consumer Goods,Headphones,Consumer,Sneha,4,84160.84,48075.1,36085.74,9764.79,26320.95,81350.26,2810.58,31.27,6.51,INR
ORD-102144,24-07-2023,FY2023,Q3,July,South,Office Supplies,Stapler,Consumer,Sneha,2,68997.81,50258.43,18739.38,9277.74,9461.64,66927.03,2070.77,13.71,-3.23,INR
ORD-100615,24-07-2023,FY2023,Q3,July,Central,Consumer Goods,Backpack,Consumer,Amit,16,336111.43,202998.97,133112.46,66235.25,66877.22,305442.81,30668.62,19.9,12.89,INR
ORD-104406,25-07-2023,FY2023,Q3,July,Central,Consumer Goods,Travel Bag,Consumer,Neha,11,250204.85,176797.31,73407.54,47302.71,26104.83,258627.43,-8422.58,10.43,-2.57,INR
ORD-103077,25-07-2023,FY2023,Q3,July,Central,Furniture,Conference Table,Small Business,Anjali,1,9775.7,5820.1,3955.6,963.09,2992.51,10289.7,-514,30.61,13.62,INR
ORD-101329,25-07-2023,FY2023,Q3,July,Central,Furniture,Cabinet,Consumer,Rohit,15,78928.27,43586.9,35341.37,16487.99,18853.38,74524.59,4403.68,23.89,20.34,INR
ORD-100049,25-07-2023,FY2023,Q3,July,West,Office Supplies,Paper Pack,Consumer,Priya,16,663547.26,498862.91,164684.35,103693.85,60990.5,731437.3,-67890.04,9.19,2.43,INR
ORD-104376,25-07-2023,FY2023,Q3,July,Central,Furniture,Bookshelf,Consumer,Vikas,14,239594.17,133084.83,106509.35,33819.6,72689.74,248819.06,-9224.89,30.34,10.43,INR
ORD-103416,25-07-2023,FY2023,Q3,July,West,Technology,Smartphone,Consumer,Rahul,20,837992.49,636162.95,201829.54,111418.89,90410.65,788635.01,49357.48,10.79,17.9,INR
ORD-103503,25-07-2023,FY2023,Q3,July,North,Office Supplies,Notebook,Consumer,Vikas,19,364057.87,236244.2,127813.67,78199.58,49614.08,400002.08,-35944.21,13.63,8.55,INR
ORD-100111,26-07-2023,FY2023,Q3,July,North,Consumer Goods,Headphones,Corporate,Anjali,1,29782.46,16275.31,13507.15,4603.39,8903.76,27996.86,1785.6,29.9,-5.66,INR
ORD-103629,26-07-2023,FY2023,Q3,July,South,Furniture,Cabinet,Corporate,Sneha,10,85482.33,64189.44,21292.88,9660.69,11632.19,94633.27,-9150.94,13.61,-2.63,INR
ORD-103681,26-07-2023,FY2023,Q3,July,East,Office Supplies,File Folder,Corporate,Rahul,9,395395.93,226549.37,168846.56,49609.27,119237.29,409758.12,-14362.19,30.16,24.28,INR
ORD-101391,27-07-2023,FY2023,Q3,July,West,Furniture,Conference Table,Consumer,Rahul,17,389472.29,228496.23,160976.06,64485.52,96490.54,378930.43,10541.86,24.77,-6.14,INR
ORD-100197,27-07-2023,FY2023,Q3,July,West,Healthcare,BP Monitor,Consumer,Neha,6,140406.57,104568.02,35838.55,30659.9,5178.64,131857.01,8549.55,3.69,7.29,INR
ORD-103208,27-07-2023,FY2023,Q3,July,East,Technology,Monitor,Corporate,Amit,13,634787.08,396935.91,237851.17,136963.6,100887.57,586376.18,48410.9,15.89,24.6,INR
ORD-101312,27-07-2023,FY2023,Q3,July,South,Office Supplies,Stapler,Consumer,Vikas,3,147912.32,77384.71,70527.61,14024.49,56503.13,165575.79,-17663.46,38.2,-6.95,INR
ORD-101722,27-07-2023,FY2023,Q3,July,Central,Office Supplies,File Folder,Small Business,Neha,8,327917.84,177445.26,150472.58,36329.72,114142.86,297698.67,30219.17,34.81,8.34,INR
ORD-104908,28-07-2023,FY2023,Q3,July,Central,Office Supplies,Paper Pack,Consumer,Priya,1,36811.59,19959.24,16852.35,3017.69,13834.66,38844.26,-2032.67,37.58,6.77,INR
ORD-104836,28-07-2023,FY2023,Q3,July,South,Technology,Monitor,Consumer,Rohit,8,354118.63,261289.25,92829.39,66492.76,26336.63,383302.82,-29184.19,7.44,-2.83,INR
ORD-102037,28-07-2023,FY2023,Q3,July,West,Consumer Goods,Calculator,Corporate,Sneha,17,180373.92,126832.08,53541.84,29210.4,24331.44,197213.03,-16839.11,13.49,4.8,INR
ORD-102758,28-07-2023,FY2023,Q3,July,Central,Office Supplies,Notebook,Consumer,Neha,14,381437.09,292929.11,88507.98,43133.76,45374.22,401327.05,-19889.96,11.9,-3.99,INR
ORD-102924,29-07-2023,FY2023,Q3,July,East,Office Supplies,File Folder,Corporate,Amit,12,196802.48,129189.98,67612.5,22814.2,44798.31,211929.58,-15127.1,22.76,20.72,INR
ORD-103936,29-07-2023,FY2023,Q3,July,Central,Furniture,Bookshelf,Consumer,Sneha,19,691917.62,523020.46,168897.17,128776.85,40120.32,747947.5,-56029.87,5.8,-2.52,INR
ORD-102346,29-07-2023,FY2023,Q3,July,West,Consumer Goods,Calculator,Consumer,Amit,13,449830.08,319957.6,129872.48,69648.92,60223.57,428465.43,21364.65,13.39,-7.87,INR
ORD-102511,29-07-2023,FY2023,Q3,July,West,Technology,Laptop,Corporate,Priya,14,442739.77,259998.91,182740.86,63830.34,118910.52,475402.87,-32663.1,26.86,-5.77,INR
ORD-102803,29-07-2023,FY2023,Q3,July,East,Office Supplies,Paper Pack,Consumer,Vikas,3,43715.22,24436.85,19278.37,5014.31,14264.05,48034.89,-4319.67,32.63,17.31,INR
ORD-101270,29-07-2023,FY2023,Q3,July,North,Furniture,Bookshelf,Consumer,Anjali,5,87167.04,59607.14,27559.9,10574.92,16984.98,79868.54,7298.5,19.49,15.22,INR
ORD-103643,30-07-2023,FY2023,Q3,July,East,Healthcare,First Aid Box,Small Business,Amit,17,661032.45,367979.46,293052.99,128211.44,164841.54,635765.56,25266.88,24.94,18.93,INR
ORD-102075,30-07-2023,FY2023,Q3,July,Central,Consumer Goods,Headphones,Small Business,Priya,6,146956.72,91185.62,55771.1,21875.05,33896.04,139595.98,7360.74,23.07,-7.06,INR
ORD-104462,30-07-2023,FY2023,Q3,July,South,Technology,Laptop,Small Business,Rohit,19,157538.54,115636.58,41901.96,24045.6,17856.36,170113.85,-12575.31,11.33,0.99,INR
ORD-104453,30-07-2023,FY2023,Q3,July,West,Office Supplies,Pen Set,Corporate,Sneha,15,709305.37,395704.79,313600.58,123654.44,189946.14,735119.98,-25814.61,26.78,5.75,INR
ORD-102294,30-07-2023,FY2023,Q3,July,West,Consumer Goods,Headphones,Corporate,Vikas,14,351189.66,227436.42,123753.25,63381.41,60371.83,388433.68,-37244.01,17.19,21.65,INR
ORD-103274,31-07-2023,FY2023,Q3,July,East,Technology,Monitor,Small Business,Priya,20,279887.43,195510.02,84377.4,57388.33,26989.07,253776.6,26110.82,9.64,-1.45,INR
ORD-103715,31-07-2023,FY2023,Q3,July,Central,Furniture,Bookshelf,Consumer,Vikas,17,87655.74,67337.48,20318.26,14948.41,5369.85,95268.33,-7612.59,6.13,0.13,INR
ORD-104441,31-07-2023,FY2023,Q3,July,West,Technology,Laptop,Small Business,Sneha,16,495418.64,281425.38,213993.26,105017.22,108976.04,448756.61,46662.03,22,17.98,INR
ORD-103066,31-07-2023,FY2023,Q3,July,West,Furniture,Cabinet,Small Business,Sneha,9,414074.02,268425.76,145648.26,47538.56,98109.7,459620.54,-45546.53,23.69,3.44,INR
ORD-102216,01-08-2023,FY2023,Q3,August,North,Consumer Goods,Backpack,Consumer,Rohit,19,427671,239767.53,187903.47,65959.96,121943.5,415883.86,11787.15,28.51,16.04,INR
ORD-101860,01-08-2023,FY2023,Q3,August,Central,Consumer Goods,Headphones,Consumer,Vikas,19,414445.35,290265.74,124179.61,70600.46,53579.15,379803.52,34641.83,12.93,23.61,INR
ORD-103082,01-08-2023,FY2023,Q3,August,East,Technology,Smartphone,Small Business,Amit,3,124245.26,86904.54,37340.72,21549.63,15791.09,120719.92,3525.34,12.71,20.12,INR
ORD-101997,01-08-2023,FY2023,Q3,August,South,Technology,Tablet,Corporate,Neha,11,222131.87,133856.39,88275.48,21590.83,66684.65,222550.08,-418.21,30.02,17.02,INR
ORD-102441,02-08-2023,FY2023,Q3,August,South,Office Supplies,Stapler,Small Business,Rohit,12,220531.06,116776.4,103754.66,27652.69,76101.97,200734.04,19797.02,34.51,-0.75,INR
ORD-100646,02-08-2023,FY2023,Q3,August,East,Technology,Laptop,Consumer,Neha,8,46855.29,33620.4,13234.89,5995.44,7239.44,47774.72,-919.44,15.45,2.81,INR
ORD-104717,02-08-2023,FY2023,Q3,August,West,Consumer Goods,Calculator,Small Business,Rahul,17,454564.12,284328.5,170235.61,37470.92,132764.7,429021.61,25542.5,29.21,19.83,INR
ORD-102213,02-08-2023,FY2023,Q3,August,West,Office Supplies,Paper Pack,Corporate,Priya,15,462999.69,351059.29,111940.4,75421.87,36518.53,502542.49,-39542.8,7.89,2.6,INR
ORD-101353,02-08-2023,FY2023,Q3,August,Central,Consumer Goods,Water Bottle,Corporate,Vikas,8,18907.44,13732.58,5174.85,2476.07,2698.78,18583.32,324.12,14.27,15.83,INR
ORD-104874,03-08-2023,FY2023,Q3,August,South,Furniture,Office Chair,Corporate,Priya,19,789945.3,465477.81,324467.49,87098.63,237368.86,770083.51,19861.78,30.05,-3.81,INR
ORD-100906,03-08-2023,FY2023,Q3,August,Central,Healthcare,BP Monitor,Corporate,Sneha,8,131161.99,98933.12,32228.87,11706.81,20522.06,128146.15,3015.84,15.65,5.01,INR
ORD-103187,03-08-2023,FY2023,Q3,August,South,Office Supplies,File Folder,Consumer,Neha,18,527589.55,287472.1,240117.45,103397.7,136719.75,534638.42,-7048.87,25.91,15.44,INR
ORD-103186,03-08-2023,FY2023,Q3,August,East,Office Supplies,Pen Set,Small Business,Rohit,20,768887.84,412083.93,356803.91,130252.32,226551.59,850117.11,-81229.27,29.46,5.89,INR
ORD-101212,04-08-2023,FY2023,Q3,August,East,Furniture,Bookshelf,Corporate,Neha,16,403239.13,250222.86,153016.27,36154.06,116862.22,409313.92,-6074.79,28.98,-0.63,INR
ORD-104983,04-08-2023,FY2023,Q3,August,East,Healthcare,BP Monitor,Consumer,Anjali,8,207806.76,109541.5,98265.26,44047.56,54217.7,188264.48,19542.29,26.09,10.7,INR
ORD-101177,04-08-2023,FY2023,Q3,August,North,Healthcare,Thermometer,Corporate,Neha,20,486023.74,302155.54,183868.2,41834.84,142033.36,529683.14,-43659.4,29.22,4.66,INR
ORD-104852,04-08-2023,FY2023,Q3,August,South,Technology,Laptop,Consumer,Neha,20,777167.22,428106.06,349061.16,118255.75,230805.41,851163.59,-73996.36,29.7,3.88,INR
ORD-101067,04-08-2023,FY2023,Q3,August,East,Office Supplies,File Folder,Small Business,Sneha,8,372397.19,248705.99,123691.21,70965.6,52725.61,369165.02,3232.17,14.16,-5.96,INR
ORD-102906,04-08-2023,FY2023,Q3,August,West,Healthcare,Thermometer,Corporate,Vikas,5,178303.83,121946.94,56356.9,31852.02,24504.88,196966.03,-18662.2,13.74,8.97,INR
ORD-100818,04-08-2023,FY2023,Q3,August,West,Consumer Goods,Water Bottle,Small Business,Neha,13,275516.21,179379.87,96136.33,58436.37,37699.97,272984.93,2531.28,13.68,18.86,INR
ORD-101946,05-08-2023,FY2023,Q3,August,South,Healthcare,BP Monitor,Corporate,Vikas,14,625368.78,394041.15,231327.64,127325.63,104002.01,575924.03,49444.76,16.63,-7.49,INR
ORD-104855,05-08-2023,FY2023,Q3,August,North,Healthcare,BP Monitor,Consumer,Neha,3,63892.26,47666.63,16225.63,6901.57,9324.06,64183,-290.74,14.59,2,INR
ORD-100069,05-08-2023,FY2023,Q3,August,North,Technology,Tablet,Small Business,Rahul,13,556570.98,302226.58,254344.4,68015.05,186329.35,593944.47,-37373.49,33.48,8.76,INR
ORD-100460,05-08-2023,FY2023,Q3,August,East,Consumer Goods,Travel Bag,Small Business,Priya,11,82888.17,48915.64,33972.54,15807.55,18164.98,82669.24,218.94,21.92,10.58,INR
ORD-101519,05-08-2023,FY2023,Q3,August,West,Office Supplies,Notebook,Consumer,Sneha,11,545207.32,311410.8,233796.52,98808.07,134988.45,491475.3,53732.02,24.76,14.38,INR
ORD-100411,05-08-2023,FY2023,Q3,August,North,Technology,Printer,Consumer,Vikas,11,544062.98,419817.94,124245.04,109285.61,14959.43,545955.37,-1892.39,2.75,10.91,INR
ORD-104523,05-08-2023,FY2023,Q3,August,South,Furniture,Bookshelf,Consumer,Sneha,14,282285.64,156257.97,126027.68,41454.5,84573.18,309563.61,-27277.96,29.96,4.38,INR
ORD-101163,06-08-2023,FY2023,Q3,August,North,Furniture,Office Chair,Consumer,Amit,6,271637.73,159089.56,112548.17,41063.91,71484.25,281819.01,-10181.28,26.32,15.72,INR
ORD-103197,06-08-2023,FY2023,Q3,August,North,Healthcare,BP Monitor,Corporate,Rohit,6,174953.99,121624.89,53329.1,24793.28,28535.82,162639.52,12314.47,16.31,6.16,INR
ORD-102779,06-08-2023,FY2023,Q3,August,North,Furniture,Bookshelf,Consumer,Vikas,2,19333.16,14928.42,4404.74,3533.49,871.25,19403.23,-70.07,4.51,14.02,INR
ORD-100840,06-08-2023,FY2023,Q3,August,West,Furniture,Desk,Consumer,Neha,16,778265.91,498515.3,279750.61,119155.17,160595.44,844602.34,-66336.43,20.64,18.8,INR
ORD-100352,06-08-2023,FY2023,Q3,August,South,Office Supplies,Stapler,Consumer,Sneha,5,198318.71,126617.19,71701.51,38188.09,33513.42,221614.6,-23295.9,16.9,13,INR
ORD-103213,07-08-2023,FY2023,Q3,August,North,Office Supplies,Pen Set,Consumer,Sneha,17,401674.85,272965.65,128709.2,82806.31,45902.89,389875.99,11798.86,11.43,-2,INR
ORD-102348,07-08-2023,FY2023,Q3,August,East,Technology,Smartphone,Small Business,Amit,10,34543.08,18204.63,16338.46,6641.55,9696.91,38535.8,-3992.71,28.07,-3.82,INR
ORD-103817,08-08-2023,FY2023,Q3,August,West,Consumer Goods,Water Bottle,Small Business,Rohit,5,107857.1,56426.73,51430.36,14811.41,36618.95,109372.9,-1515.8,33.95,10.16,INR
ORD-100148,08-08-2023,FY2023,Q3,August,North,Technology,Printer,Small Business,Sneha,7,240238.87,181947.88,58290.99,31973.2,26317.79,233959.02,6279.85,10.95,8.99,INR
ORD-103529,08-08-2023,FY2023,Q3,August,Central,Technology,Monitor,Consumer,Neha,5,167669.22,128294.61,39374.61,16867.81,22506.8,176339.79,-8670.57,13.42,22.39,INR
ORD-102263,08-08-2023,FY2023,Q3,August,North,Technology,Smartphone,Small Business,Sneha,11,215270.88,146430.92,68839.96,40305.2,28534.75,232203.98,-16933.11,13.26,-3.17,INR
ORD-104603,08-08-2023,FY2023,Q3,August,West,Technology,Smartphone,Consumer,Rahul,15,612965.13,357385.78,255579.34,87385.03,168194.31,640293.49,-27328.37,27.44,19.12,INR
ORD-104771,09-08-2023,FY2023,Q3,August,East,Office Supplies,Paper Pack,Corporate,Rahul,19,81066.38,60578.9,20487.48,8567.02,11920.46,77965.22,3101.16,14.7,-2.71,INR
ORD-103499,09-08-2023,FY2023,Q3,August,South,Healthcare,Medical Kit,Small Business,Anjali,3,107422.91,69894.72,37528.19,13055.15,24473.03,115858.46,-8435.55,22.78,10.32,INR
ORD-104270,09-08-2023,FY2023,Q3,August,Central,Furniture,Conference Table,Corporate,Rohit,12,576622.35,425831.79,150790.56,76296.78,74493.77,600058.69,-23436.34,12.92,9.56,INR
ORD-103035,09-08-2023,FY2023,Q3,August,South,Office Supplies,Paper Pack,Small Business,Sneha,17,212944.11,138349.92,74594.19,36481.11,38113.08,214641.19,-1697.08,17.9,-6.7,INR
ORD-102392,10-08-2023,FY2023,Q3,August,Central,Healthcare,Medical Kit,Consumer,Vikas,15,36533.56,20327.92,16205.64,6651.24,9554.4,36807.01,-273.45,26.15,9.74,INR
ORD-104562,10-08-2023,FY2023,Q3,August,South,Healthcare,Thermometer,Corporate,Vikas,6,263178.57,146849.79,116328.78,55730.26,60598.52,289119.56,-25940.99,23.03,14.86,INR
ORD-101383,11-08-2023,FY2023,Q3,August,West,Technology,Printer,Consumer,Sneha,13,645596.55,385284.9,260311.65,119043.72,141267.93,583170.17,62426.38,21.88,5,INR
ORD-102527,11-08-2023,FY2023,Q3,August,East,Technology,Smartphone,Corporate,Sneha,8,217130.72,129548.95,87581.77,39459.26,48122.51,230789.15,-13658.43,22.16,22.96,INR
ORD-104260,12-08-2023,FY2023,Q3,August,South,Furniture,Conference Table,Corporate,Anjali,8,306964.71,171771.33,135193.38,43630.17,91563.21,276869.17,30095.54,29.83,14.05,INR
ORD-104909,12-08-2023,FY2023,Q3,August,North,Consumer Goods,Backpack,Small Business,Rohit,7,277005.79,202813.63,74192.16,47844.46,26347.7,287513.9,-10508.11,9.51,15.64,INR
ORD-101205,12-08-2023,FY2023,Q3,August,Central,Office Supplies,Pen Set,Consumer,Vikas,5,26916.59,18387.17,8529.42,2511.65,6017.77,25938.99,977.6,22.36,22.11,INR
ORD-103803,12-08-2023,FY2023,Q3,August,West,Furniture,Desk,Corporate,Priya,20,683905,369630.02,314274.98,91560.15,222714.84,653060.9,30844.1,32.57,9.42,INR
ORD-104602,12-08-2023,FY2023,Q3,August,West,Consumer Goods,Calculator,Corporate,Neha,20,527887.78,287860.55,240027.22,85052.69,154974.54,584385.68,-56497.9,29.36,21.3,INR
ORD-100537,12-08-2023,FY2023,Q3,August,West,Technology,Tablet,Corporate,Neha,10,168048.1,88507.04,79541.05,15550.32,63990.73,162377.22,5670.88,38.08,-4.24,INR
ORD-102871,13-08-2023,FY2023,Q3,August,North,Office Supplies,Paper Pack,Corporate,Rahul,5,87732.77,57096.66,30636.1,18884.71,11751.39,82481.93,5250.83,13.39,22.91,INR
ORD-100738,13-08-2023,FY2023,Q3,August,South,Office Supplies,File Folder,Consumer,Neha,8,164584.67,106374.77,58209.9,28912.02,29297.88,167444.36,-2859.69,17.8,3.58,INR
ORD-101365,13-08-2023,FY2023,Q3,August,West,Healthcare,Gloves,Consumer,Sneha,16,474125.25,289648.04,184477.21,100600,83877.21,433500.77,40624.48,17.69,15,INR
ORD-104166,13-08-2023,FY2023,Q3,August,South,Office Supplies,Notebook,Consumer,Amit,11,463382.72,311255.47,152127.24,69385.25,82741.99,481499.18,-18116.47,17.86,4.15,INR
ORD-101157,14-08-2023,FY2023,Q3,August,North,Healthcare,Medical Kit,Consumer,Rahul,14,642160.34,397041.22,245119.11,53963.67,191155.45,582991.02,59169.31,29.77,-0.59,INR
ORD-100231,14-08-2023,FY2023,Q3,August,North,Technology,Smartphone,Consumer,Neha,9,389660.36,295913.71,93746.65,50707.52,43039.13,424975.03,-35314.67,11.05,10.73,INR
ORD-103775,14-08-2023,FY2023,Q3,August,Central,Technology,Tablet,Consumer,Neha,14,617447.51,345837.98,271609.53,121161.95,150447.58,678216.66,-60769.15,24.37,-5.86,INR
ORD-104640,14-08-2023,FY2023,Q3,August,East,Consumer Goods,Backpack,Small Business,Amit,10,479074.01,273054.36,206019.65,39203.6,166816.05,473471.68,5602.33,34.82,7.53,INR
ORD-101161,14-08-2023,FY2023,Q3,August,South,Consumer Goods,Backpack,Consumer,Rahul,10,182449.52,125002.67,57446.85,24464.61,32982.24,179191.07,3258.45,18.08,4.7,INR
ORD-103797,15-08-2023,FY2023,Q3,August,West,Furniture,Conference Table,Consumer,Sneha,1,35053.28,18256.96,16796.31,6079.06,10717.26,35792.97,-739.7,30.57,17.2,INR
ORD-102799,15-08-2023,FY2023,Q3,August,South,Healthcare,Medical Kit,Corporate,Rohit,13,78590.12,54078.36,24511.76,16776.05,7735.71,73326.79,5263.33,9.84,22,INR
ORD-102825,15-08-2023,FY2023,Q3,August,East,Technology,Smartphone,Consumer,Sneha,13,491503.31,268092.4,223410.91,57874.41,165536.5,458146.16,33357.14,33.68,20.4,INR
ORD-102340,15-08-2023,FY2023,Q3,August,Central,Technology,Smartphone,Consumer,Vikas,12,481437.61,325098.13,156339.48,94300.57,62038.92,523528.47,-42090.85,12.89,-1.93,INR
ORD-103914,15-08-2023,FY2023,Q3,August,East,Office Supplies,Paper Pack,Small Business,Anjali,16,437729.3,257055.98,180673.32,88435,92238.31,475685.09,-37955.79,21.07,2.35,INR
ORD-102048,15-08-2023,FY2023,Q3,August,Central,Technology,Smartphone,Consumer,Amit,16,387341.79,269432.27,117909.53,49190.42,68719.1,361891.39,25450.41,17.74,11.52,INR
ORD-102230,15-08-2023,FY2023,Q3,August,West,Technology,Monitor,Consumer,Neha,9,422251.27,248824.33,173426.94,37858.24,135568.7,425153.5,-2902.23,32.11,19.14,INR
ORD-102290,15-08-2023,FY2023,Q3,August,East,Healthcare,Medical Kit,Corporate,Amit,11,228556.7,128834.07,99722.62,36114.64,63607.98,219305.85,9250.85,27.83,-2.68,INR
ORD-100817,16-08-2023,FY2023,Q3,August,West,Healthcare,Thermometer,Consumer,Rahul,18,340854.41,259905.1,80949.31,54151.83,26797.49,345181.24,-4326.83,7.86,-1.78,INR
ORD-104989,16-08-2023,FY2023,Q3,August,West,Office Supplies,Notebook,Consumer,Neha,8,360721.2,272153.75,88567.46,74365.11,14202.35,385739.83,-25018.63,3.94,4.23,INR
ORD-104247,16-08-2023,FY2023,Q3,August,North,Consumer Goods,Backpack,Consumer,Vikas,8,227802,128551.83,99250.17,24003.25,75246.92,216352.04,11449.97,33.03,6.77,INR
ORD-100694,16-08-2023,FY2023,Q3,August,Central,Technology,Printer,Consumer,Amit,15,83280.37,64692.99,18587.38,11475.73,7111.65,87830.91,-4550.54,8.54,16.74,INR
ORD-100717,17-08-2023,FY2023,Q3,August,North,Consumer Goods,Calculator,Consumer,Rohit,19,510297.63,326109.07,184188.57,63314.57,120874,561648.13,-51350.49,23.69,14.35,INR
ORD-102846,18-08-2023,FY2023,Q3,August,South,Technology,Smartphone,Corporate,Priya,16,531011.76,286425.2,244586.56,63799.82,180786.74,496726.89,34284.87,34.05,-5.89,INR
ORD-100227,18-08-2023,FY2023,Q3,August,North,Technology,Smartphone,Corporate,Amit,20,265113.62,194344.61,70769.01,22902,47867.01,261929.74,3183.88,18.06,4.64,INR
ORD-103215,18-08-2023,FY2023,Q3,August,South,Technology,Printer,Corporate,Anjali,18,509032.61,273349.05,235683.56,101842.95,133840.61,544853.32,-35820.7,26.29,-5.34,INR
ORD-103598,18-08-2023,FY2023,Q3,August,Central,Office Supplies,Paper Pack,Consumer,Sneha,10,368903.6,220210.5,148693.11,41666.01,107027.09,385421.93,-16518.33,29.01,13.9,INR
ORD-102023,19-08-2023,FY2023,Q3,August,Central,Technology,Laptop,Corporate,Neha,10,394082.51,263219.89,130862.62,32731.96,98130.66,370512.09,23570.42,24.9,9.53,INR
ORD-100120,19-08-2023,FY2023,Q3,August,North,Furniture,Conference Table,Small Business,Anjali,13,191958.61,118698.72,73259.89,42211.24,31048.65,207242.55,-15283.94,16.17,13.46,INR
ORD-101469,19-08-2023,FY2023,Q3,August,South,Technology,Tablet,Corporate,Rahul,15,627866.29,438372.33,189493.96,135985.55,53508.41,697837.57,-69971.28,8.52,9.15,INR
ORD-100085,19-08-2023,FY2023,Q3,August,South,Technology,Tablet,Corporate,Amit,20,626879.58,418487.45,208392.13,85100.22,123291.91,660604.01,-33724.43,19.67,16.96,INR
ORD-102427,20-08-2023,FY2023,Q3,August,South,Healthcare,Medical Kit,Small Business,Vikas,1,32845.45,19571.64,13273.81,6935.03,6338.78,35738.56,-2893.11,19.3,0.02,INR
ORD-101896,20-08-2023,FY2023,Q3,August,West,Consumer Goods,Backpack,Corporate,Vikas,11,274529.85,169115.35,105414.5,47222.62,58191.88,268717.54,5812.31,21.2,9.52,INR
ORD-104865,20-08-2023,FY2023,Q3,August,Central,Consumer Goods,Backpack,Consumer,Neha,8,173618.08,109246.87,64371.21,24285.81,40085.4,176462.54,-2844.46,23.09,13.15,INR
ORD-101923,20-08-2023,FY2023,Q3,August,North,Technology,Monitor,Consumer,Vikas,18,342176.11,182024.82,160151.29,34501.33,125649.96,364233.82,-22057.72,36.72,-4.5,INR
ORD-104659,20-08-2023,FY2023,Q3,August,East,Office Supplies,Notebook,Small Business,Amit,9,318802.95,236694.11,82108.84,66571.35,15537.48,339383.33,-20580.38,4.87,-4.31,INR
ORD-100638,21-08-2023,FY2023,Q3,August,East,Office Supplies,File Folder,Consumer,Neha,6,278260.6,179836.25,98424.35,52436.57,45987.78,282042.98,-3782.38,16.53,-7.17,INR
ORD-102469,21-08-2023,FY2023,Q3,August,South,Consumer Goods,Headphones,Consumer,Vikas,10,332428.67,251241.77,81186.9,59717,21469.9,307684.05,24744.61,6.46,14.31,INR
ORD-100691,21-08-2023,FY2023,Q3,August,South,Technology,Tablet,Consumer,Amit,6,231745.58,141900.56,89845.03,41572.78,48272.25,254829.4,-23083.82,20.83,24.67,INR
ORD-102892,21-08-2023,FY2023,Q3,August,Central,Furniture,Office Chair,Corporate,Rahul,20,593291.16,429029.56,164261.61,95110.39,69151.22,593861.73,-570.57,11.66,22.68,INR
ORD-104689,21-08-2023,FY2023,Q3,August,Central,Healthcare,Medical Kit,Consumer,Rohit,11,495522.16,355247.31,140274.85,63378.23,76896.61,520554.69,-25032.53,15.52,17.87,INR
ORD-102032,22-08-2023,FY2023,Q3,August,North,Office Supplies,Paper Pack,Small Business,Rohit,18,379586.45,279258.08,100328.37,38221.16,62107.21,424993.95,-45407.5,16.36,-5.85,INR
ORD-102824,23-08-2023,FY2023,Q3,August,East,Technology,Tablet,Consumer,Vikas,14,60363.42,35696.88,24666.54,8968.46,15698.08,60417.62,-54.2,26.01,18.02,INR
ORD-102523,23-08-2023,FY2023,Q3,August,North,Technology,Tablet,Consumer,Amit,6,166840.74,101125.32,65715.43,32796.2,32919.23,161481.88,5358.86,19.73,15.36,INR
ORD-101992,23-08-2023,FY2023,Q3,August,Central,Office Supplies,Stapler,Corporate,Rohit,15,303171.15,228423.14,74748.02,60345.73,14402.29,298323.66,4847.49,4.75,8.89,INR
ORD-102786,23-08-2023,FY2023,Q3,August,Central,Healthcare,Thermometer,Consumer,Rohit,9,119335.51,70427.07,48908.44,19476.2,29432.24,113018.4,6317.1,24.66,22.98,INR
ORD-100444,23-08-2023,FY2023,Q3,August,South,Technology,Laptop,Small Business,Sneha,11,516287.42,345296.11,170991.32,51934.66,119056.66,509138.59,7148.83,23.06,-4.27,INR
ORD-103405,23-08-2023,FY2023,Q3,August,South,Technology,Smartphone,Corporate,Sneha,17,205121.56,159896.26,45225.31,40589.89,4635.42,228823.87,-23702.31,2.26,-5.68,INR
ORD-100577,24-08-2023,FY2023,Q3,August,Central,Technology,Tablet,Consumer,Priya,6,194493.93,149382.54,45111.4,31615.19,13496.21,180491.55,14002.39,6.94,-5.33,INR
ORD-103742,24-08-2023,FY2023,Q3,August,Central,Office Supplies,File Folder,Corporate,Vikas,12,223770.68,171668.56,52102.12,29048.79,23053.32,214388.59,9382.08,10.3,-7.36,INR
ORD-104716,24-08-2023,FY2023,Q3,August,South,Consumer Goods,Calculator,Consumer,Anjali,14,324872.32,199066.45,125805.88,32773.49,93032.38,323416.92,1455.4,28.64,8.27,INR
ORD-101987,24-08-2023,FY2023,Q3,August,West,Technology,Laptop,Consumer,Sneha,9,109225.2,75204.15,34021.05,17660.36,16360.69,121607.27,-12382.07,14.98,9.98,INR
ORD-100763,24-08-2023,FY2023,Q3,August,North,Healthcare,First Aid Box,Corporate,Neha,11,315624.15,239166.65,76457.5,45120.53,31336.97,329831.24,-14207.1,9.93,0.56,INR
ORD-104896,25-08-2023,FY2023,Q3,August,East,Healthcare,Gloves,Corporate,Rahul,3,61737.46,44550.01,17187.45,10951.28,6236.17,66019.05,-4281.59,10.1,23.6,INR
ORD-100988,25-08-2023,FY2023,Q3,August,West,Technology,Laptop,Small Business,Rahul,20,714731.72,378519.95,336211.78,117035.14,219176.64,687404.02,27327.7,30.67,16.04,INR
ORD-104111,25-08-2023,FY2023,Q3,August,East,Consumer Goods,Travel Bag,Consumer,Priya,18,409090.15,251693.88,157396.27,63470.11,93926.16,372353.2,36736.96,22.96,19.38,INR
ORD-101733,25-08-2023,FY2023,Q3,August,South,Technology,Tablet,Corporate,Rahul,11,270858.01,143008.05,127849.96,22454.39,105395.57,295331.18,-24473.17,38.91,0.31,INR
ORD-102249,26-08-2023,FY2023,Q3,August,East,Office Supplies,Notebook,Consumer,Amit,13,231832.05,153619.52,78212.53,39909.55,38302.98,252826.48,-20994.43,16.52,9.06,INR
ORD-103869,26-08-2023,FY2023,Q3,August,South,Technology,Printer,Consumer,Neha,3,34820.41,21191.24,13629.16,4371.52,9257.65,35249.72,-429.31,26.59,-6.76,INR
ORD-101984,26-08-2023,FY2023,Q3,August,South,Technology,Smartphone,Corporate,Anjali,6,142999.58,88701.84,54297.74,14250.61,40047.13,147110.01,-4110.43,28.01,-2.5,INR
ORD-101791,26-08-2023,FY2023,Q3,August,West,Consumer Goods,Backpack,Corporate,Sneha,15,460407.72,290836.94,169570.77,65211.75,104359.02,423584.4,36823.32,22.67,7,INR
ORD-103767,26-08-2023,FY2023,Q3,August,North,Consumer Goods,Travel Bag,Small Business,Vikas,9,393659.49,285534.46,108125.02,78705.93,29419.09,376232.28,17427.21,7.47,22.48,INR
ORD-104212,27-08-2023,FY2023,Q3,August,North,Office Supplies,Pen Set,Corporate,Amit,3,86555.82,58565.28,27990.54,13682.64,14307.9,81668.19,4887.63,16.53,-2.9,INR
ORD-104277,27-08-2023,FY2023,Q3,August,East,Technology,Tablet,Consumer,Vikas,10,275004.14,168461.78,106542.36,36722.38,69819.98,267494.1,7510.04,25.39,9.65,INR
ORD-100647,27-08-2023,FY2023,Q3,August,South,Office Supplies,Paper Pack,Small Business,Sneha,2,54230.08,35593.97,18636.11,4728.64,13907.47,54420.85,-190.77,25.65,24.54,INR
ORD-103564,27-08-2023,FY2023,Q3,August,Central,Furniture,Office Chair,Consumer,Amit,13,381045.04,266892.02,114153.03,36198.14,77954.89,355976.22,25068.82,20.46,-6.28,INR
ORD-103436,27-08-2023,FY2023,Q3,August,West,Technology,Printer,Consumer,Anjali,12,492257.28,371368.05,120889.22,93023.63,27865.6,475966.35,16290.92,5.66,22.75,INR
ORD-104203,29-08-2023,FY2023,Q3,August,South,Office Supplies,Stapler,Consumer,Priya,10,472659.3,310040.83,162618.47,57278.41,105340.07,446650.39,26008.91,22.29,0.06,INR
ORD-101662,30-08-2023,FY2023,Q3,August,Central,Consumer Goods,Calculator,Corporate,Amit,18,192181.33,133616.62,58564.7,23469.68,35095.02,195416.59,-3235.27,18.26,15.65,INR
ORD-101363,30-08-2023,FY2023,Q3,August,North,Office Supplies,Pen Set,Corporate,Vikas,20,247956.22,161692.5,86263.72,48383.04,37880.68,235449.81,12506.41,15.28,2.07,INR
ORD-101517,30-08-2023,FY2023,Q3,August,West,Technology,Smartphone,Corporate,Rohit,1,28938.25,21248.03,7690.22,5282.94,2407.28,27268.8,1669.45,8.32,19.15,INR
ORD-103345,30-08-2023,FY2023,Q3,August,East,Consumer Goods,Calculator,Small Business,Anjali,6,198382.16,136909.13,61473.03,20018.43,41454.6,221817.39,-23435.23,20.9,15.31,INR
ORD-101895,30-08-2023,FY2023,Q3,August,South,Furniture,Bookshelf,Consumer,Neha,9,113315.55,88093.15,25222.41,20022.54,5199.87,126875.37,-13559.82,4.59,6.38,INR
ORD-101861,30-08-2023,FY2023,Q3,August,Central,Healthcare,First Aid Box,Consumer,Rohit,14,208510.67,139632.09,68878.57,20159.92,48718.66,216533.66,-8022.99,23.37,14.93,INR
ORD-100040,30-08-2023,FY2023,Q3,August,West,Technology,Tablet,Consumer,Neha,11,98043.25,55811.3,42231.95,18976.77,23255.18,95040.82,3002.43,23.72,24.02,INR
ORD-102203,31-08-2023,FY2023,Q3,August,West,Technology,Laptop,Consumer,Sneha,11,219592.75,142837.12,76755.63,27345.82,49409.81,239178.99,-19586.24,22.5,10.95,INR
ORD-100714,31-08-2023,FY2023,Q3,August,West,Furniture,Conference Table,Consumer,Anjali,1,11377.74,5934.46,5443.28,2147.34,3295.94,12121.58,-743.85,28.97,-6.44,INR
ORD-104443,31-08-2023,FY2023,Q3,August,South,Consumer Goods,Calculator,Consumer,Rohit,14,264483.73,203869.5,60614.23,32043.83,28570.4,251983,12500.72,10.8,1.12,INR
ORD-100873,01-09-2023,FY2023,Q3,September,North,Healthcare,BP Monitor,Consumer,Vikas,17,665066.38,473898.39,191167.99,127903.48,63264.51,670090.81,-5024.43,9.51,20.78,INR
ORD-104520,01-09-2023,FY2023,Q3,September,North,Furniture,Desk,Consumer,Neha,14,566527.87,356080.55,210447.32,59527.95,150919.37,519229.62,47298.26,26.64,13.7,INR
ORD-101765,01-09-2023,FY2023,Q3,September,East,Technology,Tablet,Small Business,Amit,4,127989.54,67909.19,60080.36,19429.61,40650.75,139666.75,-11677.21,31.76,3.61,INR
ORD-104306,02-09-2023,FY2023,Q3,September,East,Consumer Goods,Headphones,Small Business,Amit,10,190699.2,101084.21,89614.99,22094.08,67520.91,205575.79,-14876.59,35.41,-4.59,INR
ORD-101127,02-09-2023,FY2023,Q3,September,East,Healthcare,BP Monitor,Consumer,Sneha,12,277474.25,157376.28,120097.97,39496.43,80601.54,275158.88,2315.37,29.05,1.51,INR
ORD-102954,02-09-2023,FY2023,Q3,September,West,Technology,Printer,Corporate,Priya,9,308276.93,191462.85,116814.08,62445.75,54368.33,322806.7,-14529.77,17.64,12.74,INR
ORD-104741,02-09-2023,FY2023,Q3,September,South,Technology,Smartphone,Consumer,Amit,4,63597.64,36302.58,27295.06,5187.58,22107.48,68147.07,-4549.43,34.76,24.94,INR
ORD-103120,02-09-2023,FY2023,Q3,September,West,Consumer Goods,Travel Bag,Consumer,Rohit,11,216696.45,125190.15,91506.3,20530.36,70975.95,201294.91,15401.54,32.75,-4.47,INR
ORD-103439,02-09-2023,FY2023,Q3,September,Central,Furniture,Cabinet,Corporate,Anjali,16,665359.52,369276.43,296083.09,73630.79,222452.3,646357.74,19001.78,33.43,-2.41,INR
ORD-102571,02-09-2023,FY2023,Q3,September,South,Office Supplies,Stapler,Consumer,Vikas,8,89080.01,66907.55,22172.46,12567.41,9605.05,83147.2,5932.81,10.78,3.33,INR
ORD-101853,03-09-2023,FY2023,Q3,September,North,Consumer Goods,Travel Bag,Corporate,Amit,14,469123.42,304546.64,164576.78,67065.28,97511.5,498231.18,-29107.77,20.79,1.23,INR
ORD-100271,03-09-2023,FY2023,Q3,September,South,Furniture,Conference Table,Corporate,Amit,8,334097.81,192810.54,141287.27,56280.42,85006.85,322764.19,11333.61,25.44,19.94,INR
ORD-102628,03-09-2023,FY2023,Q3,September,North,Office Supplies,Paper Pack,Consumer,Vikas,10,217269.86,140194.13,77075.73,35797.39,41278.35,201073.97,16195.89,19,15.95,INR
ORD-100340,04-09-2023,FY2023,Q3,September,East,Technology,Monitor,Consumer,Rohit,12,40767.85,25569.51,15198.34,3659.31,11539.04,43250.64,-2482.78,28.3,-2.88,INR
ORD-100153,04-09-2023,FY2023,Q3,September,Central,Furniture,Office Chair,Consumer,Amit,15,695396.13,490065.31,205330.82,98433.82,106897.01,766644.97,-71248.84,15.37,-5.24,INR
ORD-102283,04-09-2023,FY2023,Q3,September,East,Office Supplies,Notebook,Consumer,Anjali,16,576104.56,393773.71,182330.85,85913.52,96417.33,561418.73,14685.83,16.74,20.89,INR
ORD-103417,04-09-2023,FY2023,Q3,September,Central,Healthcare,First Aid Box,Consumer,Amit,7,92337.51,69965.12,22372.39,19050.87,3321.53,93807.11,-1469.6,3.6,6.21,INR
ORD-104805,04-09-2023,FY2023,Q3,September,Central,Consumer Goods,Calculator,Consumer,Anjali,2,51621.84,28132.33,23489.51,5075.77,18413.74,46826.97,4794.88,35.67,9.02,INR
ORD-104925,04-09-2023,FY2023,Q3,September,North,Office Supplies,File Folder,Corporate,Rohit,11,347567.01,218742.36,128824.64,50398.35,78426.29,377400.77,-29833.77,22.56,-0.5,INR
ORD-103827,04-09-2023,FY2023,Q3,September,West,Technology,Tablet,Corporate,Sneha,16,22657.84,15299.56,7358.28,1979.19,5379.09,23575.07,-917.23,23.74,12.57,INR
ORD-102915,05-09-2023,FY2023,Q3,September,West,Furniture,Office Chair,Consumer,Amit,13,219361.96,130290.98,89070.98,22257.16,66813.82,213641.46,5720.51,30.46,10.19,INR
ORD-102325,05-09-2023,FY2023,Q3,September,East,Technology,Laptop,Consumer,Priya,16,381299.09,244980.21,136318.89,46063.81,90255.08,400525.64,-19226.54,23.67,1.71,INR
ORD-104754,06-09-2023,FY2023,Q3,September,West,Furniture,Conference Table,Consumer,Neha,2,3851.91,2549.19,1302.71,408.5,894.21,3853.72,-1.81,23.21,3.92,INR
ORD-100598,06-09-2023,FY2023,Q3,September,South,Furniture,Conference Table,Corporate,Anjali,19,822671.69,443703.48,378968.21,171148.98,207819.23,872012.05,-49340.36,25.26,21.12,INR
ORD-100644,06-09-2023,FY2023,Q3,September,West,Healthcare,Thermometer,Small Business,Rahul,11,218561.94,131343.67,87218.27,25471.02,61747.25,224609.13,-6047.19,28.25,-2.24,INR
ORD-100570,07-09-2023,FY2023,Q3,September,South,Furniture,Conference Table,Consumer,Neha,15,490207.12,330182.39,160024.73,82539.61,77485.12,447647.16,42559.96,15.81,21.44,INR
ORD-101081,07-09-2023,FY2023,Q3,September,North,Office Supplies,File Folder,Corporate,Priya,9,318845.97,230580.81,88265.15,64105.91,24159.24,355652.48,-36806.51,7.58,11.81,INR
ORD-103984,07-09-2023,FY2023,Q3,September,South,Furniture,Bookshelf,Small Business,Anjali,12,170145.54,115204.56,54940.98,17742.8,37198.18,165802.73,4342.81,21.86,16.64,INR
ORD-103521,07-09-2023,FY2023,Q3,September,East,Technology,Printer,Consumer,Neha,20,891667.01,517607.57,374059.43,118570.38,255489.05,866042.02,25624.99,28.65,-1.74,INR
ORD-102148,07-09-2023,FY2023,Q3,September,North,Furniture,Desk,Consumer,Amit,4,7528.67,4280.04,3248.63,1110.78,2137.85,8063.54,-534.87,28.4,21.02,INR
ORD-104416,08-09-2023,FY2023,Q3,September,North,Consumer Goods,Calculator,Consumer,Neha,7,295366.52,161589.11,133777.4,47515.57,86261.83,298396.78,-3030.26,29.21,23.65,INR
ORD-103454,08-09-2023,FY2023,Q3,September,Central,Healthcare,First Aid Box,Consumer,Vikas,15,398301.77,245814.7,152487.07,63031.93,89455.14,431868.49,-33566.72,22.46,23.73,INR
ORD-101119,08-09-2023,FY2023,Q3,September,Central,Office Supplies,File Folder,Consumer,Rohit,9,284110.42,179917.47,104192.96,38884.09,65308.86,291566.36,-7455.94,22.99,2.55,INR
ORD-101387,08-09-2023,FY2023,Q3,September,East,Consumer Goods,Backpack,Consumer,Priya,8,216065.69,156333.73,59731.96,44032.74,15699.22,203413.37,12652.32,7.27,22.38,INR
ORD-104975,08-09-2023,FY2023,Q3,September,East,Consumer Goods,Travel Bag,Small Business,Rohit,8,194893.74,150152.6,44741.14,38882.56,5858.58,178645.43,16248.31,3.01,4.89,INR
ORD-104168,08-09-2023,FY2023,Q3,September,South,Furniture,Desk,Consumer,Neha,9,406533.3,269098.71,137434.59,36443.59,100990.99,425369.79,-18836.49,24.84,13.05,INR
ORD-103933,09-09-2023,FY2023,Q3,September,Central,Office Supplies,File Folder,Consumer,Priya,15,552201.93,295942.56,256259.37,115350.01,140909.36,571565.59,-19363.66,25.52,-1.73,INR
ORD-103612,10-09-2023,FY2023,Q3,September,North,Technology,Laptop,Corporate,Amit,18,126689.56,71578.83,55110.72,12738.85,42371.87,140638.34,-13948.78,33.45,11.32,INR
ORD-104701,10-09-2023,FY2023,Q3,September,Central,Office Supplies,Paper Pack,Consumer,Rohit,18,86228.83,53392.68,32836.15,10848.47,21987.68,78138.03,8090.79,25.5,18.91,INR
ORD-100257,10-09-2023,FY2023,Q3,September,West,Consumer Goods,Backpack,Corporate,Vikas,19,859844.11,549596.56,310247.56,80519.12,229728.44,962632.18,-102788.07,26.72,15.17,INR
ORD-101784,10-09-2023,FY2023,Q3,September,Central,Technology,Laptop,Corporate,Amit,16,346554.77,229576.38,116978.39,64555.97,52422.42,346774.54,-219.77,15.13,4.07,INR
ORD-104230,10-09-2023,FY2023,Q3,September,East,Healthcare,Gloves,Corporate,Anjali,15,597178.62,443714.8,153463.82,109461.8,44002.02,598690.55,-1511.93,7.37,5.34,INR
ORD-100018,10-09-2023,FY2023,Q3,September,North,Healthcare,Medical Kit,Consumer,Anjali,9,285777.7,150092.18,135685.52,60113.37,75572.15,292515.4,-6737.7,26.44,5.1,INR
ORD-104565,10-09-2023,FY2023,Q3,September,North,Technology,Tablet,Corporate,Anjali,11,443902.74,309471.58,134431.17,91081.04,43350.12,472008.3,-28105.55,9.77,13.88,INR
ORD-103058,11-09-2023,FY2023,Q3,September,Central,Furniture,Office Chair,Consumer,Amit,12,169619.07,131732.37,37886.69,32276.62,5610.07,157992.88,11626.19,3.31,16.89,INR
ORD-100191,11-09-2023,FY2023,Q3,September,North,Furniture,Cabinet,Corporate,Sneha,2,40267.93,27715.26,12552.67,8321.48,4231.19,42958.24,-2690.31,10.51,0.82,INR
ORD-101812,11-09-2023,FY2023,Q3,September,Central,Technology,Smartphone,Corporate,Amit,18,278615.74,152132.49,126483.25,42340.09,84143.16,300720.53,-22104.79,30.2,0.01,INR
ORD-103092,11-09-2023,FY2023,Q3,September,North,Technology,Monitor,Corporate,Rahul,3,121719.63,86609.67,35109.96,15463.28,19646.68,127426.02,-5706.39,16.14,2.01,INR
ORD-102110,11-09-2023,FY2023,Q3,September,East,Technology,Monitor,Consumer,Sneha,12,459816.86,255137.61,204679.25,57061.08,147618.17,459395.62,421.24,32.1,13.56,INR
ORD-100204,11-09-2023,FY2023,Q3,September,West,Office Supplies,File Folder,Corporate,Vikas,4,72018.24,47168.54,24849.7,14461.53,10388.17,75248.23,-3229.99,14.42,7.81,INR
ORD-104564,12-09-2023,FY2023,Q3,September,East,Office Supplies,Stapler,Small Business,Sneha,17,195161.17,102193.5,92967.67,34027.8,58939.87,197913.29,-2752.12,30.2,10.7,INR
ORD-101989,13-09-2023,FY2023,Q3,September,West,Consumer Goods,Calculator,Consumer,Rahul,16,462049.79,321735.92,140313.86,61376.51,78937.36,461358.28,691.51,17.08,6.03,INR
ORD-100525,13-09-2023,FY2023,Q3,September,West,Technology,Tablet,Small Business,Sneha,18,622821.5,482130.35,140691.15,75376.63,65314.52,629676.79,-6855.3,10.49,18.82,INR
ORD-103327,13-09-2023,FY2023,Q3,September,Central,Office Supplies,Paper Pack,Corporate,Anjali,9,348328.15,208983.32,139344.82,37409.26,101935.57,323348.68,24979.46,29.26,3.63,INR
ORD-102697,14-09-2023,FY2023,Q3,September,West,Furniture,Cabinet,Corporate,Sneha,16,663272.98,473944.05,189328.93,142858.85,46470.08,616745.22,46527.76,7.01,-6.33,INR
ORD-104566,14-09-2023,FY2023,Q3,September,Central,Consumer Goods,Backpack,Consumer,Rahul,6,90414.18,67705.37,22708.81,9306.89,13401.92,82318.92,8095.27,14.82,11.91,INR
ORD-103232,15-09-2023,FY2023,Q3,September,North,Healthcare,First Aid Box,Small Business,Amit,10,335352.43,216084.67,119267.76,63110.07,56157.69,370436.82,-35084.39,16.75,16.99,INR
ORD-102520,15-09-2023,FY2023,Q3,September,West,Furniture,Conference Table,Consumer,Rahul,8,285451.13,163472.72,121978.41,54956.76,67021.65,282956.54,2494.59,23.48,9.58,INR
ORD-104195,15-09-2023,FY2023,Q3,September,North,Consumer Goods,Water Bottle,Corporate,Rahul,1,15464.12,10967.02,4497.1,3091.48,1405.62,17260.3,-1796.17,9.09,19.84,INR
ORD-100369,15-09-2023,FY2023,Q3,September,East,Furniture,Office Chair,Consumer,Priya,6,21207.24,13175.06,8032.17,3664.51,4367.66,19818.2,1389.04,20.6,-0.78,INR
ORD-101167,16-09-2023,FY2023,Q3,September,South,Healthcare,First Aid Box,Corporate,Anjali,12,215657.48,130931.25,84726.24,23732.99,60993.24,233363.05,-17705.56,28.28,21.88,INR
ORD-100749,16-09-2023,FY2023,Q3,September,Central,Office Supplies,Paper Pack,Corporate,Anjali,8,287238.38,173986.83,113251.55,43827.87,69423.68,294030.79,-6792.42,24.17,0.41,INR
ORD-102258,16-09-2023,FY2023,Q3,September,West,Technology,Monitor,Consumer,Rohit,12,421282.87,317328.2,103954.67,43227.19,60727.48,411785.23,9497.64,14.41,-5.07,INR
ORD-104587,16-09-2023,FY2023,Q3,September,South,Consumer Goods,Calculator,Consumer,Priya,1,23701.78,13901.71,9800.07,3833.66,5966.42,25329.56,-1627.78,25.17,19.23,INR
ORD-104553,17-09-2023,FY2023,Q3,September,Central,Office Supplies,Paper Pack,Consumer,Sneha,18,809828.3,497878.06,311950.24,99415.11,212535.13,898720.28,-88891.98,26.24,9.85,INR
ORD-104490,17-09-2023,FY2023,Q3,September,North,Furniture,Bookshelf,Consumer,Anjali,14,668764.53,394874.92,273889.62,124452.19,149437.42,614759.03,54005.5,22.35,2.14,INR
ORD-102748,17-09-2023,FY2023,Q3,September,Central,Technology,Laptop,Small Business,Rohit,4,150353.11,101374.44,48978.67,22607.3,26371.36,159384.09,-9030.98,17.54,1.74,INR
ORD-102270,17-09-2023,FY2023,Q3,September,North,Office Supplies,Stapler,Corporate,Anjali,19,931034.84,582723.1,348311.74,179249.93,169061.81,980407.94,-49373.1,18.16,-7.97,INR
ORD-103380,18-09-2023,FY2023,Q3,September,West,Healthcare,BP Monitor,Consumer,Rahul,7,123415.78,69842.29,53573.49,11163.98,42409.51,115135.64,8280.14,34.36,22.03,INR
ORD-102120,18-09-2023,FY2023,Q3,September,West,Office Supplies,Notebook,Corporate,Rahul,9,34815.85,20474.06,14341.8,6794.43,7547.36,37163.36,-2347.51,21.68,11.03,INR
ORD-100971,18-09-2023,FY2023,Q3,September,East,Furniture,Desk,Consumer,Rahul,5,116234.24,75701.66,40532.58,16022.22,24510.37,121136.94,-4902.7,21.09,-6.73,INR
ORD-100753,18-09-2023,FY2023,Q3,September,East,Office Supplies,Paper Pack,Small Business,Rohit,9,138944.31,100560.45,38383.86,20318.83,18065.04,154164.09,-15219.77,13,3.15,INR
ORD-101475,18-09-2023,FY2023,Q3,September,South,Office Supplies,Notebook,Consumer,Rahul,3,76696.88,49377.58,27319.31,16368.19,10951.12,78680.24,-1983.35,14.28,-3.48,INR
ORD-101761,19-09-2023,FY2023,Q3,September,North,Healthcare,Thermometer,Consumer,Vikas,11,444864.21,231648.58,213215.63,65990.91,147224.72,475298.54,-30434.33,33.09,22.08,INR
ORD-103119,19-09-2023,FY2023,Q3,September,West,Technology,Smartphone,Corporate,Amit,5,57731.54,33501.08,24230.46,9219.71,15010.75,61703.29,-3971.76,26,-0.95,INR
ORD-102568,19-09-2023,FY2023,Q3,September,South,Furniture,Cabinet,Small Business,Anjali,13,20356.23,10702.95,9653.28,1701.79,7951.49,19842.77,513.46,39.06,3.4,INR
ORD-103257,19-09-2023,FY2023,Q3,September,North,Furniture,Bookshelf,Corporate,Amit,12,65890.25,42474.47,23415.78,5357.24,18058.53,71416.64,-5526.39,27.41,-2.69,INR
ORD-102444,19-09-2023,FY2023,Q3,September,South,Consumer Goods,Water Bottle,Corporate,Priya,8,222881.82,137140.46,85741.36,46349.12,39392.24,227823.4,-4941.58,17.67,-0.75,INR
ORD-104208,19-09-2023,FY2023,Q3,September,East,Office Supplies,Stapler,Consumer,Anjali,17,509048.36,293970.87,215077.49,108896.15,106181.34,465365.25,43683.11,20.86,6.86,INR
ORD-104479,20-09-2023,FY2023,Q3,September,West,Healthcare,BP Monitor,Consumer,Sneha,17,770544.31,473661.17,296883.14,165164.27,131718.87,774419.46,-3875.15,17.09,21.56,INR
ORD-101680,20-09-2023,FY2023,Q3,September,East,Healthcare,Thermometer,Corporate,Amit,3,41812.02,23837.35,17974.66,3636.42,14338.24,43214.39,-1402.37,34.29,13.28,INR
ORD-101830,20-09-2023,FY2023,Q3,September,North,Consumer Goods,Calculator,Consumer,Amit,11,121140.67,94166.75,26973.92,19100.05,7873.88,133132.22,-11991.55,6.5,15.2,INR
ORD-100183,20-09-2023,FY2023,Q3,September,South,Furniture,Cabinet,Consumer,Anjali,14,509489.53,383655.39,125834.14,55244.42,70589.72,471552.84,37936.69,13.85,21.83,INR
ORD-100305,21-09-2023,FY2023,Q3,September,Central,Healthcare,BP Monitor,Consumer,Neha,20,776065.3,454639.78,321425.52,170368.07,151057.46,809044.52,-32979.22,19.46,13.67,INR
ORD-102683,21-09-2023,FY2023,Q3,September,North,Technology,Smartphone,Corporate,Amit,14,206167.7,138178.63,67989.07,27088.14,40900.92,195365.57,10802.13,19.84,1.86,INR
ORD-104970,22-09-2023,FY2023,Q3,September,West,Healthcare,Medical Kit,Consumer,Priya,11,154487.16,89431.5,65055.67,33960.3,31095.36,163717.21,-9230.05,20.13,19.13,INR
ORD-102384,22-09-2023,FY2023,Q3,September,South,Office Supplies,Pen Set,Corporate,Vikas,14,623502.83,336157.28,287345.55,72420.04,214925.51,567304.46,56198.37,34.47,10.61,INR
ORD-100424,22-09-2023,FY2023,Q3,September,North,Furniture,Office Chair,Small Business,Priya,17,804732.25,471293.13,333439.12,173353.83,160085.29,864029.23,-59296.98,19.89,7.52,INR
ORD-102292,22-09-2023,FY2023,Q3,September,North,Office Supplies,Paper Pack,Small Business,Neha,3,79786.5,44836.47,34950.03,13128.6,21821.43,82656.06,-2869.56,27.35,6.22,INR
ORD-104606,22-09-2023,FY2023,Q3,September,East,Consumer Goods,Water Bottle,Corporate,Neha,11,500523.5,287721.71,212801.79,85864.61,126937.18,488013.09,12510.42,25.36,-0.71,INR
ORD-104643,23-09-2023,FY2023,Q3,September,West,Healthcare,Gloves,Consumer,Priya,5,242655.85,141759.07,100896.78,34917.62,65979.17,240832.68,1823.17,27.19,14.44,INR
ORD-103236,23-09-2023,FY2023,Q3,September,North,Healthcare,First Aid Box,Consumer,Priya,17,48953.52,28811.48,20142.05,4201.36,15940.69,52365.78,-3412.26,32.56,20.69,INR
ORD-101132,23-09-2023,FY2023,Q3,September,West,Furniture,Bookshelf,Corporate,Neha,1,19579.57,11219.49,8360.09,3761.08,4599.01,20142.84,-563.26,23.49,1.33,INR
ORD-101782,23-09-2023,FY2023,Q3,September,West,Consumer Goods,Headphones,Small Business,Anjali,18,341149.44,239718.8,101430.64,52938.92,48491.72,328405.1,12744.34,14.21,-2.65,INR
ORD-104819,24-09-2023,FY2023,Q3,September,West,Consumer Goods,Travel Bag,Small Business,Priya,8,80003.88,47571.38,32432.5,9562.7,22869.8,81166.23,-1162.35,28.59,8.36,INR
ORD-104480,24-09-2023,FY2023,Q3,September,North,Office Supplies,Paper Pack,Corporate,Vikas,18,56805.1,35479.63,21325.47,10075.49,11249.98,57696.29,-891.19,19.8,11.14,INR
ORD-102627,24-09-2023,FY2023,Q3,September,North,Furniture,Cabinet,Consumer,Rohit,16,486717.21,272747.21,213970,86986.07,126983.93,543224.33,-56507.13,26.09,-0.82,INR
ORD-103540,24-09-2023,FY2023,Q3,September,North,Consumer Goods,Headphones,Consumer,Priya,9,300423.28,218878.49,81544.79,25753.82,55790.97,313976.46,-13553.18,18.57,13.28,INR
ORD-102897,24-09-2023,FY2023,Q3,September,West,Technology,Laptop,Consumer,Sneha,8,108680.09,67596.55,41083.54,15516.92,25566.62,101952.44,6727.65,23.52,21.67,INR
ORD-102521,25-09-2023,FY2023,Q3,September,North,Consumer Goods,Travel Bag,Small Business,Rohit,13,608394.06,456766.17,151627.89,99866.15,51761.75,640272.06,-31878,8.51,2.19,INR
ORD-101012,25-09-2023,FY2023,Q3,September,West,Consumer Goods,Travel Bag,Consumer,Rahul,4,198039.43,139149.58,58889.84,32904.39,25985.45,221621.88,-23582.45,13.12,-0.44,INR
ORD-100575,25-09-2023,FY2023,Q3,September,Central,Office Supplies,Pen Set,Small Business,Neha,18,763419.61,516457.95,246961.66,109445.82,137515.84,758427.26,4992.35,18.01,21.21,INR
ORD-102239,25-09-2023,FY2023,Q3,September,North,Technology,Tablet,Consumer,Sneha,6,235613.71,152269.04,83344.67,31388.24,51956.43,253060.15,-17446.44,22.05,21.58,INR
ORD-104561,25-09-2023,FY2023,Q3,September,South,Furniture,Cabinet,Consumer,Sneha,13,344733.98,211117.43,133616.56,34526.06,99090.5,348745.91,-4011.93,28.74,3.04,INR
ORD-102403,25-09-2023,FY2023,Q3,September,Central,Consumer Goods,Travel Bag,Consumer,Sneha,17,45382.81,24307.8,21075.01,8758.53,12316.48,41007.87,4374.94,27.14,8.33,INR
ORD-102281,26-09-2023,FY2023,Q3,September,Central,Furniture,Cabinet,Consumer,Rahul,15,630473.8,396687.6,233786.21,105013.46,128772.75,581422.84,49050.97,20.42,7.79,INR
ORD-104062,26-09-2023,FY2023,Q3,September,North,Consumer Goods,Travel Bag,Corporate,Sneha,20,772272.92,410740.39,361532.53,64828.99,296703.54,762812.99,9459.93,38.42,8.11,INR
ORD-100318,26-09-2023,FY2023,Q3,September,East,Consumer Goods,Calculator,Consumer,Priya,19,786483.41,556382.83,230100.58,110276.41,119824.16,758531.13,27952.28,15.24,16.06,INR
ORD-100770,27-09-2023,FY2023,Q3,September,Central,Consumer Goods,Travel Bag,Consumer,Anjali,16,109066.47,65953.36,43113.11,19986.09,23127.02,98160.23,10906.25,21.2,21.34,INR
ORD-104858,27-09-2023,FY2023,Q3,September,South,Technology,Laptop,Consumer,Anjali,5,30796.89,18822.39,11974.49,4262.12,7712.37,31607.81,-810.92,25.04,-7.41,INR
ORD-101482,27-09-2023,FY2023,Q3,September,West,Office Supplies,Pen Set,Corporate,Amit,14,644396.89,406070.74,238326.15,73672.66,164653.5,662391.63,-17994.74,25.55,1.18,INR
ORD-102362,27-09-2023,FY2023,Q3,September,South,Furniture,Cabinet,Corporate,Vikas,6,30100.66,16783.59,13317.07,4627.74,8689.33,28009.13,2091.53,28.87,-4.27,INR
ORD-100059,27-09-2023,FY2023,Q3,September,North,Consumer Goods,Water Bottle,Corporate,Priya,2,82209.76,43765.2,38444.56,12703.57,25740.98,77607.62,4602.14,31.31,3.99,INR
ORD-103811,27-09-2023,FY2023,Q3,September,Central,Consumer Goods,Backpack,Corporate,Sneha,11,20839.99,14991.94,5848.05,4430.71,1417.34,20351.54,488.44,6.8,2.75,INR
ORD-102141,27-09-2023,FY2023,Q3,September,Central,Consumer Goods,Calculator,Corporate,Amit,8,138450.75,99342.21,39108.54,29101.13,10007.41,147842.99,-9392.25,7.23,4.01,INR
ORD-103964,28-09-2023,FY2023,Q3,September,Central,Consumer Goods,Calculator,Small Business,Sneha,1,19638.13,14960.61,4677.52,1743.98,2933.54,20107.62,-469.49,14.94,21.56,INR
ORD-103042,28-09-2023,FY2023,Q3,September,South,Furniture,Office Chair,Consumer,Rohit,4,53346.3,40491.37,12854.93,7612.83,5242.1,52330.39,1015.92,9.83,13.27,INR
ORD-104583,28-09-2023,FY2023,Q3,September,East,Healthcare,Gloves,Consumer,Anjali,10,199912.15,148430.99,51481.16,18900.87,32580.29,214956.74,-15044.59,16.3,-4.34,INR
ORD-104922,28-09-2023,FY2023,Q3,September,Central,Furniture,Office Chair,Consumer,Priya,7,64816.7,36430.24,28386.45,6570.11,21816.34,67956.1,-3139.4,33.66,18.25,INR
ORD-103086,29-09-2023,FY2023,Q3,September,Central,Office Supplies,Paper Pack,Consumer,Rohit,5,22995.23,14551.84,8443.39,4331.22,4112.18,23486.1,-490.87,17.88,0.16,INR
ORD-101130,29-09-2023,FY2023,Q3,September,West,Technology,Monitor,Consumer,Anjali,8,231845.81,168141.31,63704.5,22359.82,41344.68,241432.84,-9587.03,17.83,14.17,INR
ORD-102936,29-09-2023,FY2023,Q3,September,West,Healthcare,Medical Kit,Consumer,Priya,6,66631.61,43305.08,23326.53,11975.4,11351.14,70895.67,-4264.06,17.04,16.43,INR
ORD-102321,29-09-2023,FY2023,Q3,September,South,Furniture,Bookshelf,Small Business,Vikas,7,188639.95,135049.15,53590.79,37214.99,16375.8,206489.59,-17849.64,8.68,-1.53,INR
ORD-104802,29-09-2023,FY2023,Q3,September,East,Healthcare,Medical Kit,Consumer,Neha,12,468824.72,313201.8,155622.92,62406.14,93216.77,476879.15,-8054.43,19.88,1.46,INR
ORD-104508,30-09-2023,FY2023,Q3,September,North,Healthcare,BP Monitor,Small Business,Sneha,10,135288.38,76640.27,58648.11,11594.77,47053.34,136721.59,-1433.21,34.78,14.09,INR
ORD-103901,30-09-2023,FY2023,Q3,September,South,Furniture,Cabinet,Consumer,Amit,16,622668.04,380263.27,242404.77,131985.89,110418.88,626767.8,-4099.76,17.73,5.69,INR
ORD-102059,30-09-2023,FY2023,Q3,September,West,Furniture,Conference Table,Small Business,Priya,8,181435.48,131814.16,49621.32,23005.17,26616.16,166141.81,15293.68,14.67,23.58,INR
ORD-102615,30-09-2023,FY2023,Q3,September,North,Furniture,Office Chair,Consumer,Rohit,9,378077.88,260977.96,117099.92,32201.75,84898.17,347408.06,30669.82,22.46,13.64,INR
ORD-101963,30-09-2023,FY2023,Q3,September,North,Consumer Goods,Headphones,Small Business,Rohit,10,183685.86,100735.74,82950.11,29993.84,52956.28,196991.09,-13305.23,28.83,5.85,INR
ORD-102313,30-09-2023,FY2023,Q3,September,North,Healthcare,Thermometer,Consumer,Rohit,17,186188.09,104877.93,81310.16,27536.2,53773.96,189964.99,-3776.9,28.88,13.81,INR
ORD-103922,30-09-2023,FY2023,Q3,September,East,Office Supplies,Stapler,Consumer,Priya,17,43216.22,22887.25,20328.97,6755.71,13573.26,44096.72,-880.51,31.41,8.85,INR
ORD-102943,01-10-2023,FY2023,Q4,October,East,Office Supplies,Pen Set,Consumer,Neha,9,148530.54,115755.51,32775.03,17419.1,15355.93,157484.75,-8954.21,10.34,16.99,INR
ORD-101344,01-10-2023,FY2023,Q4,October,South,Technology,Printer,Small Business,Anjali,18,736550.53,414970.49,321580.04,60019.07,261560.97,746441.01,-9890.48,35.51,7.82,INR
ORD-104586,01-10-2023,FY2023,Q4,October,South,Office Supplies,Paper Pack,Consumer,Neha,2,89152.74,57694.8,31457.94,17565.35,13892.6,93396.15,-4243.41,15.58,1.18,INR
ORD-102814,01-10-2023,FY2023,Q4,October,East,Office Supplies,Stapler,Corporate,Vikas,3,52477.4,34191.8,18285.59,8843,9442.59,57396.13,-4918.73,17.99,-4.38,INR
ORD-102997,01-10-2023,FY2023,Q4,October,East,Healthcare,First Aid Box,Consumer,Amit,7,247248.14,163859.29,83388.85,47253.84,36135.01,231940.58,15307.56,14.61,8.66,INR
ORD-104792,01-10-2023,FY2023,Q4,October,South,Furniture,Bookshelf,Small Business,Priya,2,72822.29,55740.26,17082.03,12647.4,4434.63,76949.61,-4127.32,6.09,17.46,INR
ORD-101060,02-10-2023,FY2023,Q4,October,West,Technology,Monitor,Small Business,Amit,9,311264.3,217184.7,94079.6,43901.08,50178.52,303108.55,8155.76,16.12,-0.32,INR
ORD-103294,02-10-2023,FY2023,Q4,October,Central,Office Supplies,Pen Set,Consumer,Rohit,13,517413.48,383780.6,133632.88,64638.66,68994.22,547509.54,-30096.06,13.33,-0.64,INR
ORD-101515,03-10-2023,FY2023,Q4,October,South,Office Supplies,Stapler,Consumer,Rohit,1,48948.26,36746.69,12201.57,8056.5,4145.07,52039.04,-3090.78,8.47,2.29,INR
ORD-103722,03-10-2023,FY2023,Q4,October,North,Furniture,Desk,Corporate,Rohit,12,580909.4,431778.13,149131.27,79336.92,69794.35,534737.36,46172.04,12.01,-2.4,INR
ORD-103846,03-10-2023,FY2023,Q4,October,East,Office Supplies,Stapler,Consumer,Rahul,16,450558.37,265188.67,185369.71,98525.86,86843.85,433647.17,16911.2,19.27,17.75,INR
ORD-103733,03-10-2023,FY2023,Q4,October,South,Consumer Goods,Headphones,Consumer,Anjali,14,568844,339787.9,229056.1,110000.65,119055.45,547626.46,21217.54,20.93,14.09,INR
ORD-104442,03-10-2023,FY2023,Q4,October,Central,Consumer Goods,Headphones,Consumer,Neha,5,199624.67,139877.52,59747.15,35386.74,24360.41,218455.29,-18830.63,12.2,19.64,INR
ORD-103659,04-10-2023,FY2023,Q4,October,North,Furniture,Office Chair,Small Business,Amit,7,30138.3,18863.98,11274.33,3806.33,7468,32518.87,-2380.57,24.78,0.22,INR
ORD-100706,04-10-2023,FY2023,Q4,October,West,Furniture,Office Chair,Corporate,Rahul,5,156523.02,91697.96,64825.07,25608.27,39216.79,174320.76,-17797.73,25.05,2.69,INR
ORD-101922,04-10-2023,FY2023,Q4,October,Central,Technology,Tablet,Corporate,Priya,8,202569.19,143943.63,58625.56,32298.68,26326.88,200958.34,1610.85,13,11.54,INR
ORD-102208,04-10-2023,FY2023,Q4,October,West,Healthcare,Thermometer,Consumer,Vikas,18,760017.37,539081.21,220936.16,67377.18,153558.99,812019.48,-52002.11,20.2,6.17,INR
ORD-102529,04-10-2023,FY2023,Q4,October,North,Office Supplies,File Folder,Small Business,Rohit,8,98495.88,68847.67,29648.21,11050.16,18598.04,103040.47,-4544.59,18.88,22.18,INR
ORD-102678,04-10-2023,FY2023,Q4,October,Central,Healthcare,Medical Kit,Corporate,Rohit,13,324743.05,236773.71,87969.34,26038.36,61930.98,309877.04,14866.01,19.07,17.22,INR
ORD-103358,04-10-2023,FY2023,Q4,October,East,Healthcare,BP Monitor,Consumer,Rahul,20,253405.47,173701.36,79704.12,42438.47,37265.65,242931.76,10473.71,14.71,20.75,INR
ORD-100015,04-10-2023,FY2023,Q4,October,Central,Consumer Goods,Calculator,Small Business,Rahul,1,32337.1,23210.95,9126.16,4848.18,4277.98,30609.58,1727.52,13.23,4.74,INR
ORD-102920,04-10-2023,FY2023,Q4,October,East,Healthcare,Medical Kit,Corporate,Anjali,4,193500.88,145945.07,47555.81,24893.1,22662.71,176414.34,17086.54,11.71,14.72,INR
ORD-101257,05-10-2023,FY2023,Q4,October,West,Technology,Printer,Consumer,Rahul,3,102788.41,55834.56,46953.85,13080.37,33873.47,114038.75,-11250.34,32.95,16.6,INR
ORD-104037,05-10-2023,FY2023,Q4,October,South,Healthcare,First Aid Box,Consumer,Rahul,8,53251.45,30896.9,22354.55,11072.39,11282.17,58511.81,-5260.36,21.19,13.92,INR
ORD-104285,05-10-2023,FY2023,Q4,October,Central,Healthcare,Medical Kit,Consumer,Amit,5,231735.25,147273.66,84461.58,34946.43,49515.15,240140.69,-8405.44,21.37,-7.57,INR
ORD-102004,05-10-2023,FY2023,Q4,October,South,Technology,Printer,Consumer,Priya,15,582037.97,383620.34,198417.63,116172.42,82245.21,601654.19,-19616.22,14.13,-0.2,INR
ORD-102891,05-10-2023,FY2023,Q4,October,East,Furniture,Bookshelf,Corporate,Rahul,14,645440.93,346982.96,298457.97,110969.25,187488.72,632868.76,12572.17,29.05,19.11,INR
ORD-103054,06-10-2023,FY2023,Q4,October,North,Technology,Smartphone,Corporate,Anjali,6,105086.24,62678.43,42407.81,8931.5,33476.31,98443.88,6642.36,31.86,3.81,INR
ORD-100410,06-10-2023,FY2023,Q4,October,East,Office Supplies,File Folder,Corporate,Rahul,20,685573.84,463763.36,221810.48,67028.4,154782.07,706969.33,-21395.48,22.58,14.13,INR
ORD-102311,06-10-2023,FY2023,Q4,October,Central,Office Supplies,Paper Pack,Corporate,Amit,8,223780.98,125828.61,97952.37,46254.2,51698.17,238552.38,-14771.4,23.1,18.79,INR
ORD-100160,07-10-2023,FY2023,Q4,October,North,Consumer Goods,Travel Bag,Consumer,Sneha,2,73509.76,43993.11,29516.65,13579.12,15937.53,68328.46,5181.3,21.68,-6.61,INR
ORD-100249,07-10-2023,FY2023,Q4,October,South,Office Supplies,Stapler,Corporate,Neha,2,93890.26,50098.84,43791.42,18830.78,24960.63,91608.54,2281.71,26.58,-7.07,INR
ORD-104367,07-10-2023,FY2023,Q4,October,North,Consumer Goods,Travel Bag,Small Business,Vikas,5,234414.78,162979.39,71435.38,38346.8,33088.59,229974.91,4439.87,14.12,2.64,INR
ORD-100625,08-10-2023,FY2023,Q4,October,West,Healthcare,Medical Kit,Corporate,Priya,13,380211.84,250565.47,129646.37,37599.47,92046.9,422621.05,-42409.21,24.21,16.21,INR
ORD-104176,08-10-2023,FY2023,Q4,October,Central,Office Supplies,Notebook,Consumer,Priya,12,217420.47,131455.19,85965.27,40574.08,45391.2,209149.1,8271.36,20.88,-7.01,INR
ORD-104256,08-10-2023,FY2023,Q4,October,North,Furniture,Cabinet,Corporate,Anjali,8,322871.98,221625.37,101246.62,51788.14,49458.47,352305.59,-29433.61,15.32,-4.68,INR
ORD-102359,08-10-2023,FY2023,Q4,October,North,Furniture,Cabinet,Consumer,Sneha,17,55763.83,38879.83,16884,6686.38,10197.62,58494.89,-2731.07,18.29,20.68,INR
ORD-103020,09-10-2023,FY2023,Q4,October,South,Office Supplies,File Folder,Corporate,Anjali,3,149960.21,116437.08,33523.14,26655.31,6867.83,145865.59,4094.62,4.58,7.28,INR
ORD-101502,09-10-2023,FY2023,Q4,October,West,Furniture,Office Chair,Consumer,Amit,9,107221.19,81770.64,25450.55,19656.55,5794,108906.72,-1685.53,5.4,1.09,INR
ORD-102000,10-10-2023,FY2023,Q4,October,North,Furniture,Desk,Consumer,Priya,11,52161.83,34889.23,17272.6,6075.17,11197.43,50806.09,1355.74,21.47,-1.14,INR
ORD-102446,10-10-2023,FY2023,Q4,October,Central,Technology,Smartphone,Small Business,Neha,17,543156.93,377841,165315.92,59565.59,105750.34,493621.83,49535.1,19.47,12.26,INR
ORD-103145,10-10-2023,FY2023,Q4,October,West,Consumer Goods,Backpack,Consumer,Priya,9,372288.98,274675.21,97613.77,43097.81,54515.95,378790.32,-6501.34,14.64,-4.46,INR
ORD-103355,10-10-2023,FY2023,Q4,October,Central,Office Supplies,Stapler,Corporate,Anjali,6,32305.61,20300.32,12005.3,5034.51,6970.78,30994.44,1311.17,21.58,-4.44,INR
ORD-104898,10-10-2023,FY2023,Q4,October,South,Office Supplies,Pen Set,Consumer,Priya,2,87356.01,46976.85,40379.15,15934.39,24444.77,89841.72,-2485.71,27.98,5.46,INR
ORD-104219,10-10-2023,FY2023,Q4,October,West,Technology,Laptop,Consumer,Vikas,5,229230.79,165856.95,63373.84,27336.34,36037.5,249513.03,-20282.24,15.72,21.62,INR
ORD-102259,10-10-2023,FY2023,Q4,October,East,Technology,Tablet,Small Business,Rohit,19,802273.8,448203.13,354070.66,99272.24,254798.42,793810.15,8463.64,31.76,16.71,INR
ORD-103247,11-10-2023,FY2023,Q4,October,South,Office Supplies,Paper Pack,Consumer,Priya,6,146334.3,108468.86,37865.45,30204.34,7661.1,141894.26,4440.04,5.24,15.11,INR
ORD-104987,11-10-2023,FY2023,Q4,October,North,Technology,Tablet,Small Business,Vikas,1,4347.86,3369.07,978.79,842.84,135.95,4530.37,-182.51,3.13,2.13,INR
ORD-102369,11-10-2023,FY2023,Q4,October,Central,Office Supplies,Pen Set,Consumer,Vikas,16,28821.66,20561.94,8259.72,3539.19,4720.54,27954.76,866.9,16.38,21.9,INR
ORD-100233,11-10-2023,FY2023,Q4,October,South,Consumer Goods,Calculator,Consumer,Anjali,19,122911.34,84267.34,38643.99,20055.37,18588.62,136142.21,-13230.87,15.12,-1.64,INR
ORD-100889,12-10-2023,FY2023,Q4,October,West,Technology,Smartphone,Corporate,Neha,12,67881.78,41391.84,26489.93,9280.94,17208.99,75666.84,-7785.07,25.35,22.81,INR
ORD-101274,12-10-2023,FY2023,Q4,October,South,Technology,Smartphone,Corporate,Priya,6,57151.78,43643.97,13507.81,4598.41,8909.4,59757.76,-2605.98,15.59,-7.71,INR
ORD-104876,12-10-2023,FY2023,Q4,October,East,Office Supplies,Stapler,Corporate,Amit,2,46253.82,27825.25,18428.57,6015.58,12412.99,43915.62,2338.21,26.84,3.01,INR
ORD-100379,12-10-2023,FY2023,Q4,October,West,Consumer Goods,Water Bottle,Small Business,Sneha,5,2530.97,1750.62,780.35,527,253.35,2485.91,45.07,10.01,-7.61,INR
ORD-104255,12-10-2023,FY2023,Q4,October,East,Furniture,Conference Table,Small Business,Amit,4,63535.81,44371.53,19164.27,6851.47,12312.8,68095.22,-4559.42,19.38,19.92,INR
ORD-100912,12-10-2023,FY2023,Q4,October,North,Consumer Goods,Backpack,Corporate,Amit,18,746304.5,562823.46,183481.03,92532.25,90948.78,696236.27,50068.23,12.19,11.63,INR
ORD-100914,13-10-2023,FY2023,Q4,October,Central,Office Supplies,Stapler,Corporate,Rahul,17,332051.35,237231.32,94820.02,69177.61,25642.42,337675.65,-5624.3,7.72,18.08,INR
ORD-102383,13-10-2023,FY2023,Q4,October,West,Technology,Smartphone,Consumer,Amit,18,78968.17,61564.3,17403.87,8425.94,8977.93,87993.77,-9025.6,11.37,22.01,INR
ORD-101739,13-10-2023,FY2023,Q4,October,Central,Healthcare,Thermometer,Small Business,Priya,7,230683.08,178631.03,52052.06,42473.61,9578.45,248365.89,-17682.81,4.15,7.62,INR
ORD-101479,14-10-2023,FY2023,Q4,October,East,Furniture,Bookshelf,Consumer,Amit,11,17131.1,9929.23,7201.88,1538.51,5663.37,15959.74,1171.36,33.06,19.06,INR
ORD-103837,14-10-2023,FY2023,Q4,October,Central,Healthcare,BP Monitor,Consumer,Anjali,16,60479.77,43550.48,16929.29,7127.57,9801.72,56084.46,4395.31,16.21,-6.2,INR
ORD-101816,14-10-2023,FY2023,Q4,October,East,Healthcare,Thermometer,Small Business,Priya,4,9190.32,6008,3182.32,759.27,2423.04,9890.21,-699.89,26.37,12.87,INR
ORD-102670,14-10-2023,FY2023,Q4,October,South,Technology,Smartphone,Small Business,Rahul,5,88967.89,50505.99,38461.9,13421.37,25040.52,80519.36,8448.53,28.15,22.39,INR
ORD-104787,14-10-2023,FY2023,Q4,October,North,Healthcare,First Aid Box,Consumer,Priya,14,455763.35,296437.8,159325.56,77946.87,81378.69,472870.63,-17107.28,17.86,12.8,INR
ORD-101719,14-10-2023,FY2023,Q4,October,South,Healthcare,BP Monitor,Small Business,Rahul,1,2509.96,1486.1,1023.86,353.99,669.88,2787.82,-277.86,26.69,-5.27,INR
ORD-104142,15-10-2023,FY2023,Q4,October,Central,Consumer Goods,Headphones,Corporate,Vikas,7,202099.08,121752.47,80346.61,38149.72,42196.89,182313.82,19785.25,20.88,9.05,INR
ORD-104298,15-10-2023,FY2023,Q4,October,West,Consumer Goods,Calculator,Consumer,Vikas,20,564491.99,324169.16,240322.83,50994.45,189328.38,628846.87,-64354.88,33.54,8.59,INR
ORD-101687,15-10-2023,FY2023,Q4,October,North,Technology,Monitor,Consumer,Vikas,18,702893.47,410416.34,292477.13,145902.98,146574.14,656585.49,46307.98,20.85,5.91,INR
ORD-101411,15-10-2023,FY2023,Q4,October,South,Furniture,Bookshelf,Consumer,Rohit,8,273850.35,191360.11,82490.23,24294.11,58196.12,284444.58,-10594.23,21.25,17.99,INR
ORD-103653,15-10-2023,FY2023,Q4,October,North,Office Supplies,Pen Set,Corporate,Rahul,17,443530.65,288948.45,154582.2,61480.75,93101.45,423807.36,19723.29,20.99,-5.12,INR
ORD-103402,16-10-2023,FY2023,Q4,October,Central,Technology,Tablet,Consumer,Sneha,1,21934.03,13244.79,8689.24,2614.83,6074.41,21449.88,484.15,27.69,10.7,INR
ORD-102178,16-10-2023,FY2023,Q4,October,South,Healthcare,BP Monitor,Consumer,Priya,3,80499.85,42832.36,37667.49,15099.83,22567.66,75113.03,5386.82,28.03,-5.58,INR
ORD-103184,16-10-2023,FY2023,Q4,October,North,Furniture,Office Chair,Consumer,Anjali,20,639252.91,375681.28,263571.62,136094.12,127477.51,659872.05,-20619.14,19.94,10.37,INR
ORD-100810,16-10-2023,FY2023,Q4,October,East,Furniture,Office Chair,Corporate,Amit,20,827558.75,548227.07,279331.68,78807.61,200524.07,769607.95,57950.79,24.23,-6.36,INR
ORD-102318,16-10-2023,FY2023,Q4,October,West,Technology,Printer,Small Business,Priya,14,138040.09,91997.91,46042.19,29686.34,16355.85,136039.94,2000.16,11.85,-7.59,INR
ORD-100083,16-10-2023,FY2023,Q4,October,Central,Technology,Laptop,Corporate,Rohit,6,70916.51,42077.32,28839.19,6103.38,22735.81,69918.65,997.86,32.06,-3.21,INR
ORD-103050,17-10-2023,FY2023,Q4,October,East,Technology,Tablet,Corporate,Rahul,2,18912.15,12138.1,6774.05,2073.31,4700.74,18246.46,665.69,24.86,2.99,INR
ORD-101575,18-10-2023,FY2023,Q4,October,Central,Technology,Smartphone,Small Business,Rahul,17,95408.17,58909.85,36498.32,18092.12,18406.2,104389.49,-8981.32,19.29,22.06,INR
ORD-104544,18-10-2023,FY2023,Q4,October,Central,Consumer Goods,Headphones,Consumer,Rohit,17,470027.53,355157.25,114870.28,103256.36,11613.92,454753.36,15274.16,2.47,21.28,INR
ORD-101621,18-10-2023,FY2023,Q4,October,North,Furniture,Conference Table,Consumer,Rohit,3,24043.11,12595,11448.11,4477.7,6970.41,25960.24,-1917.13,28.99,18.42,INR
ORD-104952,18-10-2023,FY2023,Q4,October,South,Healthcare,Thermometer,Consumer,Rahul,15,147609.01,111749.06,35859.94,20489.14,15370.8,148386.49,-777.49,10.41,19.68,INR
ORD-104417,18-10-2023,FY2023,Q4,October,South,Technology,Smartphone,Consumer,Neha,17,743117.83,431405.2,311712.63,149593.53,162119.1,807702.05,-64584.22,21.82,13.48,INR
ORD-103487,19-10-2023,FY2023,Q4,October,West,Healthcare,Medical Kit,Consumer,Priya,5,133672.39,70134.44,63537.95,15365.99,48171.96,128068.6,5603.79,36.04,0.05,INR
ORD-104546,19-10-2023,FY2023,Q4,October,South,Consumer Goods,Backpack,Consumer,Amit,20,619413.89,385593.51,233820.38,124551.43,109268.95,626299.07,-6885.19,17.64,15.75,INR
ORD-101461,20-10-2023,FY2023,Q4,October,West,Technology,Laptop,Consumer,Amit,20,386307.86,204929.2,181378.66,75791.26,105587.41,410536.61,-24228.75,27.33,0.09,INR
ORD-103926,20-10-2023,FY2023,Q4,October,North,Technology,Monitor,Consumer,Amit,6,294536.01,198639.3,95896.71,24736.56,71160.15,289925.59,4610.42,24.16,4.94,INR
ORD-101142,20-10-2023,FY2023,Q4,October,South,Office Supplies,File Folder,Consumer,Sneha,6,210662.07,122048.1,88613.97,23310.48,65303.49,230865.37,-20203.3,31,12.32,INR
ORD-104384,21-10-2023,FY2023,Q4,October,East,Healthcare,First Aid Box,Consumer,Sneha,16,530190.14,366672.19,163517.95,63703.86,99814.09,547197.57,-17007.43,18.83,2.98,INR
ORD-104706,21-10-2023,FY2023,Q4,October,West,Furniture,Cabinet,Consumer,Vikas,15,491795.18,369773.89,122021.29,87787.95,34233.35,467238.93,24556.26,6.96,17.75,INR
ORD-102757,21-10-2023,FY2023,Q4,October,Central,Furniture,Bookshelf,Consumer,Vikas,18,329898.72,241120.31,88778.41,54733.79,34044.62,344962.35,-15063.63,10.32,-0.82,INR
ORD-100159,21-10-2023,FY2023,Q4,October,South,Office Supplies,Paper Pack,Consumer,Vikas,16,341199.21,187136.62,154062.59,65360.68,88701.92,335751.22,5447.98,26,-6.88,INR
ORD-103983,21-10-2023,FY2023,Q4,October,North,Office Supplies,File Folder,Consumer,Rohit,8,366124.47,238102.95,128021.52,44274.66,83746.86,346192.93,19931.54,22.87,9.76,INR
ORD-102719,22-10-2023,FY2023,Q4,October,West,Furniture,Office Chair,Consumer,Rahul,20,992823.76,750262.84,242560.92,114426.36,128134.56,1081590.34,-88766.58,12.91,-1.4,INR
ORD-103309,22-10-2023,FY2023,Q4,October,Central,Office Supplies,Pen Set,Consumer,Anjali,13,579611.93,303784.68,275827.25,52640.95,223186.3,577577.06,2034.87,38.51,5.98,INR
ORD-101238,22-10-2023,FY2023,Q4,October,Central,Healthcare,Thermometer,Consumer,Rahul,15,284138.18,165911.19,118226.99,52466.06,65760.93,313105.33,-28967.14,23.14,22.19,INR
ORD-103442,22-10-2023,FY2023,Q4,October,North,Furniture,Conference Table,Consumer,Amit,19,305501.91,232636.64,72865.27,53879.57,18985.7,289031.03,16470.88,6.21,-1.35,INR
ORD-101444,22-10-2023,FY2023,Q4,October,Central,Healthcare,Medical Kit,Small Business,Anjali,5,222949.25,152593.85,70355.4,32767.66,37587.74,204515.43,18433.82,16.86,12.83,INR
ORD-103696,23-10-2023,FY2023,Q4,October,North,Office Supplies,Pen Set,Consumer,Neha,10,392499.37,204818.47,187680.91,62746.76,124934.15,424234.67,-31735.3,31.83,-1.8,INR
ORD-102519,23-10-2023,FY2023,Q4,October,West,Furniture,Office Chair,Consumer,Rohit,1,33409.38,23185.52,10223.86,4324.2,5899.65,34706.59,-1297.21,17.66,5.45,INR
ORD-100782,23-10-2023,FY2023,Q4,October,East,Healthcare,BP Monitor,Consumer,Amit,15,226589.64,157600.9,68988.74,43126.46,25862.29,208958.06,17631.58,11.41,23.59,INR
ORD-101047,23-10-2023,FY2023,Q4,October,Central,Consumer Goods,Water Bottle,Small Business,Rohit,3,83532.95,58644.69,24888.26,18271.75,6616.51,78390.9,5142.05,7.92,2.66,INR
ORD-100063,23-10-2023,FY2023,Q4,October,Central,Office Supplies,Paper Pack,Small Business,Priya,9,230849.88,124772.28,106077.6,36798.36,69279.24,207858.56,22991.32,30.01,7.74,INR
ORD-104744,23-10-2023,FY2023,Q4,October,East,Office Supplies,Pen Set,Corporate,Neha,5,228443.65,157938.56,70505.09,43403.12,27101.97,248330.31,-19886.66,11.86,-5.83,INR
ORD-103286,23-10-2023,FY2023,Q4,October,South,Furniture,Desk,Corporate,Amit,9,37418.95,26718.03,10700.92,7260.11,3440.81,39399.89,-1980.94,9.2,11.89,INR
ORD-104752,24-10-2023,FY2023,Q4,October,East,Office Supplies,Paper Pack,Consumer,Anjali,11,244548.9,147205.58,97343.31,23677.24,73666.08,257988.91,-13440.01,30.12,0.93,INR
ORD-104214,25-10-2023,FY2023,Q4,October,Central,Office Supplies,Notebook,Corporate,Anjali,17,167842.9,103981.04,63861.86,22220.6,41641.26,167559.03,283.86,24.81,15.54,INR
ORD-101635,25-10-2023,FY2023,Q4,October,West,Office Supplies,Pen Set,Small Business,Sneha,9,104655.95,79785.84,24870.11,14047.27,10822.84,94627.37,10028.58,10.34,8.98,INR
ORD-104337,25-10-2023,FY2023,Q4,October,South,Consumer Goods,Headphones,Consumer,Vikas,18,246597.43,132019.89,114577.54,46455.04,68122.51,261352.89,-14755.46,27.62,-5.78,INR
ORD-103603,26-10-2023,FY2023,Q4,October,South,Office Supplies,Paper Pack,Consumer,Rohit,4,146284.32,108462.85,37821.47,30449.77,7371.7,141502.93,4781.4,5.04,6.65,INR
ORD-104457,26-10-2023,FY2023,Q4,October,South,Healthcare,Medical Kit,Small Business,Rahul,12,51133.18,28479.81,22653.36,7645.51,15007.85,46081.44,5051.74,29.35,14.93,INR
ORD-103283,26-10-2023,FY2023,Q4,October,North,Technology,Printer,Small Business,Neha,11,397126.28,245451,151675.28,40694.72,110980.56,359608.98,37517.3,27.95,11.84,INR
ORD-103551,27-10-2023,FY2023,Q4,October,East,Furniture,Desk,Corporate,Neha,15,575165.03,366625.53,208539.5,124125.88,84413.62,633562.03,-58397,14.68,2.62,INR
ORD-102604,27-10-2023,FY2023,Q4,October,West,Technology,Tablet,Consumer,Vikas,8,137977.2,103834.05,34143.15,30052.75,4090.4,151603.11,-13625.9,2.96,2.18,INR
ORD-101477,28-10-2023,FY2023,Q4,October,East,Consumer Goods,Water Bottle,Corporate,Priya,13,202900.87,131235.05,71665.83,23070.75,48595.07,186317.71,16583.16,23.95,2.09,INR
ORD-103249,28-10-2023,FY2023,Q4,October,East,Technology,Smartphone,Consumer,Sneha,14,37525.5,21982.68,15542.81,4881.05,10661.77,37763.2,-237.71,28.41,-4.61,INR
ORD-101685,29-10-2023,FY2023,Q4,October,Central,Office Supplies,Paper Pack,Consumer,Vikas,20,858703.87,580817.26,277886.61,160350.62,117535.98,792063,66640.87,13.69,23.73,INR
ORD-101983,29-10-2023,FY2023,Q4,October,South,Furniture,Office Chair,Corporate,Sneha,6,203943.04,113377.02,90566.02,22285.23,68280.79,201410.41,2532.63,33.48,7.55,INR
ORD-102022,29-10-2023,FY2023,Q4,October,Central,Office Supplies,Paper Pack,Consumer,Sneha,15,631827.37,338707.48,293119.89,54109.37,239010.52,658233.95,-26406.58,37.83,-7.13,INR
ORD-100837,29-10-2023,FY2023,Q4,October,South,Office Supplies,Paper Pack,Consumer,Amit,4,7340.97,4507.68,2833.3,728.7,2104.6,6884.4,456.58,28.67,19.05,INR
ORD-102926,29-10-2023,FY2023,Q4,October,North,Healthcare,First Aid Box,Consumer,Sneha,20,842646.37,489653.82,352992.54,127004.99,225987.56,836216.38,6429.99,26.82,22.85,INR
ORD-100251,29-10-2023,FY2023,Q4,October,North,Office Supplies,File Folder,Corporate,Rahul,9,447925,308875.47,139049.54,52178.41,86871.13,463216.11,-15291.11,19.39,2.91,INR
ORD-100659,30-10-2023,FY2023,Q4,October,South,Office Supplies,Stapler,Corporate,Anjali,6,123824.4,76942.15,46882.25,14016.75,32865.5,135022.57,-11198.18,26.54,23.5,INR
ORD-104342,30-10-2023,FY2023,Q4,October,East,Office Supplies,File Folder,Consumer,Vikas,8,380272.23,292124.07,88148.16,33295.13,54853.03,420765.72,-40493.49,14.42,7.15,INR
ORD-101539,30-10-2023,FY2023,Q4,October,North,Office Supplies,Pen Set,Consumer,Anjali,9,199764.38,123463.15,76301.23,16799.62,59501.61,200292.13,-527.75,29.79,5.52,INR
ORD-101303,30-10-2023,FY2023,Q4,October,East,Furniture,Conference Table,Consumer,Priya,15,626656.84,417739.19,208917.65,101499.85,107417.8,662343.53,-35686.69,17.14,-7.82,INR
ORD-103349,30-10-2023,FY2023,Q4,October,West,Office Supplies,Pen Set,Consumer,Vikas,7,289346.81,160059.59,129287.22,55963.16,73324.06,266396.81,22950,25.34,21.64,INR
ORD-101591,31-10-2023,FY2023,Q4,October,West,Office Supplies,Stapler,Corporate,Amit,10,295319.42,172566.84,122752.58,50248.05,72504.53,279795.67,15523.75,24.55,-2.96,INR
ORD-104213,31-10-2023,FY2023,Q4,October,Central,Technology,Smartphone,Corporate,Sneha,15,413436.59,259962.36,153474.23,66611.41,86862.81,442486.64,-29050.05,21.01,2.68,INR
ORD-104555,31-10-2023,FY2023,Q4,October,Central,Technology,Laptop,Consumer,Amit,10,226351.27,125462.43,100888.84,30235.54,70653.3,234389.21,-8037.94,31.21,20.4,INR
ORD-104862,01-11-2023,FY2023,Q4,November,East,Consumer Goods,Backpack,Small Business,Sneha,9,335346.05,195633.94,139712.1,29530.76,110181.34,345184.62,-9838.57,32.86,-5.41,INR
ORD-104491,01-11-2023,FY2023,Q4,November,West,Healthcare,BP Monitor,Consumer,Anjali,18,654459.72,446045.86,208413.86,71618.83,136795.03,659619.28,-5159.56,20.9,20.59,INR
ORD-102592,01-11-2023,FY2023,Q4,November,Central,Healthcare,BP Monitor,Consumer,Priya,12,160091.77,88034.44,72057.32,27273.88,44783.44,159186.4,905.37,27.97,-4.35,INR
ORD-101494,01-11-2023,FY2023,Q4,November,South,Healthcare,Thermometer,Small Business,Neha,12,127294.24,94697.51,32596.74,11478.71,21118.03,136460.7,-9166.46,16.59,8.21,INR
ORD-100297,01-11-2023,FY2023,Q4,November,West,Office Supplies,Paper Pack,Corporate,Rahul,15,729456.27,476786.98,252669.3,67533.64,185135.66,765615.33,-36159.06,25.38,-4.13,INR
ORD-103447,01-11-2023,FY2023,Q4,November,Central,Furniture,Desk,Consumer,Sneha,1,19498.4,10487.83,9010.58,4149.91,4860.67,19893.74,-395.34,24.93,2.15,INR
ORD-101573,01-11-2023,FY2023,Q4,November,West,Furniture,Office Chair,Corporate,Neha,20,577592.53,402807.5,174785.03,102136.01,72649.03,636712.94,-59120.41,12.58,12.13,INR
ORD-102164,01-11-2023,FY2023,Q4,November,North,Furniture,Office Chair,Consumer,Anjali,16,226910.11,127057.68,99852.43,37351.47,62500.96,252282.24,-25372.13,27.54,-2.46,INR
ORD-104313,02-11-2023,FY2023,Q4,November,West,Furniture,Conference Table,Consumer,Neha,5,26513.7,15852,10661.7,3144.2,7517.49,28505.35,-1991.65,28.35,-7.08,INR
ORD-104953,02-11-2023,FY2023,Q4,November,Central,Consumer Goods,Calculator,Small Business,Amit,3,120478.41,76489.99,43988.42,11177.01,32811.41,122793.84,-2315.43,27.23,20.35,INR
ORD-103073,02-11-2023,FY2023,Q4,November,West,Healthcare,Gloves,Corporate,Rahul,10,9369.39,6655.69,2713.7,1834.82,878.88,8746.82,622.57,9.38,11.33,INR
ORD-104645,02-11-2023,FY2023,Q4,November,North,Technology,Printer,Small Business,Amit,3,39280.38,23852.69,15427.69,6775.03,8652.66,39292.17,-11.79,22.03,9.88,INR
ORD-101271,02-11-2023,FY2023,Q4,November,West,Consumer Goods,Backpack,Consumer,Neha,3,72388.69,37781.62,34607.06,15243.47,19363.59,78050.51,-5661.83,26.75,20.75,INR
ORD-102307,03-11-2023,FY2023,Q4,November,Central,Technology,Laptop,Consumer,Sneha,12,198378.64,140879.1,57499.54,38935.97,18563.56,214495.36,-16116.72,9.36,-0.11,INR
ORD-102236,03-11-2023,FY2023,Q4,November,West,Furniture,Cabinet,Corporate,Neha,8,205833.33,149548.66,56284.68,19179.34,37105.34,219174.25,-13340.92,18.03,15.18,INR
ORD-101412,03-11-2023,FY2023,Q4,November,East,Technology,Printer,Small Business,Amit,15,152401.15,109375.94,43025.2,31882.13,11143.08,158616.89,-6215.74,7.31,1.28,INR
ORD-102866,03-11-2023,FY2023,Q4,November,South,Furniture,Bookshelf,Corporate,Neha,14,18086.02,11703.05,6382.97,1988.12,4394.85,17416.57,669.45,24.3,10.17,INR
ORD-103929,04-11-2023,FY2023,Q4,November,South,Technology,Laptop,Corporate,Sneha,12,111861.95,72391.28,39470.67,17931.7,21538.97,106272.88,5589.07,19.25,-3.49,INR
ORD-103884,04-11-2023,FY2023,Q4,November,South,Furniture,Office Chair,Consumer,Anjali,11,520071.96,388160.97,131910.99,114067.89,17843.1,523935.26,-3863.3,3.43,23.96,INR
ORD-103836,04-11-2023,FY2023,Q4,November,Central,Consumer Goods,Water Bottle,Consumer,Rahul,8,81115.79,60730.6,20385.2,16783.76,3601.44,75436.58,5679.21,4.44,10.96,INR
ORD-104825,04-11-2023,FY2023,Q4,November,West,Furniture,Cabinet,Consumer,Anjali,9,106104.88,71188.39,34916.5,21679.64,13236.85,117414.32,-11309.44,12.48,9.66,INR
ORD-101526,04-11-2023,FY2023,Q4,November,South,Furniture,Office Chair,Small Business,Vikas,12,128213.23,93427.46,34785.77,27554.1,7231.67,125749.37,2463.86,5.64,7.96,INR
ORD-101873,04-11-2023,FY2023,Q4,November,East,Office Supplies,Stapler,Consumer,Sneha,5,89521.12,59479.05,30042.07,12790.76,17251.31,97560.17,-8039.05,19.27,8.19,INR
ORD-101409,05-11-2023,FY2023,Q4,November,North,Consumer Goods,Travel Bag,Consumer,Anjali,13,190714.86,119107.27,71607.59,39862.15,31745.44,188163.03,2551.84,16.65,3.01,INR
ORD-103812,06-11-2023,FY2023,Q4,November,West,Healthcare,Gloves,Consumer,Anjali,19,369027.38,263450.04,105577.34,75536.63,30040.71,365118.16,3909.22,8.14,10.37,INR
ORD-103083,06-11-2023,FY2023,Q4,November,North,Consumer Goods,Water Bottle,Corporate,Neha,19,862986.83,596427.64,266559.18,91391.48,175167.7,877232.75,-14245.93,20.3,-2.17,INR
ORD-104945,06-11-2023,FY2023,Q4,November,Central,Office Supplies,Pen Set,Consumer,Neha,3,70765.18,38431.71,32333.47,14457.18,17876.3,70866.56,-101.38,25.26,5.6,INR
ORD-104708,06-11-2023,FY2023,Q4,November,West,Healthcare,First Aid Box,Small Business,Vikas,3,45989.07,32679.76,13309.31,8907.76,4401.55,42246.33,3742.74,9.57,18.56,INR
ORD-101760,07-11-2023,FY2023,Q4,November,East,Technology,Monitor,Corporate,Sneha,19,461465.86,273043.71,188422.15,37863.69,150558.45,440461.72,21004.13,32.63,7.34,INR
ORD-101721,07-11-2023,FY2023,Q4,November,North,Consumer Goods,Water Bottle,Small Business,Rohit,20,890180.22,633702.25,256477.96,168272.24,88205.72,869010.35,21169.87,9.91,-3.79,INR
ORD-101115,07-11-2023,FY2023,Q4,November,South,Furniture,Cabinet,Consumer,Priya,12,543879.1,317395.27,226483.84,97004.35,129479.48,582592.84,-38713.73,23.81,7.37,INR
ORD-104012,07-11-2023,FY2023,Q4,November,West,Office Supplies,Notebook,Small Business,Neha,8,297617.95,181156.09,116461.86,26435.63,90026.24,281224.46,16393.49,30.25,4.35,INR
ORD-101536,07-11-2023,FY2023,Q4,November,North,Consumer Goods,Calculator,Consumer,Rohit,19,943341.78,559014.06,384327.71,195231.92,189095.79,976713.83,-33372.06,20.05,2.18,INR
ORD-102945,07-11-2023,FY2023,Q4,November,South,Healthcare,BP Monitor,Consumer,Priya,9,379114.63,232005.09,147109.54,56107.38,91002.17,388816.73,-9702.1,24,10.14,INR
ORD-101416,08-11-2023,FY2023,Q4,November,South,Furniture,Desk,Small Business,Priya,11,285049.97,203684.82,81365.15,53813.21,27551.94,277216.57,7833.39,9.67,1.64,INR
ORD-103356,08-11-2023,FY2023,Q4,November,South,Technology,Printer,Consumer,Priya,11,60204.05,39159.38,21044.67,7082.41,13962.26,62788.79,-2584.74,23.19,20.26,INR
ORD-101633,08-11-2023,FY2023,Q4,November,Central,Technology,Monitor,Small Business,Amit,12,239017.56,132324.63,106692.93,46713.07,59979.86,251788.23,-12770.67,25.09,17.15,INR
ORD-104728,09-11-2023,FY2023,Q4,November,East,Furniture,Conference Table,Small Business,Sneha,8,321128.39,181646.27,139482.12,35255.56,104226.56,358923.92,-37795.53,32.46,6.69,INR
ORD-103113,09-11-2023,FY2023,Q4,November,North,Office Supplies,Pen Set,Small Business,Priya,1,18085.46,12507.04,5578.42,2352.22,3226.2,17230.15,855.31,17.84,-2.19,INR
ORD-100869,09-11-2023,FY2023,Q4,November,Central,Technology,Monitor,Small Business,Rohit,3,30431.31,17695.65,12735.67,5176.91,7558.76,27962.81,2468.5,24.84,12.1,INR
ORD-101489,09-11-2023,FY2023,Q4,November,West,Consumer Goods,Headphones,Consumer,Anjali,11,519238.79,297751.39,221487.4,46992.77,174494.64,558068,-38829.21,33.61,5.32,INR
ORD-100935,09-11-2023,FY2023,Q4,November,North,Healthcare,Thermometer,Consumer,Rohit,20,851985.29,572134.92,279850.37,86428.5,193421.88,948861.17,-96875.89,22.7,-4.65,INR
ORD-104499,09-11-2023,FY2023,Q4,November,North,Furniture,Cabinet,Consumer,Rahul,15,684674.85,474356.92,210317.93,65243.32,145074.61,708409.5,-23734.65,21.19,5,INR
ORD-103156,09-11-2023,FY2023,Q4,November,Central,Technology,Monitor,Consumer,Rohit,2,11171.85,6226.27,4945.58,1448.16,3497.42,10816.06,355.78,31.31,18.37,INR
ORD-103522,10-11-2023,FY2023,Q4,November,North,Technology,Monitor,Consumer,Vikas,1,49551.42,26988.59,22562.83,10056.05,12506.78,44837.63,4713.79,25.24,-4.23,INR
ORD-102161,10-11-2023,FY2023,Q4,November,South,Consumer Goods,Water Bottle,Small Business,Amit,16,201280.1,120567.15,80712.96,42786.88,37926.08,203790.82,-2510.72,18.84,12.18,INR
ORD-102034,10-11-2023,FY2023,Q4,November,West,Healthcare,Gloves,Consumer,Sneha,1,27673,16545.06,11127.94,3988.29,7139.65,25634.76,2038.24,25.8,11.81,INR
ORD-100295,10-11-2023,FY2023,Q4,November,West,Office Supplies,File Folder,Consumer,Priya,8,219098.44,137379.5,81718.94,40018.92,41700.03,218327.75,770.69,19.03,18.55,INR
ORD-104372,10-11-2023,FY2023,Q4,November,South,Healthcare,BP Monitor,Consumer,Rahul,7,329050.77,180747.49,148303.28,53394.78,94908.5,337547.21,-8496.44,28.84,15.09,INR
ORD-103365,10-11-2023,FY2023,Q4,November,South,Furniture,Cabinet,Corporate,Anjali,5,212859.98,162128.57,50731.41,30780.52,19950.88,224998.99,-12139.01,9.37,-5.68,INR
ORD-103856,11-11-2023,FY2023,Q4,November,East,Healthcare,First Aid Box,Corporate,Rahul,19,379454.65,224409.58,155045.07,43695.36,111349.71,418223.33,-38768.67,29.34,-6.68,INR
ORD-103007,11-11-2023,FY2023,Q4,November,West,Consumer Goods,Calculator,Small Business,Rohit,10,131675.5,76119.14,55556.35,13962.98,41593.37,131885.42,-209.92,31.59,15.26,INR
ORD-100703,11-11-2023,FY2023,Q4,November,Central,Furniture,Conference Table,Consumer,Rohit,4,77459.31,59835.67,17623.64,15618.12,2005.52,74128.94,3330.37,2.59,23.16,INR
ORD-100038,12-11-2023,FY2023,Q4,November,West,Office Supplies,Notebook,Consumer,Vikas,15,176501.68,133115.1,43386.58,20330.29,23056.29,174933.29,1568.39,13.06,-3.99,INR
ORD-104302,12-11-2023,FY2023,Q4,November,East,Technology,Smartphone,Consumer,Amit,10,142274.44,99342.91,42931.53,29705.47,13226.06,137062.05,5212.39,9.3,13.28,INR
ORD-104396,13-11-2023,FY2023,Q4,November,Central,Furniture,Office Chair,Consumer,Sneha,6,53659.75,37913.34,15746.41,10574.97,5171.44,50838.11,2821.64,9.64,3.05,INR
ORD-101379,13-11-2023,FY2023,Q4,November,Central,Furniture,Conference Table,Corporate,Anjali,9,389974.32,283900.67,106073.66,50310.83,55762.83,373062.21,16912.12,14.3,23.84,INR
ORD-103518,13-11-2023,FY2023,Q4,November,West,Office Supplies,Notebook,Corporate,Rahul,8,54408.98,33723.87,20685.11,7044.26,13640.85,52775.26,1633.73,25.07,-2.89,INR
ORD-101126,14-11-2023,FY2023,Q4,November,North,Consumer Goods,Travel Bag,Corporate,Priya,20,827489.02,543399.77,284089.25,78417.34,205671.91,808542.48,18946.54,24.85,16.3,INR
ORD-100138,14-11-2023,FY2023,Q4,November,South,Technology,Printer,Corporate,Rahul,3,16493.13,9629.41,6863.71,1537.26,5326.45,16898.88,-405.76,32.29,6.48,INR
ORD-100762,14-11-2023,FY2023,Q4,November,West,Consumer Goods,Headphones,Small Business,Sneha,4,58908.29,45021.27,13887.03,11581.3,2305.72,59748.67,-840.38,3.91,0.79,INR
ORD-102466,14-11-2023,FY2023,Q4,November,North,Office Supplies,Pen Set,Consumer,Vikas,10,288583.95,208932.68,79651.26,26276.12,53375.14,278201.74,10382.2,18.5,22.11,INR
ORD-101206,14-11-2023,FY2023,Q4,November,East,Furniture,Bookshelf,Corporate,Priya,5,131446.54,89246.72,42199.83,26185.04,16014.78,122037.73,9408.81,12.18,13.73,INR
ORD-101465,14-11-2023,FY2023,Q4,November,South,Consumer Goods,Calculator,Small Business,Vikas,2,94698.6,70826.79,23871.81,18806.77,5065.04,96286.58,-1587.99,5.35,16.08,INR
ORD-104990,14-11-2023,FY2023,Q4,November,North,Technology,Printer,Consumer,Rohit,2,96967.66,75611.64,21356.01,8472.72,12883.3,92983.97,3983.69,13.29,-2.7,INR
ORD-103295,15-11-2023,FY2023,Q4,November,Central,Technology,Tablet,Corporate,Rohit,15,377920.67,270180.06,107740.6,76566.2,31174.4,391649.6,-13728.93,8.25,-4.82,INR
ORD-102676,16-11-2023,FY2023,Q4,November,South,Technology,Smartphone,Consumer,Sneha,9,143554.13,97660.59,45893.55,24214.9,21678.65,149845.94,-6291.81,15.1,21.52,INR
ORD-102385,16-11-2023,FY2023,Q4,November,North,Healthcare,Gloves,Small Business,Priya,10,310107.9,213096.01,97011.89,48396.61,48615.28,305114.39,4993.52,15.68,19.53,INR
ORD-100746,16-11-2023,FY2023,Q4,November,West,Office Supplies,Pen Set,Consumer,Rahul,11,384216.76,237060.31,147156.46,37883.52,109272.94,400717.46,-16500.69,28.44,12.57,INR
ORD-100757,17-11-2023,FY2023,Q4,November,North,Furniture,Bookshelf,Consumer,Anjali,14,31864.62,18562.83,13301.79,5062.13,8239.66,30979.07,885.55,25.86,9.1,INR
ORD-104359,17-11-2023,FY2023,Q4,November,South,Healthcare,First Aid Box,Small Business,Anjali,12,103045.09,75524.81,27520.28,19231.46,8288.82,99056.88,3988.21,8.04,-0.83,INR
ORD-102725,17-11-2023,FY2023,Q4,November,Central,Office Supplies,Notebook,Consumer,Rohit,10,153670.59,94537.11,59133.48,23503.58,35629.89,167875.14,-14204.55,23.19,3.91,INR
ORD-101738,17-11-2023,FY2023,Q4,November,South,Furniture,Bookshelf,Corporate,Priya,8,323747.03,248480.03,75267,56674.88,18592.12,353977.51,-30230.49,5.74,14.73,INR
ORD-104317,17-11-2023,FY2023,Q4,November,North,Office Supplies,Paper Pack,Small Business,Neha,12,462024.95,347906.33,114118.62,72484.73,41633.89,463190.02,-1165.07,9.01,4.46,INR
ORD-100283,17-11-2023,FY2023,Q4,November,South,Office Supplies,File Folder,Consumer,Neha,7,190033.6,139946.34,50087.27,29027.05,21060.22,184804.35,5229.25,11.08,-2.51,INR
ORD-103200,18-11-2023,FY2023,Q4,November,South,Consumer Goods,Backpack,Consumer,Neha,10,36587.73,26435.61,10152.12,6916.19,3235.93,36282.04,305.68,8.84,-1,INR
ORD-102713,18-11-2023,FY2023,Q4,November,Central,Furniture,Desk,Consumer,Rahul,11,261969.8,179202.64,82767.16,46824.83,35942.33,248203.85,13765.95,13.72,12.77,INR
ORD-102977,18-11-2023,FY2023,Q4,November,North,Furniture,Bookshelf,Consumer,Sneha,10,432796.9,299230.68,133566.22,51266.68,82299.55,407525.6,25271.3,19.02,-3.86,INR
ORD-104667,19-11-2023,FY2023,Q4,November,North,Furniture,Desk,Small Business,Rahul,19,303777.93,223344.73,80433.21,54577.06,25856.14,326417.32,-22639.39,8.51,22,INR
ORD-103501,19-11-2023,FY2023,Q4,November,South,Consumer Goods,Travel Bag,Consumer,Rohit,7,9348.02,5930.48,3417.54,1146.45,2271.09,9668.81,-320.8,24.29,5.39,INR
ORD-103002,20-11-2023,FY2023,Q4,November,East,Technology,Smartphone,Corporate,Rohit,14,168264.71,102892.64,65372.07,17711.6,47660.47,166571.1,1693.61,28.32,19.09,INR
ORD-104853,20-11-2023,FY2023,Q4,November,West,Technology,Tablet,Corporate,Vikas,3,39060.58,23162.13,15898.44,3987.51,11910.94,42803.68,-3743.1,30.49,9.53,INR
ORD-101140,20-11-2023,FY2023,Q4,November,North,Healthcare,Gloves,Consumer,Rohit,3,40417.53,24234.71,16182.82,6988.8,9194.02,37923.91,2493.63,22.75,5.61,INR
ORD-100822,20-11-2023,FY2023,Q4,November,South,Consumer Goods,Headphones,Corporate,Priya,10,464386,267828.35,196557.65,85041.61,111516.05,516526.91,-52140.91,24.01,8.48,INR
ORD-101611,20-11-2023,FY2023,Q4,November,North,Office Supplies,Stapler,Consumer,Priya,11,385774.87,299022.58,86752.29,44356.19,42396.1,366658.95,19115.92,10.99,2.86,INR
ORD-104965,21-11-2023,FY2023,Q4,November,East,Office Supplies,File Folder,Consumer,Neha,13,510497.81,388973.54,121524.27,72275.04,49249.24,531292.18,-20794.37,9.65,0.82,INR
ORD-104846,21-11-2023,FY2023,Q4,November,North,Office Supplies,Stapler,Small Business,Amit,20,466517.07,264135.5,202381.57,81145.62,121235.95,420776.06,45741.01,25.99,3.54,INR
ORD-102761,21-11-2023,FY2023,Q4,November,Central,Consumer Goods,Travel Bag,Consumer,Amit,9,37079.52,26086.96,10992.56,4343.22,6649.34,37337.18,-257.65,17.93,14.73,INR
ORD-102557,21-11-2023,FY2023,Q4,November,West,Furniture,Cabinet,Small Business,Anjali,9,5957.2,3961.17,1996.03,498.72,1497.3,6320.7,-363.51,25.13,20.58,INR
ORD-102817,22-11-2023,FY2023,Q4,November,West,Technology,Printer,Consumer,Rahul,17,718146.12,443450.34,274695.78,90830.8,183864.97,753162.49,-35016.37,25.6,4.48,INR
ORD-104418,22-11-2023,FY2023,Q4,November,Central,Furniture,Desk,Consumer,Vikas,19,946307.4,724710.48,221596.92,178851.36,42745.57,982572.6,-36265.2,4.52,17.58,INR
ORD-100735,22-11-2023,FY2023,Q4,November,South,Consumer Goods,Backpack,Corporate,Anjali,12,49913.45,38515.27,11398.18,7542.54,3855.63,55733.16,-5819.72,7.72,20.14,INR
ORD-102991,23-11-2023,FY2023,Q4,November,West,Technology,Smartphone,Corporate,Amit,1,6335.36,4008.5,2326.86,1266.6,1060.26,7045.77,-710.4,16.74,-6.59,INR
ORD-100904,23-11-2023,FY2023,Q4,November,West,Technology,Smartphone,Consumer,Priya,1,34929.61,19541.39,15388.22,4841.03,10547.18,36853.55,-1923.95,30.2,11.54,INR
ORD-103024,23-11-2023,FY2023,Q4,November,Central,Furniture,Office Chair,Corporate,Rohit,8,121418.89,87442.99,33975.9,15594.59,18381.31,124355.08,-2936.19,15.14,-6.14,INR
ORD-104978,23-11-2023,FY2023,Q4,November,South,Technology,Printer,Consumer,Neha,11,176851.35,123709.87,53141.48,33164.4,19977.09,179343.16,-2491.81,11.3,23.56,INR
ORD-104637,23-11-2023,FY2023,Q4,November,West,Furniture,Desk,Consumer,Rohit,17,400001.62,276175.77,123825.84,79437.35,44388.49,383665.2,16336.42,11.1,22.75,INR
ORD-102175,23-11-2023,FY2023,Q4,November,Central,Technology,Tablet,Consumer,Rohit,20,550750.37,299595.59,251154.78,92317.16,158837.62,527031.9,23718.47,28.84,-7.47,INR
ORD-100938,24-11-2023,FY2023,Q4,November,Central,Technology,Tablet,Corporate,Sneha,15,527743.17,296509.86,231233.32,68724.56,162508.75,533724.29,-5981.12,30.79,4.82,INR
ORD-101585,24-11-2023,FY2023,Q4,November,East,Healthcare,First Aid Box,Corporate,Priya,7,292059.42,163634.21,128425.21,40349.36,88075.86,266391.95,25667.47,30.16,14.68,INR
ORD-104476,24-11-2023,FY2023,Q4,November,South,Furniture,Conference Table,Consumer,Sneha,20,475851.07,294091.73,181759.35,47811.17,133948.17,520671.59,-44820.52,28.15,24.86,INR
ORD-101196,24-11-2023,FY2023,Q4,November,North,Furniture,Conference Table,Small Business,Rohit,17,702615.29,391708.93,310906.37,58237.64,252668.73,766817.04,-64201.75,35.96,14.99,INR
ORD-103855,24-11-2023,FY2023,Q4,November,West,Furniture,Desk,Consumer,Anjali,19,241546.56,172538.92,69007.63,26988.8,42018.83,257975.18,-16428.63,17.4,11.33,INR
ORD-101182,25-11-2023,FY2023,Q4,November,North,Technology,Monitor,Consumer,Amit,3,107497.88,76306.5,31191.39,16675.66,14515.73,99085.67,8412.21,13.5,15.66,INR
ORD-102809,25-11-2023,FY2023,Q4,November,South,Consumer Goods,Backpack,Consumer,Rahul,5,195507.8,109055.42,86452.38,38388.39,48063.99,193161.53,2346.27,24.58,20.99,INR
ORD-100758,25-11-2023,FY2023,Q4,November,West,Furniture,Cabinet,Corporate,Amit,2,29016.19,21962.52,7053.67,5199.66,1854.01,29608.46,-592.27,6.39,19.71,INR
ORD-101939,25-11-2023,FY2023,Q4,November,South,Technology,Monitor,Corporate,Amit,5,107707.38,61100.89,46606.48,22604.92,24001.56,105510.12,2197.26,22.28,1.79,INR
ORD-104525,26-11-2023,FY2023,Q4,November,Central,Furniture,Conference Table,Consumer,Rahul,2,98899.87,65619.92,33279.95,8072.11,25207.85,96402.66,2497.21,25.49,20.16,INR
ORD-101065,26-11-2023,FY2023,Q4,November,South,Technology,Monitor,Consumer,Neha,11,232392.76,174332.66,58060.1,32090.35,25969.75,251364.44,-18971.69,11.17,21.21,INR
ORD-103427,26-11-2023,FY2023,Q4,November,Central,Healthcare,Medical Kit,Consumer,Sneha,15,373375.99,198768.24,174607.75,60600.84,114006.9,361702.35,11673.64,30.53,14.24,INR
ORD-100956,26-11-2023,FY2023,Q4,November,Central,Consumer Goods,Water Bottle,Consumer,Rahul,9,29253.08,16398.74,12854.34,2397.91,10456.44,30287.65,-1034.57,35.74,4.9,INR
ORD-103599,27-11-2023,FY2023,Q4,November,South,Office Supplies,File Folder,Consumer,Rohit,12,348803.13,212868.82,135934.31,64021.04,71913.27,338340.52,10462.61,20.62,18.54,INR
ORD-103291,27-11-2023,FY2023,Q4,November,Central,Furniture,Office Chair,Consumer,Anjali,9,378244.24,267086.25,111157.99,42064.43,69093.56,416183.95,-37939.71,18.27,8.91,INR
ORD-103167,27-11-2023,FY2023,Q4,November,South,Technology,Tablet,Corporate,Sneha,8,130859.1,100092.06,30767.05,25665.93,5101.11,122072.41,8786.69,3.9,-4.22,INR
ORD-102869,27-11-2023,FY2023,Q4,November,South,Furniture,Bookshelf,Corporate,Priya,9,447516.64,324919.11,122597.53,72912.59,49684.94,432957.33,14559.31,11.1,-5.79,INR
ORD-100006,27-11-2023,FY2023,Q4,November,East,Technology,Monitor,Consumer,Priya,11,47198.32,30457.62,16740.7,5842.36,10898.34,43245.28,3953.04,23.09,18.84,INR
ORD-104878,27-11-2023,FY2023,Q4,November,Central,Technology,Printer,Corporate,Rohit,18,691021.23,520929.61,170091.62,140195.13,29896.49,701530.93,-10509.7,4.33,-4.34,INR
ORD-102932,27-11-2023,FY2023,Q4,November,Central,Office Supplies,Notebook,Corporate,Priya,20,479268.93,253887.27,225381.66,51808.12,173573.55,498556.9,-19287.97,36.22,-6.29,INR
ORD-102417,28-11-2023,FY2023,Q4,November,Central,Office Supplies,Stapler,Corporate,Amit,12,389856.78,268383.67,121473.11,81443.82,40029.29,353463.41,36393.37,10.27,17.34,INR
ORD-104373,28-11-2023,FY2023,Q4,November,Central,Consumer Goods,Water Bottle,Consumer,Priya,6,105723.18,69794.26,35928.92,15255.45,20673.47,117300.6,-11577.42,19.55,-2.56,INR
ORD-102503,28-11-2023,FY2023,Q4,November,Central,Consumer Goods,Calculator,Consumer,Neha,4,23765.14,17344.32,6420.83,3078.76,3342.07,26232.74,-2467.6,14.06,12.16,INR
ORD-102933,29-11-2023,FY2023,Q4,November,East,Office Supplies,File Folder,Small Business,Anjali,9,404842.23,272162.49,132679.74,55382.15,77297.59,377868.55,26973.68,19.09,9.79,INR
ORD-103495,29-11-2023,FY2023,Q4,November,Central,Healthcare,BP Monitor,Consumer,Vikas,12,246459.02,157347.38,89111.64,52242.37,36869.27,223091.59,23367.43,14.96,2.8,INR
ORD-101498,30-11-2023,FY2023,Q4,November,South,Healthcare,Gloves,Consumer,Rohit,5,238444.84,124763.69,113681.16,24734.03,88947.13,236144.37,2300.48,37.3,-6.58,INR
ORD-104635,30-11-2023,FY2023,Q4,November,East,Consumer Goods,Headphones,Corporate,Anjali,7,171099.26,107309.26,63790,19277.83,44512.17,181213.56,-10114.3,26.02,6.27,INR
ORD-102391,30-11-2023,FY2023,Q4,November,North,Technology,Monitor,Consumer,Priya,9,20038.07,11721.8,8316.27,2032.98,6283.3,18651.8,1386.28,31.36,-0.11,INR
ORD-100764,30-11-2023,FY2023,Q4,November,North,Technology,Tablet,Corporate,Anjali,13,211488.3,112352.83,99135.47,46149.15,52986.33,236285.84,-24797.54,25.05,10.55,INR
ORD-104505,30-11-2023,FY2023,Q4,November,North,Furniture,Cabinet,Consumer,Amit,18,884843.39,557124.56,327718.83,122689.83,205029,920195.81,-35352.42,23.17,-3.1,INR
ORD-104937,30-11-2023,FY2023,Q4,November,East,Furniture,Conference Table,Small Business,Neha,14,78809.67,41075.56,37734.11,6949.22,30784.89,82491.16,-3681.49,39.06,2.32,INR
ORD-101458,30-11-2023,FY2023,Q4,November,Central,Furniture,Conference Table,Consumer,Neha,5,152608.96,118783.82,33825.14,23224.35,10600.79,156289.33,-3680.36,6.95,23.36,INR
ORD-101083,01-12-2023,FY2023,Q4,December,North,Furniture,Office Chair,Consumer,Neha,1,2439.1,1285.6,1153.5,308.8,844.7,2624.38,-185.29,34.63,11.74,INR
ORD-103497,01-12-2023,FY2023,Q4,December,South,Office Supplies,Notebook,Consumer,Anjali,12,493973.5,356027.31,137946.19,101303.46,36642.73,508688.7,-14715.19,7.42,-7.77,INR
ORD-101442,01-12-2023,FY2023,Q4,December,South,Healthcare,Gloves,Consumer,Sneha,14,168878.05,126856.16,42021.89,24279.06,17742.83,178599.36,-9721.32,10.51,6.46,INR
ORD-101254,01-12-2023,FY2023,Q4,December,West,Technology,Tablet,Consumer,Amit,14,282222.8,166528.26,115694.55,35807.57,79886.98,255230.55,26992.25,28.31,3.71,INR
ORD-101606,02-12-2023,FY2023,Q4,December,North,Office Supplies,Notebook,Consumer,Vikas,7,340272.29,188790.11,151482.18,52258.46,99223.72,309917.5,30354.79,29.16,2.88,INR
ORD-103462,02-12-2023,FY2023,Q4,December,Central,Technology,Tablet,Small Business,Anjali,2,1703.67,1322.62,381.05,332.9,48.14,1706.1,-2.43,2.83,-4.32,INR
ORD-102063,02-12-2023,FY2023,Q4,December,Central,Healthcare,First Aid Box,Consumer,Priya,20,753501.79,488096.4,265405.4,108127.46,157277.93,800414.44,-46912.65,20.87,8.63,INR
ORD-101789,02-12-2023,FY2023,Q4,December,North,Office Supplies,Paper Pack,Consumer,Rohit,6,178237.71,112560.2,65677.52,23244.58,42432.94,169496.54,8741.17,23.81,6.37,INR
ORD-100368,02-12-2023,FY2023,Q4,December,Central,Healthcare,First Aid Box,Consumer,Rohit,9,448805.85,264467.27,184338.58,90079.46,94259.11,439894.5,8911.35,21,17.24,INR
ORD-101213,02-12-2023,FY2023,Q4,December,West,Healthcare,BP Monitor,Small Business,Vikas,12,457755.63,259255.63,198500,58871.83,139628.17,439759.86,17995.77,30.5,15.02,INR
ORD-104348,02-12-2023,FY2023,Q4,December,Central,Consumer Goods,Headphones,Corporate,Rohit,4,104980.32,56533.29,48447.04,13356.31,35090.73,96970.15,8010.17,33.43,11.34,INR
ORD-102661,03-12-2023,FY2023,Q4,December,West,Furniture,Bookshelf,Consumer,Neha,16,685954.51,487252.3,198702.2,142620.17,56082.04,689490.73,-3536.23,8.18,18.6,INR
ORD-103849,03-12-2023,FY2023,Q4,December,North,Healthcare,Medical Kit,Consumer,Rahul,9,442997.33,245266.57,197730.77,54850.01,142880.76,460834.28,-17836.95,32.25,-3.83,INR
ORD-102732,03-12-2023,FY2023,Q4,December,West,Furniture,Cabinet,Consumer,Neha,17,723327.34,508328,214999.35,122154.57,92844.78,716040.08,7287.26,12.84,19.59,INR
ORD-100653,03-12-2023,FY2023,Q4,December,East,Technology,Laptop,Corporate,Rohit,7,20394.68,14391.5,6003.18,2856.06,3147.12,22822,-2427.32,15.43,5.48,INR
ORD-103192,04-12-2023,FY2023,Q4,December,North,Consumer Goods,Calculator,Small Business,Rahul,10,486833.97,271147.64,215686.33,42910.6,172775.73,486703.4,130.57,35.49,19.46,INR
ORD-101863,04-12-2023,FY2023,Q4,December,South,Technology,Tablet,Corporate,Rohit,20,479049.37,257006.87,222042.49,87521.86,134520.63,458198.47,20850.89,28.08,14.11,INR
ORD-100065,04-12-2023,FY2023,Q4,December,West,Consumer Goods,Travel Bag,Consumer,Priya,4,78305.59,56458.83,21846.76,16905.68,4941.08,71832.75,6472.84,6.31,18.28,INR
ORD-103292,04-12-2023,FY2023,Q4,December,North,Technology,Smartphone,Small Business,Rohit,20,201582.08,138365.38,63216.71,35183.78,28032.92,205302.72,-3720.64,13.91,3.69,INR
ORD-102309,04-12-2023,FY2023,Q4,December,North,Consumer Goods,Water Bottle,Corporate,Anjali,14,254813.18,140854.58,113958.6,46045.25,67913.35,248748.21,6064.97,26.65,10.1,INR
ORD-100210,04-12-2023,FY2023,Q4,December,South,Office Supplies,Pen Set,Corporate,Anjali,10,224487.07,130504.69,93982.37,40619.82,53362.56,219368.17,5118.9,23.77,13.84,INR
ORD-100178,04-12-2023,FY2023,Q4,December,Central,Healthcare,First Aid Box,Corporate,Anjali,19,919074.81,510397.8,408677.01,193080.55,215596.47,857434.65,61640.17,23.46,4.08,INR
ORD-101345,04-12-2023,FY2023,Q4,December,South,Healthcare,BP Monitor,Consumer,Rohit,11,150140.25,109870.54,40269.72,32803.22,7466.5,143866.83,6273.43,4.97,18.99,INR
ORD-100457,05-12-2023,FY2023,Q4,December,East,Furniture,Office Chair,Consumer,Priya,1,15947.61,10347.08,5600.53,1673.57,3926.97,14920.62,1026.99,24.62,12.61,INR
ORD-103468,05-12-2023,FY2023,Q4,December,South,Furniture,Desk,Consumer,Anjali,16,243024.28,176302.5,66721.78,38319.9,28401.88,268518.41,-25494.13,11.69,6.1,INR
ORD-103143,05-12-2023,FY2023,Q4,December,East,Furniture,Conference Table,Consumer,Amit,15,443983.39,312870.43,131112.96,48177.29,82935.67,433395.03,10588.36,18.68,5.82,INR
ORD-103633,05-12-2023,FY2023,Q4,December,North,Consumer Goods,Travel Bag,Consumer,Neha,3,116244.08,76132.28,40111.81,18748.08,21363.73,125427.22,-9183.13,18.38,12.61,INR
ORD-101068,05-12-2023,FY2023,Q4,December,West,Consumer Goods,Headphones,Corporate,Amit,5,73131.18,56313.82,16817.37,14869.43,1947.94,73364.18,-233,2.66,18.53,INR
ORD-101135,06-12-2023,FY2023,Q4,December,West,Office Supplies,Notebook,Small Business,Vikas,19,771530.21,486116.8,285413.41,133853.28,151560.13,755080.48,16449.73,19.64,-5.5,INR
ORD-104948,06-12-2023,FY2023,Q4,December,North,Office Supplies,File Folder,Consumer,Rahul,17,495149.43,294368.39,200781.04,62622.96,138158.08,467815.8,27333.63,27.9,1.48,INR
ORD-104628,06-12-2023,FY2023,Q4,December,North,Consumer Goods,Water Bottle,Consumer,Neha,4,54858.46,30028.21,24830.25,7193.62,17636.63,52101.04,2757.43,32.15,24.71,INR
ORD-103700,06-12-2023,FY2023,Q4,December,Central,Healthcare,Medical Kit,Corporate,Sneha,13,73192.86,38780.98,34411.88,10342.56,24069.33,74265.17,-1072.3,32.88,5.53,INR
ORD-104737,06-12-2023,FY2023,Q4,December,South,Technology,Smartphone,Small Business,Priya,3,84178.27,61815.53,22362.74,15179.48,7183.25,86422.07,-2243.8,8.53,12.82,INR
ORD-103579,06-12-2023,FY2023,Q4,December,West,Office Supplies,Paper Pack,Consumer,Rohit,7,219600.58,162496.07,57104.51,31837.31,25267.2,244070.98,-24470.39,11.51,14.81,INR
ORD-102600,07-12-2023,FY2023,Q4,December,Central,Furniture,Bookshelf,Consumer,Rohit,6,36457.97,27153.14,9304.83,4164.41,5140.42,34917.07,1540.9,14.1,-4.52,INR
ORD-100355,07-12-2023,FY2023,Q4,December,East,Technology,Laptop,Corporate,Rohit,11,363006.32,197298.25,165708.06,37456.6,128251.47,364818.33,-1812.02,35.33,-4.57,INR
ORD-101754,07-12-2023,FY2023,Q4,December,South,Technology,Tablet,Small Business,Rahul,5,21427.1,13789.42,7637.68,3340.61,4297.07,19693.9,1733.2,20.05,-2.93,INR
ORD-102464,07-12-2023,FY2023,Q4,December,East,Technology,Tablet,Corporate,Anjali,16,295649.48,180135,115514.49,60354,55160.48,327293.59,-31644.11,18.66,10.55,INR
ORD-104311,07-12-2023,FY2023,Q4,December,East,Consumer Goods,Calculator,Consumer,Neha,19,653309.63,506778.39,146531.24,71587.46,74943.77,642748.35,10561.27,11.47,9.74,INR
ORD-103907,08-12-2023,FY2023,Q4,December,South,Technology,Smartphone,Consumer,Sneha,5,58504.09,31069.32,27434.77,10069.3,17365.47,60901.95,-2397.86,29.68,2.8,INR
ORD-100900,08-12-2023,FY2023,Q4,December,North,Healthcare,First Aid Box,Small Business,Rahul,17,354764.52,240702.17,114062.35,37380.56,76681.8,324682.65,30081.87,21.61,11.04,INR
ORD-101711,08-12-2023,FY2023,Q4,December,East,Healthcare,Gloves,Small Business,Rahul,1,31322.24,23366.77,7955.48,3810.41,4145.07,29708.6,1613.64,13.23,11.83,INR
ORD-103068,08-12-2023,FY2023,Q4,December,Central,Consumer Goods,Water Bottle,Corporate,Rahul,10,470884.3,327030.19,143854.11,60970.21,82883.9,431280.4,39603.9,17.6,-4.46,INR
ORD-101006,08-12-2023,FY2023,Q4,December,South,Office Supplies,Paper Pack,Consumer,Sneha,15,319824.95,240091.84,79733.11,66202.72,13530.39,302033.66,17791.29,4.23,13.91,INR
ORD-101764,08-12-2023,FY2023,Q4,December,South,Office Supplies,Paper Pack,Consumer,Amit,8,43862.22,33057.16,10805.06,8272.16,2532.9,45063.32,-1201.1,5.77,-4.41,INR
ORD-104746,09-12-2023,FY2023,Q4,December,West,Office Supplies,Pen Set,Consumer,Rahul,8,151525.28,81687.62,69837.65,20554.76,49282.9,156406.13,-4880.85,32.52,-4.41,INR
ORD-101596,09-12-2023,FY2023,Q4,December,East,Furniture,Bookshelf,Consumer,Priya,16,32099.4,23849.06,8250.35,4010.83,4239.52,32253.11,-153.71,13.21,22.82,INR
ORD-102416,09-12-2023,FY2023,Q4,December,North,Consumer Goods,Headphones,Consumer,Rohit,12,406467.32,233182.65,173284.68,48840.12,124444.56,409872.73,-3405.41,30.62,-6.18,INR
ORD-102596,09-12-2023,FY2023,Q4,December,Central,Office Supplies,Pen Set,Consumer,Rahul,19,841373.16,568912.21,272460.95,98406.85,174054.1,791498.84,49874.31,20.69,14.58,INR
ORD-102200,10-12-2023,FY2023,Q4,December,West,Healthcare,Medical Kit,Corporate,Priya,14,110909.34,79725.36,31183.98,16753.59,14430.39,100818.67,10090.67,13.01,10.32,INR
ORD-104762,10-12-2023,FY2023,Q4,December,North,Technology,Monitor,Corporate,Amit,3,97564.04,70754.74,26809.31,11611.51,15197.79,105970.41,-8406.37,15.58,0.2,INR
ORD-100011,10-12-2023,FY2023,Q4,December,North,Consumer Goods,Backpack,Consumer,Rahul,1,29587.55,21728.94,7858.61,3401.12,4457.49,26923.18,2664.37,15.07,24.19,INR
ORD-101819,11-12-2023,FY2023,Q4,December,Central,Furniture,Cabinet,Consumer,Amit,20,542957.19,365163.88,177793.31,114602.61,63190.7,518958.24,23998.95,11.64,3.63,INR
ORD-104780,11-12-2023,FY2023,Q4,December,West,Technology,Printer,Corporate,Vikas,8,129375.95,100570.05,28805.9,18691.34,10114.55,123902.61,5473.34,7.82,19.81,INR
ORD-104770,11-12-2023,FY2023,Q4,December,North,Furniture,Desk,Small Business,Rohit,10,427424.69,291315.66,136109.03,64975.46,71133.57,385685.58,41739.11,16.64,-0.84,INR
ORD-104005,11-12-2023,FY2023,Q4,December,West,Consumer Goods,Headphones,Consumer,Vikas,1,34143.23,24340.69,9802.54,5056.08,4746.46,31578.07,2565.16,13.9,18.61,INR
ORD-101543,11-12-2023,FY2023,Q4,December,East,Furniture,Conference Table,Consumer,Sneha,4,86046.35,53206.7,32839.65,17513.12,15326.52,84975.79,1070.55,17.81,16.71,INR
ORD-103802,11-12-2023,FY2023,Q4,December,Central,Office Supplies,File Folder,Consumer,Priya,13,542725.31,358914.89,183810.42,65179.78,118630.64,552419.54,-9694.22,21.86,-4.25,INR
ORD-100185,12-12-2023,FY2023,Q4,December,Central,Furniture,Desk,Corporate,Vikas,8,18585.67,13096.89,5488.78,2307.06,3181.72,18720.86,-135.19,17.12,-0.22,INR
ORD-100836,12-12-2023,FY2023,Q4,December,East,Furniture,Office Chair,Corporate,Anjali,15,481318.5,322009.82,159308.69,102736.61,56572.07,458219.17,23099.33,11.75,6.89,INR
ORD-100640,12-12-2023,FY2023,Q4,December,Central,Technology,Smartphone,Consumer,Priya,8,60350.4,33122.73,27227.67,8838.63,18389.04,56322,4028.4,30.47,11.48,INR
ORD-104738,13-12-2023,FY2023,Q4,December,South,Technology,Monitor,Small Business,Rohit,9,320609.03,211939.26,108669.77,58352.08,50317.69,342238.85,-21629.82,15.69,2.47,INR
ORD-102439,13-12-2023,FY2023,Q4,December,East,Office Supplies,Paper Pack,Corporate,Rohit,14,269346.83,199444.38,69902.45,38496.72,31405.72,261305.31,8041.52,11.66,4.35,INR
ORD-100879,13-12-2023,FY2023,Q4,December,North,Technology,Monitor,Corporate,Amit,6,272434.04,174331.85,98102.19,43124.07,54978.11,283761.11,-11327.06,20.18,8.81,INR
ORD-104618,14-12-2023,FY2023,Q4,December,Central,Healthcare,Gloves,Consumer,Rohit,9,433843.3,259618.13,174225.16,39974.83,134250.33,444156.49,-10313.19,30.94,18.01,INR
ORD-102432,14-12-2023,FY2023,Q4,December,West,Healthcare,Medical Kit,Small Business,Priya,4,198504.77,138202.12,60302.64,23916.56,36386.08,208341.44,-9836.67,18.33,-4.56,INR
ORD-101734,14-12-2023,FY2023,Q4,December,East,Technology,Monitor,Consumer,Amit,16,146313.98,97637.66,48676.32,27128.65,21547.67,139845.28,6468.7,14.73,16.78,INR
ORD-100478,14-12-2023,FY2023,Q4,December,Central,Technology,Smartphone,Corporate,Rahul,2,79839.17,45917.75,33921.42,9421.17,24500.25,80867.11,-1027.95,30.69,-7.4,INR
ORD-104507,14-12-2023,FY2023,Q4,December,West,Technology,Smartphone,Corporate,Rahul,18,110247.8,60386.84,49860.96,13033.8,36827.16,112975.38,-2727.58,33.4,22.53,INR
ORD-103516,14-12-2023,FY2023,Q4,December,North,Healthcare,Medical Kit,Corporate,Vikas,2,79160.24,51065.16,28095.08,14315.81,13779.27,84925.72,-5765.48,17.41,19.61,INR
ORD-101207,15-12-2023,FY2023,Q4,December,West,Furniture,Bookshelf,Corporate,Sneha,7,207568.33,123131.49,84436.84,25015.93,59420.91,221284.49,-13716.16,28.63,3.86,INR
ORD-101321,15-12-2023,FY2023,Q4,December,North,Furniture,Desk,Consumer,Sneha,3,135592.48,76060.9,59531.57,24693.13,34838.44,139008.41,-3415.94,25.69,21.65,INR
ORD-102983,15-12-2023,FY2023,Q4,December,Central,Consumer Goods,Travel Bag,Corporate,Amit,20,83572.75,52326.4,31246.36,6893.37,24352.99,87932.7,-4359.95,29.14,24.39,INR
ORD-103835,15-12-2023,FY2023,Q4,December,Central,Office Supplies,File Folder,Corporate,Sneha,3,140901.84,96017.6,44884.24,14600.96,30283.28,154266.17,-13364.33,21.49,14.82,INR
ORD-100710,16-12-2023,FY2023,Q4,December,Central,Consumer Goods,Calculator,Small Business,Amit,2,4546.54,3376.89,1169.65,821.2,348.45,4587.31,-40.77,7.66,-2.67,INR
ORD-101932,16-12-2023,FY2023,Q4,December,North,Consumer Goods,Travel Bag,Consumer,Rohit,16,538983.6,353436.54,185547.06,80557.54,104989.53,526978.68,12004.93,19.48,10.7,INR
ORD-100649,16-12-2023,FY2023,Q4,December,Central,Consumer Goods,Headphones,Small Business,Priya,20,383874.44,240146.31,143728.13,65028.37,78699.76,372124.99,11749.45,20.5,0.68,INR
ORD-101628,16-12-2023,FY2023,Q4,December,Central,Consumer Goods,Travel Bag,Consumer,Priya,4,91647.79,55504.45,36143.33,19620.68,16522.66,102137.31,-10489.52,18.03,-7.6,INR
ORD-104136,16-12-2023,FY2023,Q4,December,Central,Healthcare,Thermometer,Consumer,Priya,15,332580.09,235782.47,96797.62,62347.59,34450.03,307775.71,24804.37,10.36,12.35,INR
ORD-103968,17-12-2023,FY2023,Q4,December,South,Consumer Goods,Backpack,Small Business,Priya,4,113127.89,58914.98,54212.91,11927.01,42285.9,102990.03,10137.86,37.38,-7.98,INR
ORD-103611,17-12-2023,FY2023,Q4,December,Central,Technology,Laptop,Corporate,Vikas,19,313881.23,172074.23,141807,60735.88,81071.12,286871.86,27009.37,25.83,9.1,INR
ORD-101958,17-12-2023,FY2023,Q4,December,Central,Healthcare,Thermometer,Corporate,Neha,1,22807.09,15062.47,7744.62,3858.68,3885.93,22531.36,275.73,17.04,0.45,INR
ORD-104931,18-12-2023,FY2023,Q4,December,East,Technology,Monitor,Consumer,Vikas,5,75354.27,43878.83,31475.44,7052.68,24422.76,69485.66,5868.61,32.41,14.66,INR
ORD-101215,19-12-2023,FY2023,Q4,December,South,Consumer Goods,Calculator,Consumer,Amit,10,39386.18,24800.67,14585.51,4410.28,10175.24,43536.56,-4150.38,25.83,19.3,INR
ORD-101424,19-12-2023,FY2023,Q4,December,Central,Office Supplies,Stapler,Small Business,Priya,2,95803.34,71532.24,24271.1,16265.22,8005.88,95224.87,578.46,8.36,-1.8,INR
ORD-101692,19-12-2023,FY2023,Q4,December,Central,Healthcare,BP Monitor,Corporate,Rohit,2,15675.04,9291.05,6383.99,1444.55,4939.44,16710.82,-1035.78,31.51,16.09,INR
ORD-102285,19-12-2023,FY2023,Q4,December,East,Consumer Goods,Water Bottle,Small Business,Neha,14,113367.57,86096.89,27270.68,17542.89,9727.8,123073.75,-9706.18,8.58,17.91,INR
ORD-103010,20-12-2023,FY2023,Q4,December,North,Office Supplies,Stapler,Corporate,Sneha,18,126260.54,71274.42,54986.12,12504.73,42481.39,116189.88,10070.66,33.65,10.27,INR
ORD-101715,20-12-2023,FY2023,Q4,December,South,Technology,Monitor,Consumer,Neha,9,126195.72,87968.37,38227.36,12634.31,25593.05,133237.16,-7041.44,20.28,1.44,INR
ORD-102753,20-12-2023,FY2023,Q4,December,West,Technology,Tablet,Consumer,Priya,2,35322.35,26237.51,9084.83,6519.65,2565.19,32086.18,3236.17,7.26,21.68,INR
ORD-104100,21-12-2023,FY2023,Q4,December,South,Consumer Goods,Calculator,Small Business,Neha,12,424450.37,236842.81,187607.57,74028.23,113579.33,408681.35,15769.02,26.76,-4.09,INR
ORD-102823,22-12-2023,FY2023,Q4,December,East,Healthcare,Thermometer,Consumer,Rahul,20,581136.84,419858.75,161278.1,111212.17,50065.92,584339.49,-3202.65,8.62,-2.27,INR
ORD-100848,22-12-2023,FY2023,Q4,December,East,Healthcare,Thermometer,Consumer,Anjali,18,36063.13,22421.82,13641.31,5892.57,7748.74,35320.5,742.62,21.49,18.93,INR
ORD-101221,22-12-2023,FY2023,Q4,December,Central,Technology,Laptop,Corporate,Sneha,18,262351.49,142357.48,119994,53110.99,66883.02,248024.31,14327.18,25.49,-2.77,INR
ORD-101236,22-12-2023,FY2023,Q4,December,North,Office Supplies,Stapler,Small Business,Neha,2,22985.49,15253.91,7731.59,4984.24,2747.35,23761.2,-775.7,11.95,-0.71,INR
ORD-102121,22-12-2023,FY2023,Q4,December,Central,Technology,Tablet,Corporate,Amit,14,152203.88,91159.74,61044.13,13169.96,47874.17,150961.92,1241.95,31.45,-4.4,INR
ORD-100357,23-12-2023,FY2023,Q4,December,North,Technology,Smartphone,Small Business,Rahul,16,416534.03,316968.08,99565.95,40706.32,58859.63,424570.29,-8036.25,14.13,8.69,INR
ORD-102942,23-12-2023,FY2023,Q4,December,East,Furniture,Cabinet,Small Business,Rahul,12,161289.89,110014.15,51275.74,18796.74,32479,153001.76,8288.13,20.14,5.25,INR
ORD-104516,24-12-2023,FY2023,Q4,December,South,Furniture,Cabinet,Corporate,Amit,8,20774.26,12794.45,7979.81,3496.55,4483.26,20747.72,26.54,21.58,1.42,INR
ORD-102708,24-12-2023,FY2023,Q4,December,Central,Technology,Smartphone,Small Business,Rahul,15,80358.59,53926.58,26432.01,8648.87,17783.14,83924.86,-3566.27,22.13,-3.92,INR
ORD-100502,24-12-2023,FY2023,Q4,December,West,Healthcare,BP Monitor,Consumer,Vikas,4,33560.87,19700.27,13860.6,2930.37,10930.23,37071.63,-3510.76,32.57,12.94,INR
ORD-102606,25-12-2023,FY2023,Q4,December,North,Consumer Goods,Calculator,Small Business,Anjali,17,541605.36,393152.67,148452.69,104622.34,43830.35,577955.54,-36350.18,8.09,18.08,INR
ORD-104481,25-12-2023,FY2023,Q4,December,East,Technology,Monitor,Small Business,Sneha,4,18537.69,9750.68,8787.02,2518.82,6268.2,18075.15,462.54,33.81,3.6,INR
ORD-100623,26-12-2023,FY2023,Q4,December,South,Healthcare,Gloves,Consumer,Anjali,4,159097.07,83895.02,75202.04,27752.63,47449.41,171584.1,-12487.03,29.82,-3.89,INR
ORD-104019,26-12-2023,FY2023,Q4,December,North,Technology,Tablet,Corporate,Neha,2,49807.58,29202.55,20605.03,10868.39,9736.65,45114.4,4693.18,19.55,21.34,INR
ORD-102540,26-12-2023,FY2023,Q4,December,Central,Healthcare,Thermometer,Consumer,Rahul,6,154429.05,81915.87,72513.18,25410.01,47103.17,151449.68,2979.37,30.5,0.57,INR
ORD-101241,26-12-2023,FY2023,Q4,December,North,Office Supplies,File Folder,Small Business,Priya,17,334170.94,227239.22,106931.72,34668.94,72262.78,327431.99,6738.95,21.62,13.39,INR
ORD-101937,26-12-2023,FY2023,Q4,December,North,Furniture,Desk,Corporate,Amit,8,21936.87,12526.17,9410.7,4357.64,5053.06,21296.12,640.75,23.03,3.12,INR
ORD-103744,26-12-2023,FY2023,Q4,December,North,Technology,Tablet,Corporate,Rahul,1,32027.52,19197.74,12829.78,3752.2,9077.58,29257.5,2770.01,28.34,-6.69,INR
ORD-101549,27-12-2023,FY2023,Q4,December,East,Furniture,Conference Table,Small Business,Priya,3,125342.78,93833.13,31509.65,17740.49,13769.15,114367.15,10975.63,10.99,24.25,INR
ORD-101753,27-12-2023,FY2023,Q4,December,South,Technology,Laptop,Corporate,Rahul,18,219508.02,170454.97,49053.05,45714.03,3339.03,218756.54,751.48,1.52,18.3,INR
ORD-103195,27-12-2023,FY2023,Q4,December,South,Technology,Smartphone,Consumer,Rahul,6,245536.59,141090.06,104446.53,46815.84,57630.69,232369.94,13166.65,23.47,7.75,INR
ORD-102913,27-12-2023,FY2023,Q4,December,North,Office Supplies,File Folder,Small Business,Vikas,5,154873.35,85809.07,69064.28,24674.92,44389.36,157848.07,-2974.73,28.66,11.33,INR
ORD-102893,28-12-2023,FY2023,Q4,December,North,Furniture,Cabinet,Consumer,Amit,15,582746.02,380679.95,202066.08,58363.32,143702.76,565269.68,17476.34,24.66,0.02,INR
ORD-102959,28-12-2023,FY2023,Q4,December,North,Consumer Goods,Calculator,Consumer,Anjali,5,219387.23,126835.67,92551.56,45647.59,46903.97,227341.01,-7953.77,21.38,0.18,INR
ORD-102015,28-12-2023,FY2023,Q4,December,South,Consumer Goods,Backpack,Small Business,Rahul,16,409490.23,307588.87,101901.35,85202.81,16698.54,372209.56,37280.67,4.08,24.56,INR
ORD-102447,28-12-2023,FY2023,Q4,December,Central,Healthcare,First Aid Box,Consumer,Priya,2,85522.54,46223.04,39299.5,8815.08,30484.42,86306.59,-784.05,35.64,-1.39,INR
ORD-100838,29-12-2023,FY2023,Q4,December,West,Consumer Goods,Calculator,Small Business,Vikas,3,99861.51,61038.7,38822.81,21671.72,17151.09,91362.6,8498.91,17.17,3.36,INR
ORD-102566,29-12-2023,FY2023,Q4,December,South,Technology,Tablet,Small Business,Priya,12,258138.48,184725.37,73413.11,47570.09,25843.02,248510.15,9628.33,10.01,17.24,INR
ORD-101219,29-12-2023,FY2023,Q4,December,West,Consumer Goods,Headphones,Corporate,Anjali,2,23673.57,16659.35,7014.22,4263.6,2750.62,24596.8,-923.24,11.62,18.56,INR
ORD-101234,29-12-2023,FY2023,Q4,December,Central,Technology,Smartphone,Corporate,Priya,12,329137.97,250960.78,78177.19,33041.96,45135.23,301210.53,27927.45,13.71,22.96,INR
ORD-100676,29-12-2023,FY2023,Q4,December,Central,Consumer Goods,Travel Bag,Corporate,Sneha,18,321283.28,170723.16,150560.12,56623.96,93936.16,355219.34,-33936.06,29.24,-3.93,INR
ORD-104097,29-12-2023,FY2023,Q4,December,West,Healthcare,Gloves,Small Business,Rohit,3,101505.23,78590.01,22915.22,13217.31,9697.92,95060.87,6444.36,9.55,15.11,INR
ORD-103318,29-12-2023,FY2023,Q4,December,South,Furniture,Office Chair,Consumer,Priya,17,397765.34,296166.42,101598.92,46067.29,55531.63,412097.73,-14332.39,13.96,10.43,INR
ORD-103422,29-12-2023,FY2023,Q4,December,Central,Office Supplies,File Folder,Consumer,Priya,2,44908.47,34496.74,10411.72,3796.23,6615.5,49573.18,-4664.71,14.73,22.62,INR
ORD-104347,29-12-2023,FY2023,Q4,December,West,Technology,Printer,Corporate,Rohit,11,105672.62,68642.56,37030.06,16443.23,20586.83,95296.65,10375.97,19.48,1.44,INR
ORD-101106,30-12-2023,FY2023,Q4,December,West,Technology,Monitor,Consumer,Amit,16,331287.89,252736.13,78551.76,70194.38,8357.38,311522.65,19765.24,2.52,-7.07,INR
ORD-101737,30-12-2023,FY2023,Q4,December,Central,Furniture,Conference Table,Consumer,Amit,9,389911.32,263756.25,126155.07,84943.44,41211.63,366314.17,23597.15,10.57,22.61,INR
ORD-104589,30-12-2023,FY2023,Q4,December,West,Office Supplies,Stapler,Consumer,Amit,15,76592.08,52597.28,23994.8,8942.69,15052.11,73686.77,2905.31,19.65,12.56,INR
ORD-103730,30-12-2023,FY2023,Q4,December,East,Technology,Tablet,Small Business,Sneha,18,217258.36,135194.97,82063.39,23500.74,58562.65,228983.96,-11725.61,26.96,15.54,INR
ORD-101598,30-12-2023,FY2023,Q4,December,West,Office Supplies,File Folder,Consumer,Neha,10,168875.36,93879.33,74996.03,28989.61,46006.41,162021.47,6853.88,27.24,-5.7,INR
ORD-100667,31-12-2023,FY2023,Q4,December,West,Furniture,Cabinet,Small Business,Anjali,4,87887.13,46101.11,41786.02,7817.38,33968.64,82808.24,5078.89,38.65,13.55,INR
ORD-102594,31-12-2023,FY2023,Q4,December,North,Office Supplies,Paper Pack,Consumer,Neha,18,545118.52,379786.9,165331.62,63790.24,101541.38,597465.12,-52346.61,18.63,24.93,INR
ORD-103609,31-12-2023,FY2023,Q4,December,Central,Technology,Tablet,Small Business,Amit,7,192469.75,137237.9,55231.85,39340.89,15890.97,212166.9,-19697.15,8.26,14.98,INR
ORD-101246,31-12-2023,FY2023,Q4,December,Central,Office Supplies,File Folder,Corporate,Rohit,16,329601.01,243385.87,86215.14,38776.76,47438.37,298454.22,31146.79,14.39,19.08,INR
ORD-101041,31-12-2023,FY2023,Q4,December,West,Healthcare,Thermometer,Small Business,Rahul,3,23182.54,14943.92,8238.61,3283.7,4954.91,23313.38,-130.84,21.37,4.81,INR
ORD-102655,31-12-2023,FY2023,Q4,December,West,Technology,Tablet,Corporate,Priya,7,181166.05,121026.69,60139.36,23800.66,36338.7,166198.01,14968.04,20.06,23.16,INR
ORD-101924,01-01-2024,FY2024,Q1,January,North,Technology,Smartphone,Small Business,Priya,4,46305.28,33448.67,12856.61,6519.51,6337.1,49918.62,-3613.35,13.69,-7.75,INR
ORD-102273,01-01-2024,FY2024,Q1,January,East,Healthcare,Gloves,Consumer,Anjali,15,636314.27,399720.26,236594.02,59114.54,177479.48,628247.87,8066.4,27.89,11.85,INR
ORD-104493,01-01-2024,FY2024,Q1,January,West,Healthcare,Medical Kit,Consumer,Anjali,15,522946.39,372500.74,150445.65,65415.21,85030.44,564883.05,-41936.66,16.26,10.54,INR
ORD-104059,01-01-2024,FY2024,Q1,January,North,Technology,Smartphone,Consumer,Neha,10,297247.88,170183.92,127063.96,29775.7,97288.26,309111.51,-11863.63,32.73,21.14,INR
ORD-103594,01-01-2024,FY2024,Q1,January,North,Consumer Goods,Calculator,Consumer,Anjali,19,287835.1,161293.97,126541.13,38541.24,87999.89,314374.51,-26539.41,30.57,-6.25,INR
ORD-103721,01-01-2024,FY2024,Q1,January,West,Furniture,Cabinet,Consumer,Vikas,17,653592.3,384040.52,269551.78,109053.75,160498.03,665685.92,-12093.63,24.56,1.71,INR
ORD-103947,02-01-2024,FY2024,Q1,January,South,Office Supplies,Stapler,Small Business,Anjali,16,571212.52,329438.3,241774.22,116171.17,125603.05,571056.57,155.95,21.99,-1.87,INR
ORD-103264,02-01-2024,FY2024,Q1,January,East,Healthcare,Gloves,Consumer,Priya,6,245420.95,178753.27,66667.68,25273.4,41394.29,245488.46,-67.51,16.87,5.38,INR
ORD-103222,02-01-2024,FY2024,Q1,January,Central,Technology,Printer,Corporate,Rahul,6,133407.82,96189.6,37218.22,23090.96,14127.26,143177.24,-9769.42,10.59,-4.31,INR
ORD-104498,02-01-2024,FY2024,Q1,January,South,Technology,Printer,Corporate,Neha,1,11820.9,6614.65,5206.25,2035.47,3170.78,13070.55,-1249.65,26.82,14.05,INR
ORD-104674,02-01-2024,FY2024,Q1,January,North,Consumer Goods,Calculator,Corporate,Sneha,5,10656.91,7662.44,2994.46,1628.97,1365.5,11756.49,-1099.59,12.81,23.22,INR
ORD-104178,03-01-2024,FY2024,Q1,January,East,Technology,Tablet,Corporate,Rohit,12,382381.41,291174.86,91206.55,53654.27,37552.27,356821.98,25559.43,9.82,-6.72,INR
ORD-103974,03-01-2024,FY2024,Q1,January,Central,Consumer Goods,Backpack,Corporate,Priya,13,222339.31,134744.43,87594.88,43393.79,44201.1,232133.93,-9794.62,19.88,22.59,INR
ORD-101936,03-01-2024,FY2024,Q1,January,North,Furniture,Conference Table,Corporate,Anjali,19,929899.87,594507.6,335392.28,176491.09,158901.19,850921.92,78977.95,17.09,5.31,INR
ORD-103276,04-01-2024,FY2024,Q1,January,West,Consumer Goods,Water Bottle,Corporate,Neha,19,859645.27,516304.96,343340.32,160205.01,183135.31,835990.63,23654.65,21.3,-2.36,INR
ORD-102582,04-01-2024,FY2024,Q1,January,East,Consumer Goods,Calculator,Consumer,Priya,5,166866.95,123251.36,43615.59,23832.43,19783.16,157335.81,9531.14,11.86,2.83,INR
ORD-103129,04-01-2024,FY2024,Q1,January,South,Technology,Smartphone,Consumer,Rahul,16,377967.07,215790.62,162176.46,38778.06,123398.39,375287.57,2679.51,32.65,9.59,INR
ORD-103943,05-01-2024,FY2024,Q1,January,West,Technology,Laptop,Corporate,Vikas,8,373703.29,277021.76,96681.53,56181.16,40500.37,410342.99,-36639.7,10.84,15.23,INR
ORD-100319,05-01-2024,FY2024,Q1,January,East,Technology,Tablet,Consumer,Rahul,10,499216.4,340587.57,158628.82,43562.55,115066.27,524746.86,-25530.46,23.05,19.02,INR
ORD-101951,05-01-2024,FY2024,Q1,January,West,Healthcare,First Aid Box,Consumer,Rahul,13,21420.2,14149.46,7270.74,3668.52,3602.22,20893.3,526.9,16.82,24.71,INR
ORD-103261,05-01-2024,FY2024,Q1,January,North,Furniture,Conference Table,Consumer,Priya,11,413478.32,284609.52,128868.81,57115.28,71753.53,393714.11,19764.21,17.35,14.23,INR
ORD-103556,06-01-2024,FY2024,Q1,January,Central,Technology,Tablet,Consumer,Vikas,11,443518.37,295258.11,148260.26,50607.24,97653.03,453814.67,-10296.3,22.02,12.2,INR
ORD-100864,06-01-2024,FY2024,Q1,January,Central,Furniture,Conference Table,Consumer,Vikas,19,73722.97,46216.01,27506.95,15099.67,12407.28,69427.79,4295.18,16.83,24.89,INR
ORD-102165,06-01-2024,FY2024,Q1,January,East,Technology,Laptop,Consumer,Vikas,9,393229.25,223110.11,170119.14,66869.23,103249.91,371364.19,21865.06,26.26,0.79,INR
ORD-104122,06-01-2024,FY2024,Q1,January,Central,Healthcare,Gloves,Consumer,Neha,18,92496.04,56314.72,36181.32,12312.44,23868.87,96242.23,-3746.19,25.81,6.23,INR
ORD-104402,07-01-2024,FY2024,Q1,January,East,Technology,Tablet,Consumer,Amit,1,34009.79,25060.59,8949.21,4132.57,4816.64,30756.08,3253.71,14.16,7.08,INR
ORD-101092,07-01-2024,FY2024,Q1,January,West,Technology,Tablet,Corporate,Sneha,15,162077.27,93949.98,68127.29,14014.47,54112.82,153353.43,8723.84,33.39,12.15,INR
ORD-104911,07-01-2024,FY2024,Q1,January,Central,Furniture,Cabinet,Small Business,Rohit,12,379180.46,234426.66,144753.81,55305.26,89448.55,360229.43,18951.04,23.59,-7.95,INR
ORD-102862,08-01-2024,FY2024,Q1,January,North,Consumer Goods,Travel Bag,Corporate,Neha,18,52589.1,33352.29,19236.81,5456.74,13780.07,49847.82,2741.28,26.2,14.46,INR
ORD-101618,08-01-2024,FY2024,Q1,January,Central,Office Supplies,File Folder,Consumer,Neha,8,31926.73,24210.55,7716.19,5109.06,2607.13,30539.77,1386.96,8.17,3.98,INR
ORD-100505,08-01-2024,FY2024,Q1,January,North,Office Supplies,Stapler,Consumer,Rahul,5,133107.09,86307.87,46799.22,28149.98,18649.25,139562.07,-6454.98,14.01,-0.58,INR
ORD-100534,09-01-2024,FY2024,Q1,January,North,Office Supplies,File Folder,Consumer,Anjali,8,157293.25,85666.94,71626.31,23748.6,47877.71,169432.45,-12139.2,30.44,4.54,INR
ORD-101955,09-01-2024,FY2024,Q1,January,East,Consumer Goods,Calculator,Small Business,Rahul,7,100493.49,54045.04,46448.45,17290.26,29158.19,102137.62,-1644.13,29.02,-3.57,INR
ORD-101070,09-01-2024,FY2024,Q1,January,West,Consumer Goods,Travel Bag,Corporate,Rahul,4,39072.3,24787.11,14285.19,8137.47,6147.72,39291.32,-219.02,15.73,-4.49,INR
ORD-104687,09-01-2024,FY2024,Q1,January,East,Technology,Printer,Small Business,Neha,10,432978.34,247978.7,184999.63,88637.83,96361.8,438743.48,-5765.14,22.26,-1.33,INR
ORD-103678,10-01-2024,FY2024,Q1,January,East,Furniture,Desk,Consumer,Neha,5,55026.5,31101.28,23925.21,5866.84,18058.37,55291.34,-264.85,32.82,7,INR
ORD-101529,10-01-2024,FY2024,Q1,January,South,Technology,Laptop,Consumer,Vikas,4,50506.08,35741.98,14764.1,4103.69,10660.41,54596.39,-4090.3,21.11,-6.58,INR
ORD-101460,10-01-2024,FY2024,Q1,January,Central,Office Supplies,Paper Pack,Corporate,Sneha,4,194833.32,128934.38,65898.95,36689.13,29209.82,179411.86,15421.46,14.99,-3.94,INR
ORD-103159,10-01-2024,FY2024,Q1,January,South,Office Supplies,Paper Pack,Corporate,Vikas,1,47593.62,31796.64,15796.97,4550.82,11246.15,52342.28,-4748.66,23.63,3.76,INR
ORD-102532,10-01-2024,FY2024,Q1,January,South,Technology,Tablet,Consumer,Neha,1,40396.92,25791.83,14605.09,8547.98,6057.11,41079.22,-682.3,14.99,14.34,INR
ORD-104184,10-01-2024,FY2024,Q1,January,East,Office Supplies,Paper Pack,Consumer,Rahul,12,451791.2,296278.1,155513.11,85746.54,69766.57,421014.46,30776.75,15.44,16.12,INR
ORD-102711,10-01-2024,FY2024,Q1,January,East,Furniture,Conference Table,Corporate,Rohit,11,315289.27,229077.32,86211.95,65853.78,20358.17,311301.47,3987.8,6.46,18.61,INR
ORD-101139,11-01-2024,FY2024,Q1,January,Central,Office Supplies,Stapler,Corporate,Priya,20,748420.75,488227.91,260192.84,88162.58,172030.25,679727.84,68692.91,22.99,14.66,INR
ORD-104478,11-01-2024,FY2024,Q1,January,East,Furniture,Bookshelf,Corporate,Amit,5,76099.89,52128.28,23971.61,9042.1,14929.51,71392.66,4707.23,19.62,-7.32,INR
ORD-104147,11-01-2024,FY2024,Q1,January,East,Office Supplies,Stapler,Corporate,Neha,4,180847.18,114852.94,65994.24,33766.61,32227.63,167328.12,13519.06,17.82,14.44,INR
ORD-104232,11-01-2024,FY2024,Q1,January,North,Office Supplies,Stapler,Corporate,Priya,16,58728.83,31658.07,27070.77,8256.64,18814.12,64196.32,-5467.49,32.04,21.18,INR
ORD-102214,11-01-2024,FY2024,Q1,January,South,Furniture,Cabinet,Consumer,Anjali,12,217438.73,123061.65,94377.08,18714.05,75663.03,235388.14,-17949.42,34.8,-1.32,INR
ORD-104821,11-01-2024,FY2024,Q1,January,South,Technology,Printer,Consumer,Sneha,10,390772.03,271813.61,118958.43,42464.74,76493.68,415272.58,-24500.54,19.58,14.48,INR
ORD-100765,11-01-2024,FY2024,Q1,January,West,Healthcare,Thermometer,Consumer,Anjali,18,381427.33,274745.02,106682.31,31757.62,74924.69,345911.34,35515.99,19.64,-2.5,INR
ORD-103271,12-01-2024,FY2024,Q1,January,South,Consumer Goods,Backpack,Consumer,Neha,13,610946.22,411489.26,199456.96,126541.92,72915.04,631428.19,-20481.97,11.93,15.54,INR
ORD-104548,12-01-2024,FY2024,Q1,January,North,Consumer Goods,Headphones,Consumer,Priya,20,44390.4,32494.2,11896.2,9130.5,2765.7,43693.17,697.23,6.23,7.11,INR
ORD-101131,12-01-2024,FY2024,Q1,January,East,Office Supplies,Notebook,Corporate,Priya,5,54097.01,34206.47,19890.54,5319.2,14571.35,54041.83,55.19,26.94,-2.21,INR
ORD-101647,13-01-2024,FY2024,Q1,January,West,Furniture,Conference Table,Consumer,Rohit,6,29930.37,19614.74,10315.63,2786.59,7529.04,32815.11,-2884.74,25.16,6.89,INR
ORD-101324,13-01-2024,FY2024,Q1,January,East,Furniture,Desk,Consumer,Rohit,6,124190.06,96651.52,27538.54,15317.02,12221.52,114334.88,9855.18,9.84,-4.39,INR
ORD-104590,13-01-2024,FY2024,Q1,January,North,Healthcare,Gloves,Consumer,Sneha,18,850038.63,614900.53,235138.11,145970.43,89167.68,769819.84,80218.79,10.49,21.65,INR
ORD-101947,13-01-2024,FY2024,Q1,January,South,Furniture,Conference Table,Consumer,Rahul,10,496954.79,345373.75,151581.04,48294.96,103286.08,475286.86,21667.93,20.78,23.28,INR
ORD-103266,14-01-2024,FY2024,Q1,January,South,Office Supplies,Notebook,Consumer,Rohit,2,31627.86,21213.74,10414.12,4621.74,5792.39,30317.36,1310.5,18.31,19.76,INR
ORD-104894,14-01-2024,FY2024,Q1,January,East,Furniture,Conference Table,Consumer,Vikas,17,196959.44,120519.45,76439.99,18964.63,57475.35,209135.17,-12175.73,29.18,4.36,INR
ORD-102234,14-01-2024,FY2024,Q1,January,East,Consumer Goods,Backpack,Consumer,Priya,3,24792.57,14151.16,10641.4,4317.24,6324.17,27383.4,-2590.83,25.51,14.79,INR
ORD-100084,14-01-2024,FY2024,Q1,January,West,Office Supplies,Pen Set,Corporate,Neha,3,24593.42,13505.19,11088.23,3069.41,8018.81,25145.72,-552.3,32.61,8.47,INR
ORD-103723,15-01-2024,FY2024,Q1,January,North,Technology,Monitor,Consumer,Priya,10,465011.05,339898.63,125112.42,46868.73,78243.69,514389.44,-49378.39,16.83,-2.11,INR
ORD-100375,15-01-2024,FY2024,Q1,January,West,Office Supplies,Paper Pack,Small Business,Sneha,4,188077.02,103102.02,84975,19436.12,65538.88,207099.88,-19022.85,34.85,20.52,INR
ORD-100072,15-01-2024,FY2024,Q1,January,West,Furniture,Cabinet,Corporate,Neha,12,27419.5,17446.54,9972.96,4254.01,5718.95,27243.4,176.1,20.86,-4.21,INR
ORD-104795,16-01-2024,FY2024,Q1,January,North,Technology,Printer,Corporate,Priya,7,9430.2,5684.82,3745.39,1938.99,1806.4,10045.27,-615.06,19.16,1.66,INR
ORD-101792,16-01-2024,FY2024,Q1,January,Central,Consumer Goods,Backpack,Consumer,Priya,18,628816.67,441705.89,187110.78,134793.11,52317.67,701825.5,-73008.83,8.32,24.73,INR
ORD-104528,16-01-2024,FY2024,Q1,January,Central,Technology,Printer,Consumer,Amit,16,761416.77,455719.72,305697.05,77382.2,228314.85,720618.95,40797.81,29.99,17.31,INR
ORD-104487,16-01-2024,FY2024,Q1,January,Central,Technology,Laptop,Consumer,Anjali,4,57531.08,32357.47,25173.61,11326.19,13847.42,63501.24,-5970.16,24.07,22.05,INR
ORD-101466,16-01-2024,FY2024,Q1,January,Central,Technology,Tablet,Consumer,Vikas,17,95870.49,58332.82,37537.67,12255.48,25282.19,99892.32,-4021.83,26.37,17.17,INR
ORD-101709,16-01-2024,FY2024,Q1,January,South,Furniture,Office Chair,Corporate,Rohit,2,39252.22,29074.39,10177.82,5143.05,5034.78,43313.97,-4061.75,12.83,17.22,INR
ORD-101278,16-01-2024,FY2024,Q1,January,Central,Healthcare,Gloves,Consumer,Sneha,12,35803.46,25815.56,9987.9,6506.1,3481.8,39033.09,-3229.63,9.72,6.52,INR
ORD-104095,16-01-2024,FY2024,Q1,January,West,Healthcare,Medical Kit,Small Business,Rahul,1,10162.8,5596.11,4566.69,918.93,3647.76,10955.08,-792.27,35.89,5.8,INR
ORD-102468,17-01-2024,FY2024,Q1,January,Central,Consumer Goods,Water Bottle,Corporate,Anjali,5,131339.94,80997.6,50342.33,27927.56,22414.77,134668.5,-3328.57,17.07,-1.64,INR
ORD-101821,17-01-2024,FY2024,Q1,January,Central,Technology,Tablet,Corporate,Neha,12,252857.31,141308.96,111548.35,43715.95,67832.4,246226.11,6631.21,26.83,15.62,INR
ORD-103636,18-01-2024,FY2024,Q1,January,North,Consumer Goods,Water Bottle,Consumer,Sneha,13,291119.58,185198.21,105921.37,63018.12,42903.26,264511.66,26607.93,14.74,-4.38,INR
ORD-103759,18-01-2024,FY2024,Q1,January,Central,Furniture,Conference Table,Small Business,Neha,14,412010.29,278580.82,133429.47,33970.85,99458.62,388253.95,23756.34,24.14,24.51,INR
ORD-104907,18-01-2024,FY2024,Q1,January,Central,Technology,Smartphone,Corporate,Sneha,18,640164.94,491479.07,148685.87,135277.14,13408.73,597466.69,42698.25,2.09,-6.14,INR
ORD-101388,18-01-2024,FY2024,Q1,January,South,Office Supplies,Stapler,Consumer,Vikas,15,122122.32,73839.13,48283.19,18280.82,30002.37,119218.95,2903.37,24.57,4.32,INR
ORD-104567,18-01-2024,FY2024,Q1,January,South,Furniture,Conference Table,Consumer,Amit,20,936332.88,493018.33,443314.55,103054.82,340259.73,853921.13,82411.76,36.34,-2.49,INR
ORD-102602,18-01-2024,FY2024,Q1,January,Central,Office Supplies,Pen Set,Corporate,Sneha,10,88647.28,52389.99,36257.29,14810.81,21446.48,88491.28,156.01,24.19,-3.85,INR
ORD-103841,18-01-2024,FY2024,Q1,January,West,Technology,Laptop,Consumer,Neha,3,115424.9,76204.62,39220.28,24308.36,14911.91,117472.19,-2047.29,12.92,16.04,INR
ORD-102210,18-01-2024,FY2024,Q1,January,North,Office Supplies,Stapler,Consumer,Rohit,13,431960.52,280721.3,151239.22,39600.61,111638.6,437896.97,-5936.45,25.84,5.21,INR
ORD-104597,18-01-2024,FY2024,Q1,January,South,Consumer Goods,Travel Bag,Consumer,Rohit,5,179092.31,116535.95,62556.36,35706.39,26849.96,196585.2,-17492.9,14.99,17.08,INR
ORD-102167,19-01-2024,FY2024,Q1,January,South,Consumer Goods,Water Bottle,Corporate,Sneha,1,17615.33,12392.9,5222.43,3856.66,1365.77,18566.44,-951.11,7.75,23.18,INR
ORD-104294,19-01-2024,FY2024,Q1,January,North,Office Supplies,Notebook,Small Business,Neha,5,7023.19,4595.16,2428.03,1104.39,1323.65,6483.3,539.89,18.85,12.55,INR
ORD-103067,19-01-2024,FY2024,Q1,January,West,Consumer Goods,Backpack,Corporate,Priya,7,154996.77,106012.21,48984.57,22168.16,26816.41,158867.15,-3870.37,17.3,14.83,INR
ORD-101525,19-01-2024,FY2024,Q1,January,Central,Healthcare,First Aid Box,Small Business,Priya,18,623238.18,461601.55,161636.63,49910.95,111725.68,629938.46,-6700.28,17.93,1.1,INR
ORD-103881,19-01-2024,FY2024,Q1,January,West,Technology,Tablet,Small Business,Rohit,4,105538.19,80604.56,24933.64,8726.34,16207.3,112939.19,-7401,15.36,23.56,INR
ORD-103561,19-01-2024,FY2024,Q1,January,South,Furniture,Desk,Consumer,Rahul,8,46487.21,31977.99,14509.23,8333.17,6176.06,42433.4,4053.82,13.29,10.72,INR
ORD-104083,19-01-2024,FY2024,Q1,January,North,Office Supplies,Pen Set,Corporate,Anjali,7,278093.23,186000.44,92092.79,30352.81,61739.98,305982.47,-27889.24,22.2,1.24,INR
ORD-103479,19-01-2024,FY2024,Q1,January,Central,Office Supplies,Pen Set,Small Business,Anjali,8,184338.66,97921.83,86416.83,40345.13,46071.7,184116.98,221.68,24.99,22.28,INR
ORD-104851,19-01-2024,FY2024,Q1,January,South,Healthcare,BP Monitor,Small Business,Priya,6,8635.92,5422.43,3213.49,895.71,2317.77,9639.74,-1003.83,26.84,23.51,INR
ORD-100546,20-01-2024,FY2024,Q1,January,East,Office Supplies,Notebook,Corporate,Sneha,9,118154.34,82669.63,35484.71,22604.51,12880.2,132253.89,-14099.55,10.9,-7.35,INR
ORD-100150,20-01-2024,FY2024,Q1,January,South,Technology,Smartphone,Consumer,Vikas,3,47277.65,27634.88,19642.77,6058.31,13584.46,51214.95,-3937.3,28.73,-7.84,INR
ORD-104040,20-01-2024,FY2024,Q1,January,West,Consumer Goods,Water Bottle,Consumer,Neha,7,138221.55,79717.25,58504.3,22367.84,36136.46,143976.06,-5754.51,26.14,3.4,INR
ORD-103547,21-01-2024,FY2024,Q1,January,East,Office Supplies,Pen Set,Consumer,Rohit,3,90634.86,62621.54,28013.32,17023.65,10989.67,83502.56,7132.31,12.13,-5.87,INR
ORD-100013,21-01-2024,FY2024,Q1,January,North,Technology,Tablet,Consumer,Rahul,17,49624.07,25860.59,23763.48,4180.32,19583.16,45256.89,4367.18,39.46,17.12,INR
ORD-101851,21-01-2024,FY2024,Q1,January,Central,Office Supplies,Pen Set,Consumer,Neha,8,292641.38,166241.14,126400.24,61422.69,64977.55,280293.35,12348.03,22.2,10.84,INR
ORD-102253,21-01-2024,FY2024,Q1,January,Central,Healthcare,Gloves,Consumer,Amit,7,105052.41,71207.21,33845.2,16957.05,16888.15,96939.33,8113.08,16.08,20.62,INR
ORD-101338,21-01-2024,FY2024,Q1,January,North,Healthcare,Gloves,Consumer,Rohit,15,640265.02,491574.89,148690.13,110488.26,38201.87,697579.95,-57314.93,5.97,16.06,INR
ORD-100876,21-01-2024,FY2024,Q1,January,Central,Furniture,Conference Table,Small Business,Vikas,4,110218.12,67201.82,43016.3,13663.21,29353.09,115110.54,-4892.42,26.63,11.82,INR
ORD-104946,21-01-2024,FY2024,Q1,January,North,Technology,Printer,Corporate,Anjali,15,673261.26,462198.78,211062.48,84919.78,126142.69,685409.8,-12148.54,18.74,-4.51,INR
ORD-104926,22-01-2024,FY2024,Q1,January,South,Consumer Goods,Calculator,Small Business,Rohit,10,29746.84,22335.08,7411.76,4981.18,2430.58,31922.67,-2175.83,8.17,22.48,INR
ORD-104895,22-01-2024,FY2024,Q1,January,East,Healthcare,First Aid Box,Small Business,Vikas,3,106326.12,59238.2,47087.93,16706.4,30381.53,116475.37,-10149.25,28.57,17.6,INR
ORD-101320,22-01-2024,FY2024,Q1,January,South,Consumer Goods,Headphones,Consumer,Priya,19,855420.93,504486.49,350934.44,71604.9,279329.54,935567.76,-80146.82,32.65,19.13,INR
ORD-102518,22-01-2024,FY2024,Q1,January,West,Office Supplies,Pen Set,Consumer,Priya,6,258631.03,155587.25,103043.78,31955.92,71087.86,246418.76,12212.26,27.49,12.02,INR
ORD-103205,22-01-2024,FY2024,Q1,January,South,Office Supplies,Paper Pack,Consumer,Sneha,18,131421.07,91186.74,40234.33,22047.65,18186.68,142592.24,-11171.18,13.84,24.34,INR
ORD-103832,22-01-2024,FY2024,Q1,January,East,Consumer Goods,Water Bottle,Consumer,Amit,6,158467.05,105989.26,52477.79,32052.2,20425.59,174857.74,-16390.69,12.89,21.18,INR
ORD-102836,22-01-2024,FY2024,Q1,January,North,Furniture,Office Chair,Consumer,Neha,15,227400.83,155742.79,71658.04,22063.4,49594.64,253706.09,-26305.26,21.81,10.91,INR
ORD-103298,22-01-2024,FY2024,Q1,January,East,Consumer Goods,Water Bottle,Corporate,Amit,20,470275.4,314136.91,156138.49,71123.6,85014.89,464178.19,6097.21,18.08,-7.51,INR
ORD-102256,22-01-2024,FY2024,Q1,January,West,Office Supplies,File Folder,Corporate,Neha,17,226209.18,135075.55,91133.63,24516.4,66617.23,227427.23,-1218.05,29.45,-5.06,INR
ORD-100477,22-01-2024,FY2024,Q1,January,West,Consumer Goods,Calculator,Corporate,Sneha,4,98077.32,62968.94,35108.37,18402.88,16705.49,99116.52,-1039.2,17.03,8.66,INR
ORD-100036,23-01-2024,FY2024,Q1,January,West,Consumer Goods,Backpack,Consumer,Neha,10,390229.18,216899.95,173329.23,74135.63,99193.6,402578.38,-12349.21,25.42,12.48,INR
ORD-103842,23-01-2024,FY2024,Q1,January,Central,Furniture,Bookshelf,Corporate,Rohit,18,186888.16,108643.55,78244.61,39191.02,39053.59,170123.07,16765.09,20.9,9.16,INR
ORD-104281,23-01-2024,FY2024,Q1,January,South,Healthcare,BP Monitor,Consumer,Anjali,20,880288.2,594336.23,285951.97,78569.62,207382.34,923851.27,-43563.07,23.56,22.73,INR
ORD-103576,23-01-2024,FY2024,Q1,January,West,Technology,Laptop,Corporate,Amit,13,508562.73,342992.97,165569.76,51147.53,114422.23,556038.7,-47475.97,22.5,-4.15,INR
ORD-100578,24-01-2024,FY2024,Q1,January,South,Furniture,Cabinet,Corporate,Rahul,10,435876.92,252402.93,183473.98,66989.7,116484.28,401518.52,34358.39,26.72,23.63,INR
ORD-101136,24-01-2024,FY2024,Q1,January,North,Office Supplies,Notebook,Corporate,Vikas,10,145021.47,80138.35,64883.12,23972.57,40910.55,143621.79,1399.68,28.21,9.1,INR
ORD-100523,25-01-2024,FY2024,Q1,January,West,Healthcare,BP Monitor,Small Business,Rahul,1,46146.73,32263.11,13883.61,7809.44,6074.18,44609.58,1537.15,13.16,18.81,INR
ORD-104074,25-01-2024,FY2024,Q1,January,West,Consumer Goods,Backpack,Consumer,Neha,11,270242.96,198958.41,71284.55,58555.43,12729.12,254772.92,15470.04,4.71,15.07,INR
ORD-103906,25-01-2024,FY2024,Q1,January,South,Office Supplies,Stapler,Consumer,Neha,1,12427.76,7425.86,5001.9,2435.96,2565.93,12731.11,-303.35,20.65,22.88,INR
ORD-101809,25-01-2024,FY2024,Q1,January,South,Consumer Goods,Water Bottle,Corporate,Rohit,16,73926.67,40865.07,33061.6,12141.73,20919.87,74280.22,-353.54,28.3,21.63,INR
ORD-104570,25-01-2024,FY2024,Q1,January,Central,Technology,Tablet,Consumer,Rohit,6,149517.23,102614.72,46902.5,22867.74,24034.76,134777.45,14739.77,16.07,16.57,INR
ORD-103308,25-01-2024,FY2024,Q1,January,West,Office Supplies,Paper Pack,Consumer,Sneha,11,173763.35,131701.85,42061.5,15304.89,26756.61,177182.98,-3419.63,15.4,23.75,INR
ORD-103146,25-01-2024,FY2024,Q1,January,South,Healthcare,Thermometer,Corporate,Vikas,8,165160.53,126357.32,38803.21,23750.13,15053.08,177222.85,-12062.32,9.11,12.84,INR
ORD-102760,25-01-2024,FY2024,Q1,January,East,Consumer Goods,Calculator,Corporate,Priya,7,293428.39,188823.3,104605.09,33070.95,71534.15,299843.51,-6415.12,24.38,19.12,INR
ORD-104527,26-01-2024,FY2024,Q1,January,East,Office Supplies,Paper Pack,Small Business,Neha,12,427304.72,278103.36,149201.36,79703.07,69498.3,466325.07,-39020.35,16.26,16.85,INR
ORD-103185,26-01-2024,FY2024,Q1,January,North,Technology,Tablet,Corporate,Amit,2,17146.7,11098.72,6047.98,1998.44,4049.54,17807.13,-660.43,23.62,1.83,INR
ORD-102207,26-01-2024,FY2024,Q1,January,North,Healthcare,Medical Kit,Consumer,Anjali,20,566904.99,299051.79,267853.2,65789.58,202063.62,625469.51,-58564.52,35.64,15.73,INR
ORD-100799,26-01-2024,FY2024,Q1,January,North,Technology,Tablet,Consumer,Sneha,10,147226.07,102288.19,44937.89,31763.9,13173.99,141302.85,5923.22,8.95,1.71,INR
ORD-103065,26-01-2024,FY2024,Q1,January,East,Office Supplies,Stapler,Consumer,Priya,4,56423.65,32813.57,23610.07,9746.47,13863.6,55036,1387.64,24.57,8.41,INR
ORD-101082,26-01-2024,FY2024,Q1,January,East,Consumer Goods,Headphones,Consumer,Vikas,17,340691.37,250057.63,90633.74,37809.53,52824.22,378977.71,-38286.35,15.51,0.2,INR
ORD-104944,27-01-2024,FY2024,Q1,January,South,Furniture,Bookshelf,Corporate,Vikas,2,60849.58,40258.03,20591.55,10391.54,10200.01,59755.92,1093.66,16.76,22.4,INR
ORD-103582,27-01-2024,FY2024,Q1,January,Central,Consumer Goods,Headphones,Consumer,Priya,16,266357.22,153770.69,112586.53,52718.13,59868.41,296511.41,-30154.19,22.48,11.64,INR
ORD-100081,27-01-2024,FY2024,Q1,January,East,Healthcare,First Aid Box,Consumer,Neha,18,128841.41,76364.53,52476.88,12315.08,40161.8,135598.75,-6757.34,31.17,14.69,INR
ORD-102885,28-01-2024,FY2024,Q1,January,East,Technology,Monitor,Consumer,Vikas,3,59249.64,38166.97,21082.67,11995.39,9087.28,57149.77,2099.87,15.34,4.99,INR
ORD-102344,28-01-2024,FY2024,Q1,January,North,Furniture,Bookshelf,Consumer,Vikas,8,218251.5,127349.82,90901.68,29284.17,61617.51,228402.19,-10150.69,28.23,-0.16,INR
ORD-101889,28-01-2024,FY2024,Q1,January,Central,Furniture,Office Chair,Consumer,Priya,17,478822.59,351189.11,127633.48,77430.11,50203.37,524119.63,-45297.04,10.48,18.24,INR
ORD-103787,28-01-2024,FY2024,Q1,January,East,Consumer Goods,Water Bottle,Small Business,Vikas,7,36714.73,19717.59,16997.14,4594.6,12402.54,36371.02,343.71,33.78,6.85,INR
ORD-100110,28-01-2024,FY2024,Q1,January,North,Office Supplies,Pen Set,Consumer,Priya,18,194778.89,106423.08,88355.81,39639.25,48716.56,180898.94,13879.95,25.01,8.37,INR
ORD-101340,30-01-2024,FY2024,Q1,January,North,Furniture,Cabinet,Small Business,Rahul,19,495131.09,268503.71,226627.38,52467.62,174159.76,489910.44,5220.65,35.17,-6.13,INR
ORD-101871,30-01-2024,FY2024,Q1,January,South,Furniture,Cabinet,Small Business,Priya,16,121882.06,81806.33,40075.73,26378.72,13697.01,113752.91,8129.15,11.24,-4.34,INR
ORD-102553,30-01-2024,FY2024,Q1,January,Central,Consumer Goods,Calculator,Corporate,Neha,15,424053.23,256787.74,167265.49,52399.72,114865.77,453003.98,-28950.75,27.09,7.25,INR
ORD-102629,30-01-2024,FY2024,Q1,January,West,Technology,Printer,Corporate,Vikas,15,635147.49,397814.05,237333.44,135093.11,102240.33,645195.04,-10047.55,16.1,14.98,INR
ORD-103552,30-01-2024,FY2024,Q1,January,West,Healthcare,Thermometer,Consumer,Rahul,10,468050.8,316559.86,151490.94,96427.62,55063.32,505422.54,-37371.74,11.76,-7.75,INR
ORD-103555,31-01-2024,FY2024,Q1,January,North,Technology,Tablet,Consumer,Amit,6,193722.7,105695.04,88027.66,40169.6,47858.06,185913.58,7809.12,24.7,5.95,INR
ORD-100839,31-01-2024,FY2024,Q1,January,Central,Office Supplies,Notebook,Consumer,Priya,9,203706.85,142351.24,61355.61,17009.32,44346.29,205742.64,-2035.79,21.77,20.87,INR
ORD-100421,31-01-2024,FY2024,Q1,January,West,Office Supplies,Notebook,Corporate,Vikas,12,487890.13,374372.09,113518.04,63335.88,50182.16,452845.42,35044.72,10.29,4.7,INR
ORD-100432,31-01-2024,FY2024,Q1,January,West,Technology,Tablet,Corporate,Neha,13,472604.68,332358.75,140245.94,79524.7,60721.24,504659.34,-32054.66,12.85,6.59,INR
ORD-100970,31-01-2024,FY2024,Q1,January,West,Technology,Monitor,Consumer,Priya,3,37646.75,23207.2,14439.54,3375.94,11063.6,37323.27,323.48,29.39,8.83,INR
ORD-104393,31-01-2024,FY2024,Q1,January,East,Office Supplies,Paper Pack,Consumer,Anjali,18,488172.31,366356.85,121815.46,92919.41,28896.05,456533.54,31638.77,5.92,15.17,INR
ORD-101291,01-02-2024,FY2024,Q1,February,South,Technology,Printer,Corporate,Priya,19,276854.71,158984.9,117869.8,26116.06,91753.75,299314.98,-22460.27,33.14,13.29,INR
ORD-102805,01-02-2024,FY2024,Q1,February,West,Furniture,Conference Table,Consumer,Neha,15,394637.78,241626.88,153010.9,53045.02,99965.88,398059.2,-3421.42,25.33,-7.42,INR
ORD-101884,01-02-2024,FY2024,Q1,February,Central,Office Supplies,Notebook,Consumer,Neha,6,28840.96,17713.98,11126.98,3837.69,7289.29,31673.25,-2832.29,25.27,-5.34,INR
ORD-101561,01-02-2024,FY2024,Q1,February,South,Office Supplies,Stapler,Corporate,Vikas,15,265816.89,202694.69,63122.2,34284.66,28837.55,252474.55,13342.34,10.85,-5.79,INR
ORD-102476,01-02-2024,FY2024,Q1,February,North,Consumer Goods,Travel Bag,Corporate,Anjali,10,187853.28,140002.84,47850.45,20104.18,27746.26,180644.28,7209,14.77,4.69,INR
ORD-100380,01-02-2024,FY2024,Q1,February,West,Office Supplies,Paper Pack,Consumer,Rahul,18,810307,521472.19,288834.81,79046.99,209787.82,749538.67,60768.33,25.89,4.9,INR
ORD-100417,01-02-2024,FY2024,Q1,February,South,Technology,Monitor,Consumer,Rohit,15,691240.1,379437.03,311803.07,111456.5,200346.57,758761.23,-67521.13,28.98,11.73,INR
ORD-102378,02-02-2024,FY2024,Q1,February,North,Furniture,Bookshelf,Small Business,Priya,10,102563.02,66680.96,35882.07,16976.72,18905.35,93429.74,9133.28,18.43,5.91,INR
ORD-100107,02-02-2024,FY2024,Q1,February,South,Consumer Goods,Headphones,Corporate,Vikas,19,196797.86,147901.63,48896.24,34293.27,14602.97,203016.81,-6218.95,7.42,2.24,INR
ORD-100441,02-02-2024,FY2024,Q1,February,North,Healthcare,BP Monitor,Consumer,Rohit,15,715756.71,542833.77,172922.95,115528.88,57394.07,764328,-48571.29,8.02,14.49,INR
ORD-102834,02-02-2024,FY2024,Q1,February,South,Office Supplies,File Folder,Consumer,Priya,19,557508.54,317940.9,239567.64,90284.34,149283.31,616989.22,-59480.68,26.78,23.84,INR
ORD-100215,02-02-2024,FY2024,Q1,February,South,Technology,Monitor,Consumer,Neha,3,94288.92,58834.59,35454.33,9009.24,26445.09,98964.77,-4675.84,28.05,3.24,INR
ORD-104103,02-02-2024,FY2024,Q1,February,West,Healthcare,Medical Kit,Corporate,Rohit,1,5934.07,4187.03,1747.05,923.46,823.58,6062.47,-128.4,13.88,12.89,INR
ORD-101147,03-02-2024,FY2024,Q1,February,West,Furniture,Cabinet,Small Business,Anjali,3,49012.41,29522.58,19489.83,9629.06,9860.77,51872.07,-2859.66,20.12,23.85,INR
ORD-102099,03-02-2024,FY2024,Q1,February,North,Technology,Tablet,Corporate,Priya,15,542426.93,307737.27,234689.66,79030.25,155659.41,507682.61,34744.32,28.7,10.79,INR
ORD-101926,03-02-2024,FY2024,Q1,February,South,Office Supplies,Pen Set,Small Business,Rohit,5,222649.36,120900.12,101749.23,48841.51,52907.73,234923.81,-12274.46,23.76,10.21,INR
ORD-101607,03-02-2024,FY2024,Q1,February,North,Office Supplies,Pen Set,Consumer,Rahul,2,82849.5,51911.75,30937.75,17782.47,13155.28,77360.47,5489.03,15.88,3.6,INR
ORD-101777,03-02-2024,FY2024,Q1,February,East,Consumer Goods,Headphones,Consumer,Rohit,15,622651.29,332913.03,289738.26,80718.79,209019.47,654320.89,-31669.6,33.57,23.74,INR
ORD-102645,03-02-2024,FY2024,Q1,February,West,Technology,Monitor,Consumer,Sneha,2,48014.24,35664.04,12350.2,8273.17,4077.03,45893.79,2120.45,8.49,-4.44,INR
ORD-104242,04-02-2024,FY2024,Q1,February,Central,Furniture,Office Chair,Corporate,Amit,18,815001.7,517898.15,297103.55,83781.32,213322.23,807982.14,7019.56,26.17,1.76,INR
ORD-101831,04-02-2024,FY2024,Q1,February,West,Consumer Goods,Water Bottle,Consumer,Anjali,12,80735.58,60128,20607.58,16720.8,3886.78,75613.89,5121.68,4.81,21.86,INR
ORD-100285,04-02-2024,FY2024,Q1,February,East,Furniture,Desk,Corporate,Amit,8,383098.07,298068.93,85029.15,49594.12,35435.03,351371.54,31726.54,9.25,3.14,INR
ORD-103531,05-02-2024,FY2024,Q1,February,West,Consumer Goods,Water Bottle,Consumer,Neha,7,195464.41,149419.9,46044.51,22251.21,23793.31,209932.16,-14467.75,12.17,-6.92,INR
ORD-100217,05-02-2024,FY2024,Q1,February,Central,Healthcare,Gloves,Corporate,Priya,10,221300.86,119212.86,102088,41192.44,60895.56,238821.31,-17520.45,27.52,23.66,INR
ORD-102095,05-02-2024,FY2024,Q1,February,West,Technology,Tablet,Corporate,Rahul,10,445598.03,250724.04,194873.99,55950.07,138923.92,466495.58,-20897.55,31.18,-7.86,INR
ORD-100157,05-02-2024,FY2024,Q1,February,West,Technology,Smartphone,Small Business,Anjali,8,64340.13,50158.23,14181.9,10510.89,3671.02,58717.68,5622.45,5.71,-3.86,INR
ORD-100581,05-02-2024,FY2024,Q1,February,East,Furniture,Office Chair,Consumer,Neha,8,391968.13,244467.41,147500.72,39138.31,108362.41,381556.15,10411.98,27.65,10.24,INR
ORD-101265,05-02-2024,FY2024,Q1,February,East,Healthcare,Medical Kit,Consumer,Sneha,2,1652.43,1209.4,443.02,165.93,277.09,1645.89,6.53,16.77,-7.01,INR
ORD-101079,05-02-2024,FY2024,Q1,February,West,Office Supplies,File Folder,Consumer,Neha,19,174395.67,118118.26,56277.4,13985.66,42291.74,184108.93,-9713.26,24.25,8.07,INR
ORD-101354,05-02-2024,FY2024,Q1,February,East,Technology,Printer,Consumer,Sneha,12,309824.22,235027.32,74796.9,28082.08,46714.83,346046.73,-36222.51,15.08,1.69,INR
ORD-102777,05-02-2024,FY2024,Q1,February,South,Office Supplies,Paper Pack,Consumer,Neha,15,220957.88,118379.75,102578.13,31042.57,71535.56,242414.47,-21456.59,32.38,-4.52,INR
ORD-100054,06-02-2024,FY2024,Q1,February,Central,Consumer Goods,Water Bottle,Consumer,Sneha,19,748345.59,424329.23,324016.37,91390.18,232626.18,792572.4,-44226.8,31.09,18.95,INR
ORD-100781,06-02-2024,FY2024,Q1,February,Central,Technology,Laptop,Consumer,Vikas,10,379663.95,259678.64,119985.31,56889.87,63095.44,411460.49,-31796.54,16.62,-0.47,INR
ORD-101095,06-02-2024,FY2024,Q1,February,West,Technology,Laptop,Small Business,Amit,11,321533.26,230097.55,91435.7,27733.7,63702,310847.13,10686.13,19.81,15.04,INR
ORD-100172,07-02-2024,FY2024,Q1,February,South,Office Supplies,Notebook,Small Business,Priya,12,403772.77,253616.59,150156.17,52419.19,97736.99,428446.49,-24673.73,24.21,3.86,INR
ORD-103021,07-02-2024,FY2024,Q1,February,East,Healthcare,BP Monitor,Consumer,Anjali,12,247092.19,180954.3,66137.89,23480.9,42657,273005.7,-25913.51,17.26,-7.13,INR
ORD-103220,07-02-2024,FY2024,Q1,February,East,Consumer Goods,Calculator,Small Business,Priya,3,138751.98,79189.65,59562.33,19645.33,39917,126486.63,12265.35,28.77,9,INR
ORD-100198,08-02-2024,FY2024,Q1,February,Central,Consumer Goods,Travel Bag,Corporate,Neha,4,82483.38,43439.9,39043.48,7792.87,31250.6,83319.26,-835.88,37.89,7.17,INR
ORD-102993,08-02-2024,FY2024,Q1,February,South,Furniture,Office Chair,Consumer,Priya,19,255579.24,141907.48,113671.76,27739.33,85932.43,243242.83,12336.41,33.62,3.82,INR
ORD-102460,08-02-2024,FY2024,Q1,February,West,Office Supplies,Pen Set,Corporate,Neha,1,38080.78,19814.38,18266.4,6247.25,12019.15,40007.63,-1926.85,31.56,16.39,INR
ORD-103190,08-02-2024,FY2024,Q1,February,West,Furniture,Cabinet,Corporate,Amit,20,982887.84,743247.56,239640.28,93478.56,146161.72,1000726.04,-17838.2,14.87,14.81,INR
ORD-101430,08-02-2024,FY2024,Q1,February,West,Office Supplies,Pen Set,Corporate,Neha,6,85311.42,59181.78,26129.65,13443.02,12686.62,90292.63,-4981.2,14.87,1.62,INR
ORD-103027,09-02-2024,FY2024,Q1,February,Central,Consumer Goods,Water Bottle,Consumer,Vikas,9,359555.21,201422.63,158132.58,32108.76,126023.82,359830.21,-274.99,35.05,-4.33,INR
ORD-102051,09-02-2024,FY2024,Q1,February,South,Technology,Printer,Corporate,Neha,8,146202.37,77532.72,68669.65,20008.97,48660.68,143318.68,2883.69,33.28,14.51,INR
ORD-104043,09-02-2024,FY2024,Q1,February,South,Healthcare,Medical Kit,Corporate,Rahul,18,821198.78,611228.45,209970.34,65986.7,143983.64,860037.39,-38838.6,17.53,7.31,INR
ORD-104190,09-02-2024,FY2024,Q1,February,South,Office Supplies,Paper Pack,Consumer,Neha,5,88723.79,59637.81,29085.98,8417.22,20668.75,99336.9,-10613.11,23.3,16.68,INR
ORD-100547,09-02-2024,FY2024,Q1,February,South,Office Supplies,Pen Set,Corporate,Vikas,18,36782.15,24493.36,12288.79,4722.22,7566.56,35388.1,1394.05,20.57,22.83,INR
ORD-104580,09-02-2024,FY2024,Q1,February,East,Healthcare,Gloves,Corporate,Rohit,7,204357.33,107084.35,97272.98,19173.55,78099.43,224767.29,-20409.96,38.22,-4.51,INR
ORD-101852,09-02-2024,FY2024,Q1,February,East,Furniture,Cabinet,Consumer,Vikas,20,361728.69,216549.12,145179.56,49086.94,96092.63,366964.06,-5235.37,26.56,13.37,INR
ORD-103588,09-02-2024,FY2024,Q1,February,Central,Office Supplies,Pen Set,Corporate,Neha,1,30134.18,21080.63,9053.55,4236.38,4817.17,27267.56,2866.62,15.99,-4.59,INR
ORD-101741,10-02-2024,FY2024,Q1,February,North,Furniture,Conference Table,Consumer,Priya,11,56707,41387.06,15319.94,11184.96,4134.98,51465.42,5241.58,7.29,20.11,INR
ORD-102426,10-02-2024,FY2024,Q1,February,West,Consumer Goods,Calculator,Consumer,Amit,5,91190.51,50232.93,40957.59,11041.11,29916.48,96093.94,-4903.43,32.81,-1.18,INR
ORD-102076,10-02-2024,FY2024,Q1,February,East,Technology,Laptop,Consumer,Anjali,5,107315.02,81409.89,25905.13,12207.56,13697.58,102267.72,5047.3,12.76,0.52,INR
ORD-103822,10-02-2024,FY2024,Q1,February,Central,Furniture,Cabinet,Consumer,Priya,12,254243.22,172420.01,81823.21,26144.97,55678.24,245381.97,8861.25,21.9,-5.66,INR
ORD-103671,10-02-2024,FY2024,Q1,February,West,Furniture,Bookshelf,Consumer,Rahul,10,138232.41,100596.97,37635.44,13674.79,23960.65,125668.91,12563.49,17.33,5.89,INR
ORD-101762,10-02-2024,FY2024,Q1,February,West,Consumer Goods,Water Bottle,Consumer,Rohit,18,386327.46,258159.19,128168.27,48523.18,79645.09,379230.91,7096.55,20.62,13.15,INR
ORD-101037,10-02-2024,FY2024,Q1,February,West,Consumer Goods,Backpack,Corporate,Anjali,14,446707.97,345880.41,100827.56,40012.74,60814.82,408700.5,38007.47,13.61,6.48,INR
ORD-101603,11-02-2024,FY2024,Q1,February,North,Office Supplies,Pen Set,Consumer,Sneha,3,134915.85,89318.93,45596.92,13298.66,32298.27,133440.35,1475.5,23.94,-5.3,INR
ORD-103110,11-02-2024,FY2024,Q1,February,West,Technology,Printer,Small Business,Rohit,8,337540.54,214636.5,122904.05,30260.72,92643.33,374391.31,-36850.77,27.45,24.92,INR
ORD-102349,11-02-2024,FY2024,Q1,February,West,Consumer Goods,Water Bottle,Consumer,Amit,6,131470.41,80849.27,50621.14,23241.73,27379.41,146514.62,-15044.21,20.83,1.69,INR
ORD-104070,11-02-2024,FY2024,Q1,February,East,Technology,Printer,Consumer,Anjali,7,161911.15,86018.27,75892.88,20991.7,54901.18,169331.02,-7419.87,33.91,21.23,INR
ORD-100096,11-02-2024,FY2024,Q1,February,South,Consumer Goods,Water Bottle,Corporate,Sneha,14,491080.15,365515.94,125564.21,50418.22,75145.99,517295.49,-26215.34,15.3,7.49,INR
ORD-102644,11-02-2024,FY2024,Q1,February,West,Furniture,Conference Table,Small Business,Neha,7,128594.15,93283.41,35310.74,25633.99,9676.75,137033.04,-8438.9,7.53,18.75,INR
ORD-101918,12-02-2024,FY2024,Q1,February,South,Technology,Tablet,Corporate,Vikas,20,802704.94,545840.98,256863.96,112638.98,144224.98,771875.45,30829.49,17.97,3.92,INR
ORD-100276,12-02-2024,FY2024,Q1,February,Central,Furniture,Conference Table,Small Business,Neha,20,674810.32,355641.77,319168.55,107907.83,211260.72,614812.41,59997.91,31.31,15.31,INR
ORD-102743,12-02-2024,FY2024,Q1,February,East,Office Supplies,File Folder,Consumer,Sneha,5,214543.76,119174.26,95369.51,26349.31,69020.2,217669.06,-3125.29,32.17,-7.42,INR
ORD-102843,13-02-2024,FY2024,Q1,February,South,Consumer Goods,Calculator,Consumer,Neha,5,121873.85,65348.07,56525.78,24594.77,31931.01,115478.18,6395.67,26.2,14.04,INR
ORD-104703,14-02-2024,FY2024,Q1,February,Central,Technology,Laptop,Small Business,Anjali,15,684204.67,373120.4,311084.27,142483.73,168600.54,753408.58,-69203.91,24.64,1.8,INR
ORD-101394,14-02-2024,FY2024,Q1,February,West,Healthcare,Thermometer,Consumer,Sneha,13,179181.98,133118.54,46063.44,39223.1,6840.34,194947.46,-15765.48,3.82,23.57,INR
ORD-104322,14-02-2024,FY2024,Q1,February,West,Furniture,Desk,Corporate,Amit,10,202280.96,141742.22,60538.74,41135.87,19402.87,192998.38,9282.58,9.59,-5.34,INR
ORD-104469,15-02-2024,FY2024,Q1,February,South,Technology,Smartphone,Small Business,Rahul,7,261025.82,168557.53,92468.28,49722.03,42746.25,257085.27,3940.54,16.38,-0.39,INR
ORD-102501,16-02-2024,FY2024,Q1,February,East,Consumer Goods,Water Bottle,Consumer,Rohit,15,51705.53,27807.54,23897.98,6570.22,17327.77,51298.95,406.58,33.51,5.28,INR
ORD-103421,16-02-2024,FY2024,Q1,February,North,Consumer Goods,Water Bottle,Consumer,Neha,12,191074.76,141510.67,49564.09,31175.57,18388.52,181104.66,9970.1,9.62,17.08,INR
ORD-102740,16-02-2024,FY2024,Q1,February,North,Technology,Printer,Consumer,Rohit,10,106177.18,64597.45,41579.73,14132.15,27447.58,111780.76,-5603.58,25.85,5.53,INR
ORD-102882,16-02-2024,FY2024,Q1,February,Central,Furniture,Bookshelf,Corporate,Neha,19,588955.44,388509.87,200445.57,127029.16,73416.41,636730.08,-47774.64,12.47,8.6,INR
ORD-102011,17-02-2024,FY2024,Q1,February,South,Technology,Tablet,Corporate,Rohit,11,331371.97,221985.36,109386.61,63061.57,46325.04,370612.45,-39240.47,13.98,-7.48,INR
ORD-103233,17-02-2024,FY2024,Q1,February,Central,Technology,Laptop,Consumer,Vikas,2,92512.96,65453.42,27059.55,8184.77,18874.78,86860.65,5652.32,20.4,-2.67,INR
ORD-100396,17-02-2024,FY2024,Q1,February,West,Office Supplies,Pen Set,Consumer,Amit,12,30017.85,16708.85,13309,4854.93,8454.07,32557.72,-2539.87,28.16,24.57,INR
ORD-103245,18-02-2024,FY2024,Q1,February,West,Furniture,Desk,Consumer,Anjali,1,1700.52,1324.83,375.69,223.09,152.6,1578.2,122.32,8.97,2.45,INR
ORD-101971,18-02-2024,FY2024,Q1,February,South,Technology,Printer,Consumer,Amit,3,26118.89,16982.36,9136.53,3307.57,5828.96,26168.85,-49.96,22.32,8.61,INR
ORD-101118,18-02-2024,FY2024,Q1,February,North,Consumer Goods,Calculator,Corporate,Sneha,13,619135.11,406704.52,212430.59,90017.47,122413.12,658668.78,-39533.68,19.77,3.63,INR
ORD-103385,18-02-2024,FY2024,Q1,February,Central,Technology,Tablet,Consumer,Rohit,9,403152.96,225979.7,177173.26,50773.75,126399.51,388848.86,14304.1,31.35,19.9,INR
ORD-102703,18-02-2024,FY2024,Q1,February,West,Office Supplies,Paper Pack,Small Business,Rahul,16,721979.71,464734.67,257245.04,82037.26,175207.77,656097.26,65882.45,24.27,2.78,INR
ORD-101250,18-02-2024,FY2024,Q1,February,East,Office Supplies,File Folder,Corporate,Priya,3,49971.9,28174.22,21797.68,7152.11,14645.56,54282.37,-4310.47,29.31,-7.09,INR
ORD-102138,18-02-2024,FY2024,Q1,February,West,Technology,Tablet,Consumer,Amit,3,138972.66,100612.79,38359.87,26817.17,11542.71,143507.5,-4534.84,8.31,13.11,INR
ORD-104915,19-02-2024,FY2024,Q1,February,South,Healthcare,Medical Kit,Small Business,Vikas,14,73060.81,52807.92,20252.89,15364.61,4888.28,70222.48,2838.34,6.69,17.86,INR
ORD-104297,19-02-2024,FY2024,Q1,February,South,Office Supplies,Paper Pack,Consumer,Amit,14,436058.39,281364.63,154693.75,49001.36,105692.4,405982.74,30075.65,24.24,22.33,INR
ORD-104063,19-02-2024,FY2024,Q1,February,North,Furniture,Cabinet,Small Business,Anjali,6,226365.6,147124.16,79241.44,30761.74,48479.7,208015.42,18350.18,21.42,20.44,INR
ORD-103406,20-02-2024,FY2024,Q1,February,Central,Healthcare,Medical Kit,Small Business,Vikas,2,35046.42,25104.53,9941.89,6951.9,2989.99,38472.78,-3426.36,8.53,12.87,INR
ORD-104609,20-02-2024,FY2024,Q1,February,East,Healthcare,First Aid Box,Consumer,Neha,11,333108.65,201546.86,131561.8,28539.59,103022.21,360956.25,-27847.59,30.93,-7.34,INR
ORD-104155,20-02-2024,FY2024,Q1,February,East,Office Supplies,Pen Set,Corporate,Sneha,3,21061.1,16235.95,4825.16,3940.64,884.51,22310.41,-1249.31,4.2,6.07,INR
ORD-103902,20-02-2024,FY2024,Q1,February,West,Technology,Printer,Corporate,Rohit,16,32775.37,23000.43,9774.94,5957.04,3817.9,30103.17,2672.2,11.65,19.49,INR
ORD-103456,20-02-2024,FY2024,Q1,February,Central,Technology,Tablet,Corporate,Amit,14,219502.7,115068.17,104434.52,31069.81,73364.71,232662.39,-13159.69,33.42,-3.04,INR
ORD-103883,21-02-2024,FY2024,Q1,February,East,Furniture,Office Chair,Consumer,Rohit,17,534579.07,278757.17,255821.89,65697.77,190124.13,503395.96,31183.11,35.57,9.82,INR
ORD-100392,22-02-2024,FY2024,Q1,February,South,Office Supplies,Stapler,Consumer,Neha,19,231947.19,164364.78,67582.42,46147.26,21435.16,240358.81,-8411.62,9.24,14.01,INR
ORD-100878,22-02-2024,FY2024,Q1,February,East,Office Supplies,Notebook,Corporate,Rahul,11,75411.25,43872.49,31538.76,16548.75,14990.01,75053.75,357.5,19.88,19.35,INR
ORD-104091,23-02-2024,FY2024,Q1,February,North,Consumer Goods,Travel Bag,Consumer,Sneha,17,477237.31,369881.65,107355.65,83791.83,23563.82,500757.93,-23520.63,4.94,5.32,INR
ORD-100082,23-02-2024,FY2024,Q1,February,South,Office Supplies,Pen Set,Consumer,Rohit,2,79956.19,53842.65,26113.54,7574.71,18538.83,88967.22,-9011.03,23.19,8.97,INR
ORD-104090,23-02-2024,FY2024,Q1,February,Central,Office Supplies,Notebook,Consumer,Neha,5,100208.56,71519.18,28689.39,21992.52,6696.87,95173.54,5035.02,6.68,6.09,INR
ORD-101671,23-02-2024,FY2024,Q1,February,East,Office Supplies,Stapler,Corporate,Priya,13,636304.48,461748.7,174555.78,57849.09,116706.68,605012.87,31291.61,18.34,-3.26,INR
ORD-101173,23-02-2024,FY2024,Q1,February,South,Office Supplies,Paper Pack,Corporate,Neha,4,140102.64,106927.64,33175,22496.9,10678.1,142917.04,-2814.41,7.62,21.93,INR
ORD-104712,23-02-2024,FY2024,Q1,February,South,Healthcare,Gloves,Corporate,Neha,10,72448.04,55224.77,17223.27,10564.62,6658.64,71216.16,1231.88,9.19,15.25,INR
ORD-102522,23-02-2024,FY2024,Q1,February,Central,Office Supplies,Notebook,Corporate,Vikas,20,942949.14,561061.33,381887.81,204016.18,177871.64,950915.83,-7966.69,18.86,-6.41,INR
ORD-101439,24-02-2024,FY2024,Q1,February,South,Technology,Tablet,Corporate,Sneha,3,103126.66,57917.35,45209.31,20458.67,24750.63,103081.84,44.82,24,-5.3,INR
ORD-103071,24-02-2024,FY2024,Q1,February,West,Furniture,Cabinet,Consumer,Rahul,20,926481.6,576404.46,350077.14,195189.94,154887.19,950541.74,-24060.14,16.72,9.17,INR
ORD-100859,24-02-2024,FY2024,Q1,February,North,Office Supplies,Stapler,Corporate,Rohit,1,26641.3,17365.39,9275.91,3715.84,5560.07,28994.04,-2352.74,20.87,16.41,INR
ORD-103322,24-02-2024,FY2024,Q1,February,North,Healthcare,Medical Kit,Corporate,Neha,20,123416.42,89525.14,33891.28,16936.1,16955.18,124611.03,-1194.6,13.74,-5.91,INR
ORD-100804,24-02-2024,FY2024,Q1,February,East,Consumer Goods,Headphones,Consumer,Neha,17,549371.84,381617.5,167754.34,89574.55,78179.79,601919.02,-52547.18,14.23,1.15,INR
ORD-101838,24-02-2024,FY2024,Q1,February,Central,Technology,Printer,Corporate,Vikas,1,41544.09,22604.8,18939.29,5552.6,13386.68,46085.57,-4541.49,32.22,9.76,INR
ORD-102498,24-02-2024,FY2024,Q1,February,Central,Technology,Smartphone,Consumer,Amit,19,705632.56,429769.22,275863.34,92493.36,183369.98,789620.61,-83988.05,25.99,-7.47,INR
ORD-104648,24-02-2024,FY2024,Q1,February,East,Office Supplies,Stapler,Corporate,Sneha,15,272879.54,208086.04,64793.5,47978.81,16814.69,250311.01,22568.53,6.16,5.74,INR
ORD-102530,24-02-2024,FY2024,Q1,February,West,Office Supplies,Notebook,Corporate,Priya,15,237862.62,177818.89,60043.72,37585.47,22458.25,223458.01,14404.61,9.44,20.24,INR
ORD-104554,25-02-2024,FY2024,Q1,February,North,Healthcare,Medical Kit,Consumer,Rohit,16,407553.06,248874.28,158678.78,66656.02,92022.76,433567.27,-26014.21,22.58,19.74,INR
ORD-104343,25-02-2024,FY2024,Q1,February,Central,Healthcare,First Aid Box,Consumer,Vikas,15,434022.43,251406.41,182616.02,88798.9,93817.12,432809.3,1213.13,21.62,9.6,INR
ORD-102005,25-02-2024,FY2024,Q1,February,Central,Furniture,Desk,Corporate,Vikas,16,321396.1,169062.63,152333.46,69431.27,82902.2,291917.7,29478.4,25.79,17.22,INR
ORD-103043,25-02-2024,FY2024,Q1,February,South,Healthcare,BP Monitor,Small Business,Priya,17,704617.14,548722.89,155894.25,105351.01,50543.24,639066.96,65550.18,7.17,-7.44,INR
ORD-102972,25-02-2024,FY2024,Q1,February,South,Technology,Printer,Consumer,Rahul,13,262778.78,175438.27,87340.51,29891.77,57448.74,265776.6,-2997.82,21.86,18.51,INR
ORD-102547,25-02-2024,FY2024,Q1,February,East,Office Supplies,Stapler,Consumer,Rahul,13,182966.47,101869.3,81097.17,23945.5,57151.67,166113.98,16852.49,31.24,1.11,INR
ORD-104522,26-02-2024,FY2024,Q1,February,Central,Healthcare,Gloves,Consumer,Priya,20,138501.8,76674.55,61827.26,11883.26,49943.99,150994.07,-12492.27,36.06,9.26,INR
ORD-101223,26-02-2024,FY2024,Q1,February,South,Consumer Goods,Travel Bag,Consumer,Neha,19,207382.79,110633.06,96749.73,44419.11,52330.62,228993.49,-21610.69,25.23,2.93,INR
ORD-100785,26-02-2024,FY2024,Q1,February,Central,Technology,Laptop,Small Business,Amit,7,137714.95,83197.98,54516.97,16020.83,38496.14,140845.49,-3130.54,27.95,-5.93,INR
ORD-102917,26-02-2024,FY2024,Q1,February,South,Healthcare,Thermometer,Consumer,Rahul,14,375230.83,216585.84,158644.99,54305.21,104339.78,383844.79,-8613.96,27.81,20.16,INR
ORD-101840,26-02-2024,FY2024,Q1,February,East,Office Supplies,Notebook,Consumer,Priya,13,20919.29,11052.07,9867.22,4177.34,5689.88,21750.99,-831.7,27.2,10.08,INR
ORD-104588,26-02-2024,FY2024,Q1,February,West,Furniture,Conference Table,Corporate,Vikas,9,91675.91,58992.29,32683.62,13844.29,18839.32,99541.71,-7865.8,20.55,16.37,INR
ORD-103825,26-02-2024,FY2024,Q1,February,North,Technology,Printer,Consumer,Anjali,5,234130.02,150119.36,84010.66,38433.45,45577.21,228027.67,6102.35,19.47,23.84,INR
ORD-104130,27-02-2024,FY2024,Q1,February,West,Office Supplies,Notebook,Consumer,Sneha,7,340214.49,256749.98,83464.5,70378.67,13085.84,376696.78,-36482.3,3.85,8.59,INR
ORD-102184,27-02-2024,FY2024,Q1,February,South,Consumer Goods,Headphones,Small Business,Sneha,12,128842.09,97618.07,31224.02,22326.83,8897.19,142675.59,-13833.5,6.91,0.13,INR
ORD-104305,27-02-2024,FY2024,Q1,February,Central,Consumer Goods,Calculator,Small Business,Neha,20,43482.24,31897.45,11584.79,8346.23,3238.56,40983.89,2498.35,7.45,24.48,INR
ORD-102360,28-02-2024,FY2024,Q1,February,North,Healthcare,First Aid Box,Corporate,Rahul,18,432195.63,312350.67,119844.96,48824.01,71020.95,435426.01,-3230.37,16.43,-5.64,INR
ORD-103905,28-02-2024,FY2024,Q1,February,North,Furniture,Cabinet,Small Business,Anjali,13,256989,185683.86,71305.14,42687.81,28617.33,285580.54,-28591.54,11.14,9.34,INR
ORD-103378,29-02-2024,FY2024,Q1,February,South,Consumer Goods,Backpack,Corporate,Neha,2,7577.28,5587.24,1990.04,1512.66,477.38,8480.43,-903.15,6.3,-6.4,INR
ORD-103203,29-02-2024,FY2024,Q1,February,South,Technology,Printer,Corporate,Priya,11,450611.81,245627.81,204984.01,87173.46,117810.55,494402.19,-43790.37,26.14,21.29,INR
ORD-103463,29-02-2024,FY2024,Q1,February,North,Office Supplies,Pen Set,Consumer,Priya,6,81878.8,50121.82,31756.98,13606.48,18150.5,90349.37,-8470.57,22.17,21.04,INR
ORD-100700,29-02-2024,FY2024,Q1,February,North,Furniture,Office Chair,Corporate,Rahul,13,150303.15,116778.49,33524.67,18442.76,15081.91,136819.19,13483.96,10.03,15.11,INR
ORD-101696,29-02-2024,FY2024,Q1,February,West,Consumer Goods,Travel Bag,Consumer,Priya,11,276921.19,168958.06,107963.12,29072.42,78890.71,274608.57,2312.62,28.49,3.42,INR
ORD-101890,29-02-2024,FY2024,Q1,February,North,Healthcare,Thermometer,Corporate,Rohit,10,153732.94,90229.04,63503.91,33192.96,30310.94,164958.39,-11225.44,19.72,16.77,INR
ORD-102169,29-02-2024,FY2024,Q1,February,East,Furniture,Cabinet,Consumer,Priya,11,401193.42,223156.77,178036.66,44261.92,133774.74,433916.94,-32723.51,33.34,22.49,INR
ORD-101232,01-03-2024,FY2024,Q1,March,Central,Consumer Goods,Backpack,Consumer,Priya,16,104603.75,61867.78,42735.97,17143.28,25592.69,103944.07,659.68,24.47,3.82,INR
ORD-101522,02-03-2024,FY2024,Q1,March,North,Technology,Monitor,Corporate,Rohit,2,95947.12,71213.51,24733.6,14183.67,10549.93,89507.48,6439.63,11,-5.13,INR
ORD-101600,02-03-2024,FY2024,Q1,March,North,Technology,Laptop,Consumer,Anjali,5,102913.37,68837.95,34075.42,12210.1,21865.31,103611.82,-698.45,21.25,-2.53,INR
ORD-104537,02-03-2024,FY2024,Q1,March,East,Consumer Goods,Backpack,Consumer,Priya,9,79736.97,52051.24,27685.73,7534.79,20150.94,84532.47,-4795.5,25.27,17.48,INR
ORD-101537,02-03-2024,FY2024,Q1,March,West,Furniture,Conference Table,Corporate,Anjali,8,61428.9,32310.68,29118.21,8435.06,20683.16,65676.99,-4248.09,33.67,10.2,INR
ORD-104472,02-03-2024,FY2024,Q1,March,Central,Office Supplies,Paper Pack,Consumer,Sneha,5,39526.71,30662,8864.71,8268.51,596.2,42490.94,-2964.24,1.51,-0.07,INR
ORD-101703,03-03-2024,FY2024,Q1,March,Central,Furniture,Desk,Consumer,Anjali,6,165333.05,110442.42,54890.63,25120.81,29769.82,154656.83,10676.21,18.01,17.14,INR
ORD-103153,03-03-2024,FY2024,Q1,March,South,Consumer Goods,Calculator,Small Business,Vikas,7,133212.93,75048.61,58164.32,13699.47,44464.85,130025.34,3187.59,33.38,-4.56,INR
ORD-102768,03-03-2024,FY2024,Q1,March,South,Healthcare,Thermometer,Small Business,Priya,8,349075.9,198451.22,150624.68,30771.51,119853.17,345519.04,3556.86,34.33,16.3,INR
ORD-101378,03-03-2024,FY2024,Q1,March,Central,Technology,Tablet,Consumer,Rohit,14,262183.52,176020.43,86163.09,39531.74,46631.35,249675.19,12508.33,17.79,14.93,INR
ORD-104671,04-03-2024,FY2024,Q1,March,South,Office Supplies,File Folder,Corporate,Amit,1,10218.35,5476.73,4741.62,1216.49,3525.13,9310.84,907.51,34.5,6.29,INR
ORD-104109,04-03-2024,FY2024,Q1,March,Central,Office Supplies,Paper Pack,Small Business,Rahul,11,427714.68,224117.45,203597.23,62363.03,141234.2,471971.05,-44256.36,33.02,-6.53,INR
ORD-104767,04-03-2024,FY2024,Q1,March,East,Healthcare,First Aid Box,Small Business,Rahul,4,81753.4,59130.31,22623.08,12328.75,10294.33,87243.3,-5489.9,12.59,14.04,INR
ORD-100913,04-03-2024,FY2024,Q1,March,West,Office Supplies,Paper Pack,Corporate,Rahul,11,279872.57,209650.69,70221.88,36591.36,33630.52,313338.24,-33465.67,12.02,21.23,INR
ORD-104608,04-03-2024,FY2024,Q1,March,South,Consumer Goods,Backpack,Consumer,Sneha,16,260073.03,190588.54,69484.49,42387.56,27096.93,249526.84,10546.19,10.42,3.65,INR
ORD-103471,04-03-2024,FY2024,Q1,March,North,Technology,Monitor,Consumer,Amit,14,181630.13,99748.35,81881.78,39580.44,42301.34,190703.02,-9072.89,23.29,2.77,INR
ORD-104495,04-03-2024,FY2024,Q1,March,North,Consumer Goods,Headphones,Corporate,Vikas,20,303274.37,193524.59,109749.78,40254.87,69494.91,282486.7,20787.66,22.91,13.51,INR
ORD-104056,04-03-2024,FY2024,Q1,March,West,Furniture,Conference Table,Consumer,Amit,14,272526.11,152542.37,119983.74,28812.42,91171.33,293200.72,-20674.61,33.45,15.34,INR
ORD-103675,05-03-2024,FY2024,Q1,March,East,Furniture,Office Chair,Corporate,Amit,14,145269.19,100905.32,44363.87,12523.37,31840.49,136986.17,8283.02,21.92,-3.97,INR
ORD-101314,05-03-2024,FY2024,Q1,March,South,Technology,Smartphone,Consumer,Priya,9,302850.92,173078.37,129772.56,49171.36,80601.2,282242.13,20608.8,26.61,22.41,INR
ORD-102493,06-03-2024,FY2024,Q1,March,West,Office Supplies,Notebook,Corporate,Rohit,19,555035.76,373293.56,181742.2,88156.77,93585.43,568035.29,-12999.53,16.86,12.91,INR
ORD-102790,06-03-2024,FY2024,Q1,March,South,Technology,Laptop,Corporate,Anjali,10,321673.22,227538.86,94134.36,68780.02,25354.34,340087.66,-18414.44,7.88,-0.41,INR
ORD-104211,06-03-2024,FY2024,Q1,March,Central,Office Supplies,Pen Set,Consumer,Rahul,1,8363.45,5609.75,2753.7,1264.82,1488.87,7837.52,525.93,17.8,10.02,INR
ORD-102586,06-03-2024,FY2024,Q1,March,West,Technology,Monitor,Corporate,Rahul,20,939081.65,587980.28,351101.37,93244.17,257857.2,980917.49,-41835.84,27.46,12.03,INR
ORD-101143,07-03-2024,FY2024,Q1,March,North,Technology,Laptop,Small Business,Anjali,6,105500.18,66378.48,39121.7,14475.48,24646.23,109137.27,-3637.09,23.36,16.43,INR
ORD-102402,07-03-2024,FY2024,Q1,March,South,Consumer Goods,Backpack,Small Business,Vikas,4,6767.38,4307.81,2459.56,1016.16,1443.4,6772.15,-4.77,21.33,-3.68,INR
ORD-104093,07-03-2024,FY2024,Q1,March,North,Consumer Goods,Calculator,Consumer,Anjali,20,490896.46,365111.27,125785.19,107291.7,18493.5,451499.64,39396.82,3.77,8.91,INR
ORD-102083,07-03-2024,FY2024,Q1,March,Central,Consumer Goods,Backpack,Consumer,Rahul,6,145596.54,92720.38,52876.16,28866.96,24009.2,132855.28,12741.25,16.49,23.89,INR
ORD-100354,07-03-2024,FY2024,Q1,March,East,Furniture,Desk,Consumer,Rohit,15,628703.17,472444.04,156259.14,110480.36,45778.78,573997.65,54705.52,7.28,14.59,INR
ORD-104605,08-03-2024,FY2024,Q1,March,South,Healthcare,Thermometer,Small Business,Priya,20,944166.07,551128.36,393037.71,127641.21,265396.5,1007541.94,-63375.87,28.11,10.45,INR
ORD-103051,08-03-2024,FY2024,Q1,March,North,Technology,Printer,Small Business,Amit,19,637473.5,435688.74,201784.76,109579.96,92204.8,672814.78,-35341.28,14.46,14.9,INR
ORD-102889,09-03-2024,FY2024,Q1,March,South,Technology,Tablet,Corporate,Anjali,5,232415.29,152789.05,79626.24,37958.11,41668.13,232626.71,-211.42,17.93,1.07,INR
ORD-103969,09-03-2024,FY2024,Q1,March,East,Office Supplies,Stapler,Consumer,Sneha,10,474881.76,332447.18,142434.58,57887.47,84547.11,464409.83,10471.94,17.8,7.78,INR
ORD-103677,09-03-2024,FY2024,Q1,March,North,Consumer Goods,Travel Bag,Consumer,Amit,5,160513.83,85193.45,75320.38,18849.75,56470.63,155608.89,4904.94,35.18,-0.26,INR
ORD-103478,10-03-2024,FY2024,Q1,March,Central,Office Supplies,Pen Set,Consumer,Priya,10,280458.74,192160.23,88298.51,24535.18,63763.33,290625.94,-10167.2,22.74,24.33,INR
ORD-102613,10-03-2024,FY2024,Q1,March,North,Consumer Goods,Travel Bag,Consumer,Sneha,16,399709.97,279126.96,120583.02,39444.22,81138.8,414108.5,-14398.53,20.3,-1.95,INR
ORD-104464,10-03-2024,FY2024,Q1,March,South,Technology,Smartphone,Consumer,Priya,11,320273.78,198933.03,121340.75,68996.54,52344.2,328146.47,-7872.69,16.34,-2.32,INR
ORD-100596,10-03-2024,FY2024,Q1,March,East,Technology,Laptop,Consumer,Amit,19,491708.1,363987.67,127720.43,62971.7,64748.74,488841.12,2866.99,13.17,-5.25,INR
ORD-100907,10-03-2024,FY2024,Q1,March,South,Consumer Goods,Headphones,Consumer,Amit,4,2246.09,1689.78,556.31,440.81,115.5,2260.34,-14.25,5.14,14.32,INR
ORD-102197,10-03-2024,FY2024,Q1,March,West,Technology,Smartphone,Corporate,Rohit,12,190458.84,138499.15,51959.7,18499.84,33459.85,178287.96,12170.89,17.57,7.19,INR
ORD-104734,10-03-2024,FY2024,Q1,March,South,Consumer Goods,Water Bottle,Consumer,Neha,3,122583.61,73487.47,49096.15,16893.35,32202.8,118748.31,3835.3,26.27,23.29,INR
ORD-100588,10-03-2024,FY2024,Q1,March,Central,Consumer Goods,Backpack,Small Business,Neha,1,10238.66,7466.41,2772.24,925.75,1846.5,11077.17,-838.52,18.03,7.93,INR
ORD-101999,11-03-2024,FY2024,Q1,March,East,Furniture,Cabinet,Corporate,Amit,8,116253.46,70531.65,45721.8,10898.48,34823.32,114681.84,1571.61,29.95,-0.68,INR
ORD-101925,11-03-2024,FY2024,Q1,March,South,Consumer Goods,Backpack,Corporate,Priya,4,112367.51,87048.07,25319.44,23207.54,2111.9,109185.81,3181.7,1.88,0.45,INR
ORD-103099,11-03-2024,FY2024,Q1,March,West,Technology,Smartphone,Corporate,Neha,9,32040.38,18160.38,13880.01,2955.21,10924.8,30837.48,1202.91,34.1,-7.16,INR
ORD-102727,12-03-2024,FY2024,Q1,March,North,Technology,Printer,Corporate,Amit,10,196670.43,112409.28,84261.15,31058.85,53202.3,191946.5,4723.94,27.05,8.12,INR
ORD-102418,13-03-2024,FY2024,Q1,March,North,Furniture,Conference Table,Consumer,Sneha,7,217178.1,145852.95,71325.15,44387.98,26937.17,223793.78,-6615.69,12.4,5.53,INR
ORD-100572,13-03-2024,FY2024,Q1,March,East,Furniture,Conference Table,Small Business,Rahul,3,102123.33,57581.66,44541.67,9428.37,35113.3,98663.35,3459.98,34.38,20.91,INR
ORD-100229,13-03-2024,FY2024,Q1,March,West,Technology,Smartphone,Consumer,Priya,16,660493.79,466535.97,193957.83,62135.66,131822.17,718136.74,-57642.94,19.96,18.85,INR
ORD-104696,14-03-2024,FY2024,Q1,March,West,Consumer Goods,Calculator,Corporate,Sneha,4,12461.77,7924.11,4537.66,2497.73,2039.93,12268.32,193.46,16.37,12.5,INR
ORD-104466,14-03-2024,FY2024,Q1,March,South,Office Supplies,Pen Set,Consumer,Anjali,6,23677.89,18407.24,5270.65,2236.82,3033.83,22074.22,1603.67,12.81,-5.42,INR
ORD-103702,14-03-2024,FY2024,Q1,March,West,Healthcare,Thermometer,Small Business,Sneha,12,485413.22,375628.25,109784.96,96808.53,12976.44,448512.96,36900.26,2.67,5.83,INR
ORD-104379,15-03-2024,FY2024,Q1,March,Central,Consumer Goods,Headphones,Corporate,Anjali,2,35329.66,21602.7,13726.96,7020.86,6706.1,33842.02,1487.63,18.98,7.32,INR
ORD-104461,15-03-2024,FY2024,Q1,March,West,Consumer Goods,Headphones,Corporate,Anjali,5,106615.94,59025.63,47590.31,23453.87,24136.44,99882.44,6733.5,22.64,24.41,INR
ORD-102544,15-03-2024,FY2024,Q1,March,East,Technology,Laptop,Consumer,Sneha,16,415956.77,259606.07,156350.7,34460.32,121890.38,435140.74,-19183.97,29.3,-7.09,INR
ORD-104296,16-03-2024,FY2024,Q1,March,West,Furniture,Office Chair,Small Business,Vikas,6,7744.82,5066.18,2678.64,962.42,1716.22,8291.04,-546.22,22.16,3.32,INR
ORD-102448,16-03-2024,FY2024,Q1,March,Central,Consumer Goods,Calculator,Consumer,Rohit,3,34773.96,21913.72,12860.24,4594.82,8265.42,37890.88,-3116.92,23.77,-3.22,INR
ORD-101677,16-03-2024,FY2024,Q1,March,South,Healthcare,BP Monitor,Small Business,Priya,14,351973.18,227219.59,124753.59,34926.84,89826.75,323770.25,28202.93,25.52,-4.88,INR
ORD-104278,16-03-2024,FY2024,Q1,March,North,Consumer Goods,Travel Bag,Small Business,Rohit,11,376270.95,213551.19,162719.76,41655.72,121064.04,399352.48,-23081.53,32.17,-5.37,INR
ORD-100992,17-03-2024,FY2024,Q1,March,West,Consumer Goods,Water Bottle,Consumer,Rahul,15,582047.09,445440.82,136606.27,109908.46,26697.82,618566.16,-36519.07,4.59,2.86,INR
ORD-100362,17-03-2024,FY2024,Q1,March,West,Office Supplies,File Folder,Corporate,Amit,19,139302.74,80826.1,58476.64,28249.26,30227.37,148897.47,-9594.74,21.7,6.11,INR
ORD-104958,17-03-2024,FY2024,Q1,March,North,Furniture,Bookshelf,Corporate,Rohit,19,185746.36,128001.29,57745.07,32143.75,25601.31,193805.97,-8059.61,13.78,5.2,INR
ORD-101930,17-03-2024,FY2024,Q1,March,North,Healthcare,Thermometer,Consumer,Sneha,14,488730.61,316809.96,171920.65,61489.08,110431.57,540686.16,-51955.55,22.6,24,INR
ORD-104568,17-03-2024,FY2024,Q1,March,South,Office Supplies,Pen Set,Corporate,Priya,3,38687.95,27412.17,11275.78,6202.99,5072.79,36620.77,2067.17,13.11,20.86,INR
ORD-102337,17-03-2024,FY2024,Q1,March,North,Office Supplies,Notebook,Corporate,Rahul,3,45163.44,26942.06,18221.38,5450.98,12770.4,46364.76,-1201.33,28.28,13.94,INR
ORD-100141,17-03-2024,FY2024,Q1,March,Central,Technology,Printer,Corporate,Anjali,15,683915.29,395533.94,288381.35,113993.74,174387.61,650957,32958.29,25.5,19.58,INR
ORD-103089,18-03-2024,FY2024,Q1,March,West,Consumer Goods,Headphones,Small Business,Sneha,16,58945.62,31967.61,26978.01,10128.1,16849.91,65428.01,-6482.39,28.59,3.5,INR
ORD-100937,18-03-2024,FY2024,Q1,March,North,Consumer Goods,Calculator,Small Business,Sneha,12,500928.77,363678.87,137249.9,75302.39,61947.51,504195.54,-3266.77,12.37,16.4,INR
ORD-104015,18-03-2024,FY2024,Q1,March,South,Consumer Goods,Headphones,Consumer,Anjali,20,513521.72,350732.8,162788.93,52251.79,110537.13,526054.88,-12533.15,21.53,16.88,INR
ORD-102666,18-03-2024,FY2024,Q1,March,East,Furniture,Desk,Small Business,Sneha,16,447212.09,306307.62,140904.47,70571.71,70332.76,440499.02,6713.06,15.73,-5.93,INR
ORD-102563,18-03-2024,FY2024,Q1,March,Central,Furniture,Conference Table,Consumer,Priya,6,162783.45,99343.32,63440.14,24488.68,38951.46,148462.36,14321.09,23.93,17.92,INR
ORD-104336,19-03-2024,FY2024,Q1,March,South,Furniture,Cabinet,Consumer,Sneha,1,42625.12,31936.6,10688.52,3891.59,6796.92,44291.54,-1666.42,15.95,0.98,INR
ORD-100302,19-03-2024,FY2024,Q1,March,East,Technology,Smartphone,Consumer,Vikas,12,164617.21,108061.01,56556.2,21260.95,35295.25,150582.26,14034.95,21.44,23.79,INR
ORD-103795,19-03-2024,FY2024,Q1,March,South,Office Supplies,Paper Pack,Corporate,Rohit,7,146086.6,90410.48,55676.12,14450.14,41225.98,155562.32,-9475.72,28.22,18.58,INR
ORD-104713,19-03-2024,FY2024,Q1,March,West,Office Supplies,Stapler,Small Business,Vikas,12,584361.4,327954.58,256406.82,71373.71,185033.11,610419.92,-26058.51,31.66,-0.02,INR
ORD-101634,20-03-2024,FY2024,Q1,March,West,Office Supplies,Paper Pack,Consumer,Vikas,11,408970.83,264825.47,144145.36,74344.98,69800.38,371155.25,37815.57,17.07,23.99,INR
ORD-101422,20-03-2024,FY2024,Q1,March,North,Technology,Laptop,Corporate,Neha,7,174013.38,130239.74,43773.64,15834.6,27939.05,180645.79,-6632.41,16.06,20.39,INR
ORD-102168,20-03-2024,FY2024,Q1,March,South,Office Supplies,File Folder,Consumer,Sneha,14,303250.33,226709.58,76540.75,36622.4,39918.35,338761.17,-35510.84,13.16,3.75,INR
ORD-102485,20-03-2024,FY2024,Q1,March,East,Office Supplies,Paper Pack,Corporate,Priya,11,53325.78,30570.28,22755.51,5324.96,17430.55,58227.58,-4901.8,32.69,16.47,INR
ORD-103317,20-03-2024,FY2024,Q1,March,West,Furniture,Conference Table,Consumer,Sneha,10,283485.46,165214.45,118271.01,32659.57,85611.44,298037.58,-14552.13,30.2,21.27,INR
ORD-100462,20-03-2024,FY2024,Q1,March,South,Furniture,Bookshelf,Consumer,Rohit,10,172637.66,97745.97,74891.7,34755.8,40135.9,174430.85,-1793.19,23.25,17.07,INR
ORD-100422,20-03-2024,FY2024,Q1,March,West,Technology,Tablet,Consumer,Rahul,5,129567.04,90394.12,39172.92,18307.39,20865.53,117101.56,12465.48,16.1,-0.78,INR
ORD-102923,21-03-2024,FY2024,Q1,March,West,Office Supplies,Paper Pack,Consumer,Anjali,18,54983.04,35982.3,19000.75,9215.42,9785.33,58528.91,-3545.87,17.8,4.81,INR
ORD-103981,21-03-2024,FY2024,Q1,March,West,Healthcare,Gloves,Corporate,Sneha,7,265292.37,179664.35,85628.02,51635.96,33992.06,295048.33,-29755.96,12.81,9.49,INR
ORD-102940,21-03-2024,FY2024,Q1,March,North,Technology,Tablet,Corporate,Rohit,4,101792.09,70644.22,31147.87,16814.21,14333.66,112676.89,-10884.8,14.08,-5.26,INR
ORD-101724,21-03-2024,FY2024,Q1,March,South,Healthcare,BP Monitor,Consumer,Vikas,17,400910.35,272853.07,128057.28,85833.12,42224.16,393535.57,7374.78,10.53,19.77,INR
ORD-104148,22-03-2024,FY2024,Q1,March,North,Technology,Smartphone,Small Business,Rahul,7,41583.79,25504.82,16078.97,7335.77,8743.2,38264.82,3318.98,21.03,-1.08,INR
ORD-103939,22-03-2024,FY2024,Q1,March,West,Technology,Laptop,Corporate,Anjali,20,716788.67,484643.71,232144.96,93063.54,139081.41,745378.6,-28589.93,19.4,11.63,INR
ORD-100597,22-03-2024,FY2024,Q1,March,Central,Furniture,Conference Table,Consumer,Anjali,12,221094.64,159133.63,61961,46916.75,15044.25,235821.36,-14726.72,6.8,-3.41,INR
ORD-104914,22-03-2024,FY2024,Q1,March,North,Furniture,Cabinet,Consumer,Priya,9,305217.26,214471.59,90745.67,57506.48,33239.19,296136.98,9080.29,10.89,17.76,INR
ORD-101808,22-03-2024,FY2024,Q1,March,South,Healthcare,BP Monitor,Consumer,Vikas,20,583808.24,445157.5,138650.75,58582.79,80067.96,606147.94,-22339.69,13.71,15.57,INR
ORD-103793,22-03-2024,FY2024,Q1,March,West,Healthcare,Gloves,Small Business,Neha,8,129064.47,83000.19,46064.28,17377.06,28687.22,139000.58,-9936.11,22.23,21.67,INR
ORD-102226,22-03-2024,FY2024,Q1,March,North,Healthcare,Thermometer,Corporate,Rohit,16,134239.34,81340.63,52898.71,18782.44,34116.27,149944.35,-15705.01,25.41,5.77,INR
ORD-102567,23-03-2024,FY2024,Q1,March,South,Healthcare,Thermometer,Consumer,Rahul,6,57192.31,40702.21,16490.09,5575.9,10914.19,53207.43,3984.88,19.08,16.64,INR
ORD-101244,23-03-2024,FY2024,Q1,March,North,Technology,Smartphone,Consumer,Vikas,13,405864.62,267263.62,138601,70737.03,67863.97,430157.62,-24293,16.72,18.47,INR
ORD-104967,23-03-2024,FY2024,Q1,March,South,Furniture,Conference Table,Consumer,Anjali,12,312598.83,196336.74,116262.09,50444.55,65817.53,297386.85,15211.98,21.05,15.96,INR
ORD-103430,24-03-2024,FY2024,Q1,March,Central,Technology,Laptop,Small Business,Rahul,14,283070.4,201603.41,81466.98,40014.34,41452.65,279578.98,3491.42,14.64,18.44,INR
ORD-101758,24-03-2024,FY2024,Q1,March,Central,Consumer Goods,Backpack,Consumer,Amit,10,399488.05,234256.15,165231.9,58740.78,106491.12,400053.06,-565.01,26.66,22.88,INR
ORD-101911,24-03-2024,FY2024,Q1,March,South,Furniture,Office Chair,Small Business,Rohit,15,214860.5,123860.49,91000,38448.15,52551.85,219271.63,-4411.14,24.46,-2.45,INR
ORD-102018,24-03-2024,FY2024,Q1,March,West,Consumer Goods,Backpack,Consumer,Anjali,17,449327.91,302988.65,146339.26,94474.54,51864.71,488912.93,-39585.02,11.54,11.41,INR
ORD-100563,24-03-2024,FY2024,Q1,March,Central,Consumer Goods,Headphones,Corporate,Rohit,19,528915.06,362561.22,166353.84,43660.19,122693.66,549012.96,-20097.89,23.2,24.62,INR
ORD-102509,25-03-2024,FY2024,Q1,March,North,Furniture,Conference Table,Corporate,Priya,17,764902.61,450707.62,314194.99,159768.25,154426.74,791677.41,-26774.81,20.19,-2.67,INR
ORD-103395,25-03-2024,FY2024,Q1,March,Central,Technology,Printer,Consumer,Anjali,19,549296.38,376162.92,173133.46,58347.13,114786.33,551056.14,-1759.76,20.9,24.79,INR
ORD-100527,25-03-2024,FY2024,Q1,March,East,Furniture,Desk,Consumer,Rahul,12,267978.66,207809.14,60169.53,36143.83,24025.7,248462.05,19516.62,8.97,16.43,INR
ORD-102956,25-03-2024,FY2024,Q1,March,South,Office Supplies,Stapler,Consumer,Neha,20,388474.12,251464.42,137009.7,65886.57,71123.13,361242.47,27231.65,18.31,7.9,INR
ORD-102714,25-03-2024,FY2024,Q1,March,South,Furniture,Office Chair,Consumer,Sneha,2,66570.72,50783.87,15786.86,8257.43,7529.42,62164.99,4405.73,11.31,23.77,INR
ORD-103160,26-03-2024,FY2024,Q1,March,Central,Consumer Goods,Backpack,Consumer,Priya,20,441700.01,305079,136621.01,96894.53,39726.48,405530.08,36169.92,8.99,16.14,INR
ORD-104631,26-03-2024,FY2024,Q1,March,South,Furniture,Bookshelf,Consumer,Priya,12,309503.6,232998.55,76505.04,48623.79,27881.25,328037.31,-18533.72,9.01,2.7,INR
ORD-103152,27-03-2024,FY2024,Q1,March,Central,Furniture,Conference Table,Corporate,Amit,11,396896.05,251068.49,145827.55,83107.37,62720.18,362306.75,34589.29,15.8,12.72,INR
ORD-100947,27-03-2024,FY2024,Q1,March,East,Furniture,Office Chair,Small Business,Anjali,3,45139.85,25614.58,19525.27,4262.99,15262.28,49183.04,-4043.19,33.81,-3.24,INR
ORD-103183,27-03-2024,FY2024,Q1,March,East,Furniture,Office Chair,Consumer,Rahul,3,51340.91,28535.19,22805.71,4566.53,18239.18,57016.84,-5675.93,35.53,8.29,INR
ORD-104135,28-03-2024,FY2024,Q1,March,North,Healthcare,Medical Kit,Consumer,Vikas,10,395446.02,209137.58,186308.44,32021.89,154286.55,378928.24,16517.78,39.02,24.69,INR
ORD-100350,28-03-2024,FY2024,Q1,March,Central,Furniture,Cabinet,Consumer,Vikas,11,17814.12,12790.12,5023.99,3692.49,1331.5,17370.11,444.01,7.47,11.52,INR
ORD-102921,28-03-2024,FY2024,Q1,March,South,Office Supplies,Pen Set,Small Business,Sneha,10,66532.61,40510.18,26022.43,9754.26,16268.17,61127,5405.61,24.45,23.85,INR
ORD-100236,28-03-2024,FY2024,Q1,March,North,Healthcare,Medical Kit,Consumer,Rahul,12,190824.04,105362.29,85461.75,22234.8,63226.94,180679.08,10144.96,33.13,17.6,INR
ORD-103764,28-03-2024,FY2024,Q1,March,South,Furniture,Conference Table,Small Business,Rahul,9,232601.9,176739.02,55862.88,47493.49,8369.39,228423.85,4178.05,3.6,-6.22,INR
ORD-101718,28-03-2024,FY2024,Q1,March,South,Consumer Goods,Water Bottle,Consumer,Vikas,13,246352.67,161065.27,85287.4,39571.76,45715.64,243664.28,2688.39,18.56,-4.45,INR
ORD-100192,28-03-2024,FY2024,Q1,March,Central,Consumer Goods,Water Bottle,Consumer,Priya,20,83484.84,49002.57,34482.28,15609.77,18872.51,83791.25,-306.41,22.61,19.96,INR
ORD-104157,29-03-2024,FY2024,Q1,March,East,Office Supplies,Pen Set,Consumer,Neha,17,180387.82,134988.51,45399.31,27883.82,17515.49,200755.96,-20368.14,9.71,-3.89,INR
ORD-102328,29-03-2024,FY2024,Q1,March,Central,Office Supplies,File Folder,Corporate,Amit,15,114734.14,80809.87,33924.27,14174.31,19749.96,124872.72,-10138.58,17.21,-0.7,INR
ORD-102515,29-03-2024,FY2024,Q1,March,Central,Technology,Tablet,Corporate,Amit,5,59083.23,33026.63,26056.6,8050.23,18006.37,53645.21,5438.02,30.48,23.1,INR
ORD-101587,29-03-2024,FY2024,Q1,March,South,Technology,Tablet,Small Business,Anjali,7,173818.35,125031.42,48786.93,17869.56,30917.37,162526.89,11291.46,17.79,19.28,INR
ORD-101198,29-03-2024,FY2024,Q1,March,South,Healthcare,First Aid Box,Consumer,Priya,7,249747.36,161280.87,88466.49,28793.53,59672.96,235320.82,14426.54,23.89,-2.39,INR
ORD-101848,30-03-2024,FY2024,Q1,March,North,Consumer Goods,Travel Bag,Corporate,Priya,11,417016.5,318107.89,98908.6,46790.32,52118.28,465453.56,-48437.06,12.5,-2.61,INR
ORD-101014,30-03-2024,FY2024,Q1,March,West,Consumer Goods,Backpack,Consumer,Sneha,8,177759.2,122670.73,55088.46,16383.1,38705.36,176475.84,1283.36,21.77,6.13,INR
ORD-101330,30-03-2024,FY2024,Q1,March,East,Furniture,Bookshelf,Corporate,Rohit,10,241443.5,173418.63,68024.87,24053.93,43970.94,227658.23,13785.27,18.21,10.7,INR
ORD-101565,30-03-2024,FY2024,Q1,March,West,Consumer Goods,Water Bottle,Small Business,Anjali,14,233472.06,159372.03,74100.02,49411.95,24688.08,254492.18,-21020.13,10.57,-7.35,INR
ORD-103595,30-03-2024,FY2024,Q1,March,Central,Healthcare,Thermometer,Consumer,Neha,5,88741.21,60530.11,28211.1,16596.97,11614.13,88023.12,718.09,13.09,15.67,INR
ORD-100425,30-03-2024,FY2024,Q1,March,East,Consumer Goods,Travel Bag,Corporate,Amit,10,45953.36,24019.55,21933.82,9407.16,12526.66,46963.18,-1009.82,27.26,21.45,INR
ORD-103346,30-03-2024,FY2024,Q1,March,South,Technology,Smartphone,Consumer,Amit,1,42474.77,27460.4,15014.36,8449.66,6564.7,40447.54,2027.22,15.46,0.45,INR
ORD-101743,31-03-2024,FY2024,Q1,March,West,Technology,Smartphone,Corporate,Sneha,4,171272.36,96027.81,75244.55,19368.06,55876.48,158272.14,13000.22,32.62,12.16,INR
ORD-100061,31-03-2024,FY2024,Q1,March,Central,Consumer Goods,Travel Bag,Small Business,Rahul,11,153395.49,86254.7,67140.79,17809.11,49331.68,167373.64,-13978.16,32.16,7.97,INR
ORD-100473,31-03-2024,FY2024,Q1,March,West,Furniture,Conference Table,Corporate,Rohit,8,95915.15,71033.42,24881.73,15184.99,9696.74,99091.7,-3176.55,10.11,5.55,INR
ORD-102483,31-03-2024,FY2024,Q1,March,West,Office Supplies,Notebook,Corporate,Anjali,11,74907.61,53438.28,21469.33,6791.39,14677.95,70018.25,4889.35,19.59,17.68,INR
ORD-102978,31-03-2024,FY2024,Q1,March,East,Consumer Goods,Headphones,Consumer,Neha,16,615529.65,460152.83,155376.82,126205.27,29171.54,656729.16,-41199.51,4.74,5.81,INR
ORD-102899,31-03-2024,FY2024,Q1,March,Central,Office Supplies,File Folder,Small Business,Anjali,1,47053.43,27634.37,19419.06,3814.94,15604.13,47005.16,48.27,33.16,24.42,INR
ORD-103389,01-04-2024,FY2024,Q2,April,East,Furniture,Conference Table,Consumer,Rohit,19,468563.31,351285.61,117277.7,77867.92,39409.78,499410.17,-30846.86,8.41,22.99,INR
ORD-102296,01-04-2024,FY2024,Q2,April,Central,Healthcare,First Aid Box,Corporate,Priya,9,417903.59,278116.75,139786.83,57179.46,82607.38,453110.24,-35206.65,19.77,22.98,INR
ORD-102867,01-04-2024,FY2024,Q2,April,North,Healthcare,Medical Kit,Corporate,Rahul,1,2858.23,2008.33,849.9,275.49,574.41,2950.22,-91.99,20.1,12.39,INR
ORD-101824,01-04-2024,FY2024,Q2,April,Central,Technology,Laptop,Consumer,Amit,5,40686.43,30072.19,10614.24,4418.15,6196.09,43954.01,-3267.57,15.23,19.86,INR
ORD-100558,01-04-2024,FY2024,Q2,April,Central,Consumer Goods,Backpack,Corporate,Neha,14,676010.4,423446.98,252563.43,88658.53,163904.9,665561.81,10448.59,24.25,13.93,INR
ORD-100401,01-04-2024,FY2024,Q2,April,East,Technology,Tablet,Consumer,Sneha,20,750752.15,407440.55,343311.6,93529.16,249782.44,736327.71,14424.44,33.27,22.81,INR
ORD-104030,01-04-2024,FY2024,Q2,April,East,Technology,Monitor,Consumer,Neha,11,420485.42,287001.55,133483.87,89984.71,43499.16,414952.01,5533.42,10.34,12.34,INR
ORD-104542,01-04-2024,FY2024,Q2,April,Central,Office Supplies,Notebook,Corporate,Rohit,14,351961.48,213023.97,138937.51,63443.49,75494.02,352598.01,-636.53,21.45,24.04,INR
ORD-104144,01-04-2024,FY2024,Q2,April,North,Technology,Smartphone,Consumer,Priya,19,80555.97,53124.71,27431.26,16654.32,10776.94,75130.62,5425.35,13.38,19.84,INR
ORD-103608,02-04-2024,FY2024,Q2,April,South,Technology,Printer,Consumer,Sneha,3,137848.62,86791.13,51057.5,27913.05,23144.45,143447.3,-5598.67,16.79,7.25,INR
ORD-103664,02-04-2024,FY2024,Q2,April,North,Technology,Laptop,Consumer,Priya,7,126148.22,89419.85,36728.37,27622.59,9105.78,125078.95,1069.27,7.22,7.19,INR
ORD-102914,03-04-2024,FY2024,Q2,April,West,Furniture,Desk,Corporate,Neha,19,910531.47,708826.5,201704.96,79263.93,122441.03,901900.47,8631,13.45,8.5,INR
ORD-101390,03-04-2024,FY2024,Q2,April,East,Office Supplies,Stapler,Corporate,Priya,3,148403.88,87075.56,61328.32,30898.81,30429.51,165464.03,-17060.15,20.5,14.03,INR
ORD-101682,03-04-2024,FY2024,Q2,April,North,Consumer Goods,Water Bottle,Consumer,Anjali,15,243315.53,149888.86,93426.67,30549.74,62876.93,226095.67,17219.86,25.84,19.26,INR
ORD-103616,03-04-2024,FY2024,Q2,April,West,Furniture,Conference Table,Consumer,Vikas,3,75986.86,57874.3,18112.55,15917.3,2195.26,77301.56,-1314.7,2.89,13.85,INR
ORD-101287,03-04-2024,FY2024,Q2,April,North,Consumer Goods,Travel Bag,Corporate,Rohit,9,16803.1,10004.9,6798.2,2601.66,4196.54,16544.72,258.38,24.97,-1.36,INR
ORD-100016,04-04-2024,FY2024,Q2,April,North,Consumer Goods,Travel Bag,Consumer,Vikas,9,272854.52,149493.04,123361.48,30566.77,92794.71,274858.29,-2003.78,34.01,14.53,INR
ORD-103940,04-04-2024,FY2024,Q2,April,North,Furniture,Office Chair,Small Business,Rohit,20,36334.23,20229.62,16104.6,3673.67,12430.94,33522.77,2811.45,34.21,17.17,INR
ORD-102342,04-04-2024,FY2024,Q2,April,East,Healthcare,BP Monitor,Consumer,Priya,2,35875.71,22250.17,13625.54,5088.05,8537.49,37223.85,-1348.14,23.8,17.29,INR
ORD-100221,04-04-2024,FY2024,Q2,April,North,Consumer Goods,Calculator,Corporate,Anjali,13,187157.45,131322.51,55834.94,36296.86,19538.08,206540.18,-19382.73,10.44,5.28,INR
ORD-101279,04-04-2024,FY2024,Q2,April,East,Technology,Printer,Small Business,Amit,9,14693.61,10451.59,4242.02,2528.39,1713.63,14296.1,397.51,11.66,7.84,INR
ORD-101747,04-04-2024,FY2024,Q2,April,Central,Technology,Monitor,Small Business,Rohit,17,491410.95,285170.88,206240.07,71992.32,134247.74,502438.53,-11027.59,27.32,-6.33,INR
ORD-103965,04-04-2024,FY2024,Q2,April,Central,Consumer Goods,Calculator,Corporate,Neha,16,245784.02,145155.25,100628.77,32280.11,68348.66,238910.38,6873.64,27.81,8.08,INR
ORD-101476,04-04-2024,FY2024,Q2,April,East,Technology,Laptop,Corporate,Neha,4,139568.24,105944.94,33623.3,28294.36,5328.94,147169.44,-7601.2,3.82,11.01,INR
ORD-102898,05-04-2024,FY2024,Q2,April,South,Furniture,Bookshelf,Consumer,Amit,15,45688.59,33397.07,12291.52,4823.08,7468.44,47486.79,-1798.2,16.35,7.44,INR
ORD-100518,05-04-2024,FY2024,Q2,April,South,Consumer Goods,Headphones,Small Business,Priya,1,19207.74,11119.09,8088.65,2735.98,5352.67,17455.67,1752.06,27.87,20.43,INR
ORD-104248,05-04-2024,FY2024,Q2,April,South,Technology,Monitor,Consumer,Rohit,2,83657.14,59903.89,23753.26,17227.27,6525.99,75953.51,7703.63,7.8,2.53,INR
ORD-102003,05-04-2024,FY2024,Q2,April,East,Technology,Smartphone,Small Business,Priya,15,414155.37,248998.9,165156.48,87352.11,77804.37,390305.32,23850.05,18.79,6.28,INR
ORD-103625,06-04-2024,FY2024,Q2,April,West,Furniture,Office Chair,Corporate,Rahul,15,537205.49,294596.42,242609.06,47262.9,195346.16,545877.86,-8672.37,36.36,15.83,INR
ORD-103028,06-04-2024,FY2024,Q2,April,North,Consumer Goods,Headphones,Consumer,Rahul,12,208353.04,117220.08,91132.96,20030.84,71102.13,192287.81,16065.23,34.13,6.46,INR
ORD-104105,07-04-2024,FY2024,Q2,April,South,Technology,Monitor,Consumer,Sneha,7,84217.61,62452.93,21764.68,14605.5,7159.18,87898.6,-3680.99,8.5,8.21,INR
ORD-101941,07-04-2024,FY2024,Q2,April,South,Technology,Printer,Consumer,Neha,3,117624.6,67251.46,50373.14,19214.62,31158.52,120845.33,-3220.72,26.49,4.12,INR
ORD-101998,07-04-2024,FY2024,Q2,April,South,Consumer Goods,Travel Bag,Small Business,Sneha,7,129990.26,90282.52,39707.74,12126.77,27580.98,120312.99,9677.28,21.22,11.12,INR
ORD-100168,08-04-2024,FY2024,Q2,April,East,Healthcare,Thermometer,Corporate,Rohit,9,274038.46,210265.54,63772.92,25217.81,38555.12,271920.9,2117.56,14.07,21.97,INR
ORD-103164,08-04-2024,FY2024,Q2,April,South,Technology,Tablet,Consumer,Priya,18,432722.84,334527.57,98195.27,65840.95,32354.32,464769.36,-32046.52,7.48,17.97,INR
ORD-103963,08-04-2024,FY2024,Q2,April,North,Furniture,Office Chair,Small Business,Neha,2,49760.3,26897.57,22862.73,9284.97,13577.77,52347.46,-2587.16,27.29,21.33,INR
ORD-104900,08-04-2024,FY2024,Q2,April,South,Furniture,Desk,Consumer,Anjali,20,948506.36,589761.44,358744.92,92088.69,266656.22,891393.55,57112.81,28.11,12.11,INR
ORD-102849,09-04-2024,FY2024,Q2,April,East,Furniture,Conference Table,Consumer,Neha,9,332712.84,236765.76,95947.08,70855.97,25091.1,312918.49,19794.35,7.54,1.45,INR
ORD-103716,09-04-2024,FY2024,Q2,April,Central,Furniture,Conference Table,Corporate,Sneha,19,20832.95,12429.71,8403.24,4436.56,3966.68,19329.97,1502.98,19.04,10.31,INR
ORD-102382,09-04-2024,FY2024,Q2,April,North,Healthcare,First Aid Box,Consumer,Sneha,15,448475.4,266556.28,181919.12,83179.47,98739.64,475962.09,-27486.69,22.02,4.4,INR
ORD-104231,09-04-2024,FY2024,Q2,April,East,Office Supplies,Paper Pack,Corporate,Sneha,14,435085.73,242617.8,192467.93,52032.78,140435.16,421348.9,13736.84,32.28,-7.26,INR
ORD-103382,09-04-2024,FY2024,Q2,April,North,Consumer Goods,Backpack,Consumer,Rohit,13,624052.3,431291.07,192761.23,128259.45,64501.78,697786.57,-73734.27,10.34,15.64,INR
ORD-101867,09-04-2024,FY2024,Q2,April,Central,Furniture,Bookshelf,Corporate,Rahul,5,89918.79,62646.88,27271.92,15293.09,11978.83,95734.08,-5815.29,13.32,19,INR
ORD-101073,10-04-2024,FY2024,Q2,April,West,Healthcare,Thermometer,Consumer,Amit,2,31099.91,20946.85,10153.05,5962.63,4190.43,29275.51,1824.4,13.47,3.68,INR
ORD-101908,11-04-2024,FY2024,Q2,April,South,Technology,Printer,Small Business,Rahul,20,55904.49,33285.39,22619.1,11622.71,10996.39,53516.26,2388.23,19.67,24.54,INR
ORD-100005,11-04-2024,FY2024,Q2,April,West,Consumer Goods,Backpack,Corporate,Priya,17,595534.19,384556.73,210977.46,112256.57,98720.89,622800.87,-27266.68,16.58,18.43,INR
ORD-101249,11-04-2024,FY2024,Q2,April,South,Technology,Smartphone,Corporate,Priya,7,297224.31,196184.28,101040.02,35930.61,65109.42,332254.9,-35030.59,21.91,21.2,INR
ORD-104861,11-04-2024,FY2024,Q2,April,South,Technology,Smartphone,Corporate,Neha,17,121789.17,83136.1,38653.07,22663.95,15989.12,133477.81,-11688.64,13.13,-0.9,INR
ORD-101815,11-04-2024,FY2024,Q2,April,South,Furniture,Office Chair,Small Business,Rohit,3,78206.09,58976.59,19229.5,14665.3,4564.21,87590.34,-9384.25,5.84,-3.63,INR
ORD-102252,12-04-2024,FY2024,Q2,April,South,Consumer Goods,Water Bottle,Corporate,Rahul,3,23535.23,12769.03,10766.2,2181.65,8584.55,23118.21,417.02,36.48,16.84,INR
ORD-104345,12-04-2024,FY2024,Q2,April,North,Consumer Goods,Headphones,Consumer,Amit,17,228547.61,135656.15,92891.46,39724.63,53166.83,250560.85,-22013.24,23.26,9.62,INR
ORD-100721,12-04-2024,FY2024,Q2,April,South,Furniture,Bookshelf,Consumer,Amit,10,101751.71,57153.38,44598.33,12198.5,32399.83,113227.19,-11475.48,31.84,16.08,INR
ORD-104661,12-04-2024,FY2024,Q2,April,West,Healthcare,Medical Kit,Corporate,Amit,2,73819.3,56895.68,16923.62,9025.84,7897.78,73758.63,60.67,10.7,9.87,INR
ORD-100950,13-04-2024,FY2024,Q2,April,East,Furniture,Cabinet,Small Business,Priya,2,77090.5,51253.4,25837.1,14004.34,11832.76,79073.75,-1983.24,15.35,3.17,INR
ORD-100223,14-04-2024,FY2024,Q2,April,East,Healthcare,Thermometer,Consumer,Priya,5,16462.56,10323.25,6139.31,2720.94,3418.37,18018.47,-1555.91,20.76,4.08,INR
ORD-101614,14-04-2024,FY2024,Q2,April,South,Office Supplies,File Folder,Corporate,Sneha,17,156539.15,113544.42,42994.73,30959.09,12035.64,154840.03,1699.12,7.69,15.45,INR
ORD-100969,15-04-2024,FY2024,Q2,April,West,Technology,Monitor,Corporate,Anjali,2,10193.37,7200.72,2992.65,1935.7,1056.95,10467.83,-274.46,10.37,24.4,INR
ORD-103880,15-04-2024,FY2024,Q2,April,South,Healthcare,Medical Kit,Consumer,Anjali,15,612943.5,414743.37,198200.13,63339.31,134860.81,616525.35,-3581.85,22,21.62,INR
ORD-103658,15-04-2024,FY2024,Q2,April,Central,Office Supplies,Notebook,Consumer,Vikas,1,597.12,433.25,163.87,108.96,54.91,626.34,-29.22,9.2,20.07,INR
ORD-103384,15-04-2024,FY2024,Q2,April,North,Healthcare,First Aid Box,Consumer,Priya,16,706326.39,436376.24,269950.16,99461.79,170488.37,706766.72,-440.32,24.14,9.28,INR
ORD-100288,15-04-2024,FY2024,Q2,April,Central,Healthcare,Medical Kit,Corporate,Neha,12,336444.49,243183.9,93260.6,54435.66,38824.94,359881.45,-23436.95,11.54,-2.1,INR
ORD-102883,15-04-2024,FY2024,Q2,April,Central,Consumer Goods,Headphones,Small Business,Anjali,11,470279.89,314083.71,156196.18,90002.4,66193.79,457461.8,12818.09,14.08,2.53,INR
ORD-100496,15-04-2024,FY2024,Q2,April,North,Healthcare,First Aid Box,Consumer,Vikas,12,13131.05,7336.98,5794.07,1622.83,4171.24,14367.96,-1236.91,31.77,23.76,INR
ORD-102778,15-04-2024,FY2024,Q2,April,East,Office Supplies,Notebook,Corporate,Vikas,19,587555.38,413561.33,173994.06,63163.55,110830.5,653838.42,-66283.04,18.86,13.59,INR
ORD-103052,15-04-2024,FY2024,Q2,April,West,Consumer Goods,Backpack,Consumer,Neha,13,379724.7,264390.84,115333.86,36436.96,78896.9,372546.96,7177.74,20.78,9.25,INR
ORD-104266,15-04-2024,FY2024,Q2,April,East,Technology,Printer,Corporate,Anjali,2,4793.34,2601.79,2191.55,842.95,1348.61,5368.35,-575.01,28.14,9.95,INR
ORD-103996,15-04-2024,FY2024,Q2,April,South,Technology,Laptop,Consumer,Priya,20,216182.82,133546.05,82636.77,27742.92,54893.86,216565.95,-383.12,25.39,21.47,INR
ORD-104993,16-04-2024,FY2024,Q2,April,South,Healthcare,Gloves,Consumer,Neha,17,788040.73,447457.36,340583.37,167417.07,173166.3,785254.18,2786.55,21.97,15.25,INR
ORD-103950,16-04-2024,FY2024,Q2,April,Central,Consumer Goods,Backpack,Consumer,Priya,15,679210.51,373759.57,305450.94,125883.3,179567.64,631884,47326.5,26.44,19.63,INR
ORD-103942,16-04-2024,FY2024,Q2,April,West,Furniture,Office Chair,Corporate,Sneha,16,381053.58,261418.86,119634.71,32049.72,87584.99,383180.47,-2126.89,22.98,14.03,INR
ORD-100181,17-04-2024,FY2024,Q2,April,East,Furniture,Desk,Consumer,Sneha,15,405635.31,282215.41,123419.9,77517.84,45902.06,426488.98,-20853.67,11.32,13.62,INR
ORD-102020,17-04-2024,FY2024,Q2,April,East,Technology,Laptop,Consumer,Sneha,3,108029.58,56724.08,51305.49,21796.68,29508.81,106783.95,1245.63,27.32,3.24,INR
ORD-100353,18-04-2024,FY2024,Q2,April,West,Furniture,Office Chair,Consumer,Priya,2,16911.22,11362.25,5548.97,2322.17,3226.8,17783.57,-872.34,19.08,-4.2,INR
ORD-100664,18-04-2024,FY2024,Q2,April,South,Technology,Printer,Small Business,Amit,12,572661.57,426230.46,146431.11,94595.73,51835.38,551780.55,20881.02,9.05,-4.29,INR
ORD-101269,18-04-2024,FY2024,Q2,April,South,Technology,Smartphone,Consumer,Anjali,9,154288.77,91323.92,62964.85,24439.4,38525.45,167748.38,-13459.61,24.97,0.92,INR
ORD-100877,19-04-2024,FY2024,Q2,April,North,Furniture,Desk,Consumer,Anjali,17,382492.57,281539.01,100953.56,46580.46,54373.1,400476.92,-17984.35,14.22,12.49,INR
ORD-100021,19-04-2024,FY2024,Q2,April,South,Furniture,Cabinet,Small Business,Neha,16,498243.25,271527.49,226715.76,70520.09,156195.67,452318.2,45925.05,31.35,4.73,INR
ORD-103040,19-04-2024,FY2024,Q2,April,South,Office Supplies,Stapler,Consumer,Vikas,15,489344.89,339729.07,149615.82,83765.08,65850.74,493904.11,-4559.22,13.46,13.04,INR
ORD-100550,20-04-2024,FY2024,Q2,April,East,Healthcare,First Aid Box,Small Business,Sneha,16,41749.72,27616.34,14133.38,5636.76,8496.63,45661.29,-3911.57,20.35,9.05,INR
ORD-102242,20-04-2024,FY2024,Q2,April,East,Technology,Tablet,Consumer,Sneha,4,114775.04,85020.16,29754.88,10265.93,19488.95,105429.29,9345.75,16.98,7.07,INR
ORD-100901,20-04-2024,FY2024,Q2,April,East,Healthcare,Gloves,Consumer,Amit,6,105615.74,57417.58,48198.16,20990.41,27207.76,109879.8,-4264.05,25.76,1.39,INR
ORD-100472,20-04-2024,FY2024,Q2,April,North,Technology,Monitor,Consumer,Rohit,10,473118.47,358057.56,115060.91,74309.71,40751.2,499810.31,-26691.84,8.61,15.95,INR
ORD-102090,20-04-2024,FY2024,Q2,April,North,Consumer Goods,Travel Bag,Consumer,Sneha,4,140154.1,86966.34,53187.76,29919.26,23268.5,140710.48,-556.38,16.6,22.43,INR
ORD-104411,20-04-2024,FY2024,Q2,April,Central,Office Supplies,Notebook,Consumer,Rahul,2,52878.51,30782.2,22096.31,6344.34,15751.97,51220.69,1657.82,29.79,24.38,INR
ORD-102630,20-04-2024,FY2024,Q2,April,West,Furniture,Desk,Small Business,Rohit,13,475493.76,306188.84,169304.92,53377.8,115927.12,436015.55,39478.21,24.38,16.84,INR
ORD-102300,20-04-2024,FY2024,Q2,April,West,Consumer Goods,Headphones,Corporate,Vikas,2,90202.49,67364.65,22837.84,13486.48,9351.37,85751.54,4450.95,10.37,4.69,INR
ORD-101125,21-04-2024,FY2024,Q2,April,North,Furniture,Cabinet,Consumer,Neha,15,427912.44,287542.86,140369.58,35715.05,104654.54,466940.61,-39028.16,24.46,-0.18,INR
ORD-103116,21-04-2024,FY2024,Q2,April,South,Technology,Tablet,Consumer,Vikas,17,580886.53,370962.74,209923.8,113234.72,96689.08,605240.28,-24353.74,16.65,24.48,INR
ORD-100244,21-04-2024,FY2024,Q2,April,West,Technology,Monitor,Small Business,Neha,12,338863.5,186194.89,152668.61,27344.23,125324.39,315865.41,22998.09,36.98,15.37,INR
ORD-102399,21-04-2024,FY2024,Q2,April,East,Office Supplies,Notebook,Consumer,Amit,15,652534.1,380982.58,271551.52,142410.96,129140.56,695559.83,-43025.73,19.79,21.32,INR
ORD-104541,22-04-2024,FY2024,Q2,April,South,Office Supplies,Pen Set,Corporate,Sneha,13,621278.85,325969.88,295308.97,66932.69,228376.28,585331.47,35947.38,36.76,0.97,INR
ORD-101455,22-04-2024,FY2024,Q2,April,West,Consumer Goods,Headphones,Corporate,Rohit,13,442005.32,265793.52,176211.8,61581.41,114630.39,479249.53,-37244.21,25.93,19.55,INR
ORD-104293,22-04-2024,FY2024,Q2,April,North,Furniture,Desk,Consumer,Vikas,15,358954.25,233379.55,125574.7,53940.58,71634.12,401688.89,-42734.64,19.96,21.65,INR
ORD-100802,22-04-2024,FY2024,Q2,April,North,Consumer Goods,Headphones,Consumer,Priya,13,91516.42,56629.27,34887.14,16253.04,18634.11,83650.42,7866,20.36,16.76,INR
ORD-102961,22-04-2024,FY2024,Q2,April,Central,Furniture,Office Chair,Consumer,Neha,10,143569.96,94756.88,48813.08,17432.93,31380.15,150816.45,-7246.49,21.86,15.63,INR
ORD-103878,23-04-2024,FY2024,Q2,April,North,Furniture,Office Chair,Small Business,Rahul,12,362919.69,268575.06,94344.62,33191.75,61152.88,372424.19,-9504.5,16.85,11.73,INR
ORD-104796,23-04-2024,FY2024,Q2,April,East,Technology,Monitor,Consumer,Amit,6,20954.32,13586.64,7367.68,3706.57,3661.11,20606.24,348.08,17.47,23.02,INR
ORD-102413,24-04-2024,FY2024,Q2,April,West,Healthcare,BP Monitor,Consumer,Anjali,5,33373.91,20426.43,12947.48,3427.33,9520.16,31366.01,2007.9,28.53,18.67,INR
ORD-102672,24-04-2024,FY2024,Q2,April,East,Furniture,Cabinet,Consumer,Neha,12,388192.11,250267.46,137924.65,37442.82,100481.83,377855.57,10336.54,25.88,12.72,INR
ORD-104613,24-04-2024,FY2024,Q2,April,East,Technology,Tablet,Consumer,Sneha,11,105322.38,62803.1,42519.28,20920.97,21598.31,108248.74,-2926.36,20.51,-7.59,INR
ORD-104387,24-04-2024,FY2024,Q2,April,North,Furniture,Office Chair,Corporate,Sneha,3,18089.27,11183.27,6906.01,3964.15,2941.85,18353.58,-264.31,16.26,-1.24,INR
ORD-103606,24-04-2024,FY2024,Q2,April,Central,Furniture,Cabinet,Consumer,Sneha,3,16364.78,9379.05,6985.72,2619.64,4366.08,15805.59,559.18,26.68,8.44,INR
ORD-104777,25-04-2024,FY2024,Q2,April,West,Technology,Monitor,Corporate,Sneha,10,354552.69,263220.74,91331.95,63258.95,28072.99,382855.1,-28302.41,7.92,10.3,INR
ORD-102087,25-04-2024,FY2024,Q2,April,South,Office Supplies,Pen Set,Consumer,Vikas,15,79861.04,45399.25,34461.79,9565.75,24896.04,88117.3,-8256.26,31.17,2.54,INR
ORD-103226,25-04-2024,FY2024,Q2,April,West,Consumer Goods,Calculator,Consumer,Amit,10,300255.46,171185.9,129069.56,25352.5,103717.05,327834.08,-27578.62,34.54,14.06,INR
ORD-104663,25-04-2024,FY2024,Q2,April,West,Technology,Tablet,Consumer,Priya,12,394146.66,230306.72,163839.93,78610.88,85229.05,415612.03,-21465.37,21.62,16.09,INR
ORD-103851,25-04-2024,FY2024,Q2,April,North,Healthcare,Gloves,Small Business,Anjali,12,378562.09,276215.66,102346.43,35789.57,66556.87,374086.75,4475.34,17.58,-7.33,INR
ORD-101750,25-04-2024,FY2024,Q2,April,North,Technology,Tablet,Consumer,Rahul,10,403940.5,256847.34,147093.15,35797.16,111296,377839.96,26100.54,27.55,12.17,INR
ORD-101797,26-04-2024,FY2024,Q2,April,Central,Office Supplies,Paper Pack,Consumer,Sneha,18,117772.99,72494.13,45278.86,18103.68,27175.18,110310.31,7462.69,23.07,-3.71,INR
ORD-101042,26-04-2024,FY2024,Q2,April,Central,Consumer Goods,Calculator,Corporate,Priya,12,537610.03,309344.16,228265.87,61836.85,166429.02,555773.74,-18163.71,30.96,-6.11,INR
ORD-102411,26-04-2024,FY2024,Q2,April,East,Furniture,Conference Table,Corporate,Rahul,17,18238.85,14160.69,4078.16,3292.49,785.68,19724.03,-1485.18,4.31,2.32,INR
ORD-102323,27-04-2024,FY2024,Q2,April,North,Technology,Tablet,Consumer,Amit,16,50313.49,32551.36,17762.13,5212.39,12549.74,45620.76,4692.74,24.94,10.41,INR
ORD-104204,27-04-2024,FY2024,Q2,April,West,Furniture,Office Chair,Corporate,Sneha,12,593605.17,456750.84,136854.34,78495.41,58358.93,598229.39,-4624.22,9.83,-0.58,INR
ORD-102608,27-04-2024,FY2024,Q2,April,South,Technology,Printer,Consumer,Neha,2,15720.54,9355,6365.54,2969.47,3396.06,15429.32,291.22,21.6,3.84,INR
ORD-101794,27-04-2024,FY2024,Q2,April,West,Office Supplies,Stapler,Consumer,Rahul,20,787825.26,554984.29,232840.97,142269.38,90571.59,741278.29,46546.97,11.5,2.25,INR
ORD-101843,27-04-2024,FY2024,Q2,April,North,Consumer Goods,Water Bottle,Corporate,Rahul,7,74750.13,40551.11,34199.02,11341.77,22857.26,68138.42,6611.71,30.58,-1.36,INR
ORD-101665,27-04-2024,FY2024,Q2,April,West,Furniture,Conference Table,Corporate,Rohit,5,51730.67,34527.9,17202.77,7855.03,9347.74,55591.05,-3860.38,18.07,-2.04,INR
ORD-101259,28-04-2024,FY2024,Q2,April,West,Furniture,Bookshelf,Small Business,Amit,11,237543.21,180294.85,57248.36,38793.34,18455.03,221748.93,15794.27,7.77,23.17,INR
ORD-102863,28-04-2024,FY2024,Q2,April,East,Furniture,Conference Table,Small Business,Sneha,4,174999.59,127760,47239.59,20717.72,26521.87,195146.37,-20146.78,15.16,6.95,INR
ORD-103740,29-04-2024,FY2024,Q2,April,West,Consumer Goods,Headphones,Consumer,Sneha,5,228644.99,159778.12,68866.87,28422.72,40444.15,211082.13,17562.86,17.69,18.74,INR
ORD-102573,29-04-2024,FY2024,Q2,April,North,Healthcare,First Aid Box,Consumer,Amit,11,117260.99,76017.12,41243.87,14624.62,26619.25,105845.42,11415.57,22.7,0.29,INR
ORD-103396,29-04-2024,FY2024,Q2,April,East,Furniture,Conference Table,Consumer,Anjali,6,133903.26,76968.73,56934.53,23468.67,33465.86,137385.83,-3482.57,24.99,-6.49,INR
ORD-102244,29-04-2024,FY2024,Q2,April,South,Consumer Goods,Calculator,Consumer,Rahul,9,231718.46,174960.46,56757.99,44153.92,12604.07,241585.51,-9867.05,5.44,9.62,INR
ORD-103524,29-04-2024,FY2024,Q2,April,South,Office Supplies,Pen Set,Consumer,Neha,10,149611.21,94364.75,55246.45,29961.15,25285.31,142769.34,6841.87,16.9,-7.18,INR
ORD-104820,29-04-2024,FY2024,Q2,April,Central,Furniture,Bookshelf,Corporate,Rahul,13,165217.5,92050.44,73167.06,34901.01,38266.05,153499.7,11717.8,23.16,-4.36,INR
ORD-102500,29-04-2024,FY2024,Q2,April,South,Consumer Goods,Headphones,Corporate,Priya,6,172541.98,104832.6,67709.39,37806.19,29903.19,172611.16,-69.17,17.33,12.65,INR
ORD-100119,29-04-2024,FY2024,Q2,April,Central,Consumer Goods,Travel Bag,Consumer,Amit,15,23691.74,16863.45,6828.29,2851.61,3976.68,23430.96,260.79,16.79,22.76,INR
ORD-101508,29-04-2024,FY2024,Q2,April,South,Consumer Goods,Backpack,Consumer,Priya,12,275934.31,152608.07,123326.24,28171.34,95154.9,280248.84,-4314.53,34.48,10.76,INR
ORD-100680,29-04-2024,FY2024,Q2,April,East,Office Supplies,Paper Pack,Consumer,Vikas,11,397351.29,216851.7,180499.6,51122.19,129377.41,410210.47,-12859.18,32.56,6.37,INR
ORD-103766,30-04-2024,FY2024,Q2,April,North,Consumer Goods,Travel Bag,Consumer,Priya,15,250619.8,156046.6,94573.2,53329.97,41243.23,268583.98,-17964.18,16.46,-2.18,INR
ORD-102261,30-04-2024,FY2024,Q2,April,Central,Consumer Goods,Travel Bag,Small Business,Anjali,3,36189.57,21641.55,14548.02,3141.55,11406.47,38562.33,-2372.76,31.52,-7.47,INR
ORD-103815,30-04-2024,FY2024,Q2,April,East,Office Supplies,Notebook,Consumer,Neha,15,738988.23,451183.06,287805.17,117550.45,170254.72,760390.72,-21402.49,23.04,12.95,INR
ORD-100565,02-05-2024,FY2024,Q2,May,Central,Office Supplies,Stapler,Small Business,Vikas,11,365488.09,266813.55,98674.54,54838.42,43836.12,382035.43,-16547.35,11.99,-4.02,INR
ORD-102820,02-05-2024,FY2024,Q2,May,South,Furniture,Conference Table,Corporate,Sneha,13,168517.81,91289.79,77228.02,14966.24,62261.78,163273.51,5244.31,36.95,3.71,INR
ORD-101966,02-05-2024,FY2024,Q2,May,East,Technology,Laptop,Small Business,Rohit,13,601079.64,376350.88,224728.76,101105.68,123623.08,646899.18,-45819.54,20.57,2.38,INR
ORD-100334,02-05-2024,FY2024,Q2,May,Central,Technology,Laptop,Consumer,Vikas,12,236775.14,147173.08,89602.05,22540.45,67061.61,254170.29,-17395.15,28.32,18.56,INR
ORD-103132,02-05-2024,FY2024,Q2,May,South,Office Supplies,Notebook,Consumer,Priya,6,39621.35,24133.63,15487.72,5679.06,9808.66,36767.21,2854.14,24.76,-0.04,INR
ORD-103805,02-05-2024,FY2024,Q2,May,East,Healthcare,Gloves,Corporate,Rohit,5,36956.65,22135.3,14821.35,4858.31,9963.04,41189.56,-4232.91,26.96,16.93,INR
ORD-103105,03-05-2024,FY2024,Q2,May,North,Furniture,Office Chair,Small Business,Rohit,4,59516.01,42062.52,17453.49,11839.34,5614.15,59847.18,-331.18,9.43,21.11,INR
ORD-102909,03-05-2024,FY2024,Q2,May,North,Office Supplies,Notebook,Corporate,Rahul,17,100784.81,53611.27,47173.55,10202.97,36970.58,93595.96,7188.85,36.68,23.03,INR
ORD-101074,03-05-2024,FY2024,Q2,May,South,Technology,Tablet,Consumer,Priya,13,528244.7,394427.86,133816.84,75165.37,58651.47,534440.97,-6196.27,11.1,-2.55,INR
ORD-100175,03-05-2024,FY2024,Q2,May,Central,Furniture,Bookshelf,Corporate,Vikas,16,358600.88,211254.3,147346.58,60751.64,86594.94,337801.41,20799.47,24.15,0.48,INR
ORD-102879,03-05-2024,FY2024,Q2,May,Central,Healthcare,Thermometer,Corporate,Vikas,6,203285.98,124938.67,78347.32,25444.25,52903.06,209917.07,-6631.08,26.02,4.63,INR
ORD-101557,03-05-2024,FY2024,Q2,May,East,Furniture,Office Chair,Corporate,Rohit,3,44739.94,28330.02,16409.93,6279.27,10130.66,49465.3,-4725.35,22.64,-0.22,INR
ORD-103305,04-05-2024,FY2024,Q2,May,East,Furniture,Conference Table,Consumer,Neha,11,474054.3,275142.64,198911.66,80941.93,117969.73,503494.88,-29440.57,24.89,13.65,INR
ORD-101514,04-05-2024,FY2024,Q2,May,South,Consumer Goods,Water Bottle,Corporate,Neha,8,126275.21,97438.73,28836.48,20660.92,8175.56,116748.26,9526.94,6.47,14.65,INR
ORD-104292,04-05-2024,FY2024,Q2,May,South,Consumer Goods,Backpack,Small Business,Rohit,11,153483.76,99382.25,54101.51,32175.94,21925.57,157889.27,-4405.51,14.29,-4.19,INR
ORD-102173,04-05-2024,FY2024,Q2,May,East,Office Supplies,Pen Set,Consumer,Rohit,7,190436.25,113114.55,77321.69,26967.82,50353.87,175013.51,15422.74,26.44,10.02,INR
ORD-100269,04-05-2024,FY2024,Q2,May,North,Consumer Goods,Water Bottle,Consumer,Neha,9,354796.12,191406.24,163389.88,43287.65,120102.23,325365.16,29430.96,33.85,4,INR
ORD-101766,04-05-2024,FY2024,Q2,May,South,Consumer Goods,Travel Bag,Corporate,Vikas,11,388058.65,206149.2,181909.45,49145.78,132763.67,395945.34,-7886.69,34.21,13.95,INR
ORD-103537,04-05-2024,FY2024,Q2,May,West,Technology,Monitor,Corporate,Sneha,5,159045.64,99952.83,59092.82,17852.8,41240.01,164843.13,-5797.49,25.93,8.68,INR
ORD-104327,04-05-2024,FY2024,Q2,May,Central,Healthcare,First Aid Box,Corporate,Anjali,7,213899.17,154448.39,59450.78,35943.95,23506.83,224070.13,-10170.96,10.99,14.97,INR
ORD-104769,05-05-2024,FY2024,Q2,May,East,Furniture,Desk,Consumer,Priya,9,6543.97,3553.29,2990.68,1109.2,1881.48,6550.99,-7.03,28.75,8.56,INR
ORD-102903,05-05-2024,FY2024,Q2,May,North,Consumer Goods,Headphones,Consumer,Amit,9,394090.68,214739.39,179351.29,76868.26,102483.04,413393.01,-19302.33,26,14.04,INR
ORD-104727,05-05-2024,FY2024,Q2,May,West,Consumer Goods,Backpack,Corporate,Neha,18,590923.27,457837.37,133085.9,87283.61,45802.29,631960.21,-41036.94,7.75,19.91,INR
ORD-104210,05-05-2024,FY2024,Q2,May,East,Furniture,Conference Table,Consumer,Priya,8,162842.02,91267.99,71574.03,20250.16,51323.87,151237.31,11604.71,31.52,0.97,INR
ORD-100946,05-05-2024,FY2024,Q2,May,West,Furniture,Desk,Small Business,Vikas,20,177566.93,129079,48487.93,24485.95,24001.98,179985.33,-2418.4,13.52,11.32,INR
ORD-100450,06-05-2024,FY2024,Q2,May,North,Furniture,Office Chair,Corporate,Sneha,12,20498.46,15212.22,5286.24,3453.74,1832.5,18941.28,1557.17,8.94,8.23,INR
ORD-101311,06-05-2024,FY2024,Q2,May,South,Furniture,Conference Table,Consumer,Amit,19,902260.82,590901.89,311358.93,149852.87,161506.06,943225.41,-40964.59,17.9,-5.57,INR
ORD-102157,06-05-2024,FY2024,Q2,May,East,Consumer Goods,Water Bottle,Consumer,Rohit,7,75663.89,56564.4,19099.49,13882.07,5217.42,74749.3,914.59,6.9,10.57,INR
ORD-104837,07-05-2024,FY2024,Q2,May,South,Furniture,Desk,Corporate,Amit,13,53740.68,28995.08,24745.6,5657.24,19088.36,50705.55,3035.13,35.52,-4.45,INR
ORD-101113,07-05-2024,FY2024,Q2,May,Central,Furniture,Desk,Consumer,Rahul,13,144220.5,94206.77,50013.73,26321.06,23692.67,140300.86,3919.64,16.43,23.65,INR
ORD-100073,07-05-2024,FY2024,Q2,May,North,Furniture,Bookshelf,Corporate,Rohit,12,56638.05,43833.41,12804.65,11668.7,1135.94,51811.23,4826.82,2.01,18.33,INR
ORD-102930,07-05-2024,FY2024,Q2,May,West,Consumer Goods,Travel Bag,Corporate,Amit,8,123875.01,81498.12,42376.88,15782.13,26594.76,126224.11,-2349.1,21.47,18.9,INR
ORD-101862,07-05-2024,FY2024,Q2,May,Central,Technology,Monitor,Consumer,Rahul,18,727965.86,518812.55,209153.31,89254.61,119898.7,757742.66,-29776.8,16.47,2.71,INR
ORD-104324,07-05-2024,FY2024,Q2,May,East,Furniture,Office Chair,Consumer,Vikas,4,81102.7,56079.06,25023.64,12243.98,12779.66,88073.2,-6970.5,15.76,7.25,INR
ORD-103910,07-05-2024,FY2024,Q2,May,East,Furniture,Cabinet,Consumer,Priya,12,405716.64,312621.66,93094.98,35322.21,57772.77,418564.31,-12847.67,14.24,16.34,INR
ORD-102406,08-05-2024,FY2024,Q2,May,South,Office Supplies,File Folder,Consumer,Anjali,5,76327.44,44348.93,31978.51,10304.86,21673.65,77959.91,-1632.47,28.4,6.98,INR
ORD-103304,08-05-2024,FY2024,Q2,May,South,Consumer Goods,Calculator,Consumer,Vikas,17,817836.77,606989.18,210847.58,179780.91,31066.67,866362.58,-48525.81,3.8,24.02,INR
ORD-101619,08-05-2024,FY2024,Q2,May,South,Consumer Goods,Headphones,Consumer,Vikas,13,48296.89,33387.54,14909.35,5174.24,9735.11,49302.26,-1005.37,20.16,15.74,INR
ORD-100989,08-05-2024,FY2024,Q2,May,East,Office Supplies,Paper Pack,Corporate,Neha,18,580275.97,336450.92,243825.05,114552.97,129272.08,547233.61,33042.36,22.28,13.75,INR
ORD-104137,08-05-2024,FY2024,Q2,May,South,Healthcare,Medical Kit,Corporate,Sneha,13,334974.73,194521.1,140453.63,35165.98,105287.65,364092.92,-29118.2,31.43,8.16,INR
ORD-101559,08-05-2024,FY2024,Q2,May,South,Consumer Goods,Calculator,Corporate,Anjali,6,248313,174003.07,74309.93,50602.84,23707.09,256664.08,-8351.08,9.55,1.39,INR
ORD-103728,08-05-2024,FY2024,Q2,May,East,Healthcare,Gloves,Corporate,Anjali,2,78981.15,49021.49,29959.66,14534.41,15425.25,82848.81,-3867.66,19.53,14.81,INR
ORD-104398,09-05-2024,FY2024,Q2,May,West,Furniture,Bookshelf,Consumer,Sneha,12,48709.57,34622.57,14087.01,6650.63,7436.38,53425.05,-4715.48,15.27,-4.16,INR
ORD-104179,09-05-2024,FY2024,Q2,May,West,Consumer Goods,Calculator,Corporate,Neha,15,519643.65,393422.59,126221.06,83181.39,43039.67,544438.35,-24794.7,8.28,12.3,INR
ORD-102962,09-05-2024,FY2024,Q2,May,North,Technology,Smartphone,Corporate,Vikas,16,199759.64,119005.11,80754.54,29599.31,51155.22,213570.15,-13810.51,25.61,2.12,INR
ORD-103392,09-05-2024,FY2024,Q2,May,South,Office Supplies,Notebook,Consumer,Priya,19,538869.84,302850.53,236019.31,97734.52,138284.79,499856.92,39012.91,25.66,11.14,INR
ORD-104680,09-05-2024,FY2024,Q2,May,North,Consumer Goods,Calculator,Consumer,Neha,15,153435.6,110584.59,42851.01,29397.16,13453.85,139152.99,14282.61,8.77,2.7,INR
ORD-101521,09-05-2024,FY2024,Q2,May,West,Consumer Goods,Headphones,Consumer,Sneha,4,90147.13,48932.53,41214.6,11286.95,29927.65,86503.9,3643.23,33.2,-0.34,INR
ORD-104054,10-05-2024,FY2024,Q2,May,South,Healthcare,Medical Kit,Small Business,Priya,6,20691.27,13085.41,7605.86,3602.02,4003.84,20022.72,668.55,19.35,24.78,INR
ORD-103078,10-05-2024,FY2024,Q2,May,North,Office Supplies,Stapler,Consumer,Amit,15,303893,211363.01,92529.99,62208.74,30321.26,318178.05,-14285.04,9.98,15.95,INR
ORD-100370,11-05-2024,FY2024,Q2,May,West,Furniture,Conference Table,Consumer,Amit,19,416479.06,256517.01,159962.05,62980.07,96981.98,420375.07,-3896.01,23.29,-7.92,INR
ORD-101977,11-05-2024,FY2024,Q2,May,North,Technology,Smartphone,Consumer,Vikas,18,472537.91,316584.35,155953.56,70082.98,85870.58,438383.51,34154.4,18.17,-1.93,INR
ORD-101108,11-05-2024,FY2024,Q2,May,West,Technology,Tablet,Corporate,Neha,4,190574.24,139459.84,51114.41,40858.21,10256.2,198951.96,-8377.72,5.38,-5.59,INR
ORD-101869,11-05-2024,FY2024,Q2,May,West,Healthcare,Medical Kit,Corporate,Amit,5,195560.33,105929.34,89630.99,19897.77,69733.22,208284.17,-12723.83,35.66,11.65,INR
ORD-100250,11-05-2024,FY2024,Q2,May,South,Furniture,Cabinet,Corporate,Amit,19,928212.54,635995.73,292216.81,83177.31,209039.5,981688.01,-53475.47,22.52,7.41,INR
ORD-101597,12-05-2024,FY2024,Q2,May,South,Consumer Goods,Backpack,Consumer,Priya,5,152603.27,83648.9,68954.37,27249.72,41704.66,169089.62,-16486.35,27.33,-0.77,INR
ORD-103868,12-05-2024,FY2024,Q2,May,North,Technology,Laptop,Small Business,Priya,15,414890.39,304912.46,109977.93,63342.97,46634.96,385745.75,29144.64,11.24,-0.04,INR
ORD-100382,13-05-2024,FY2024,Q2,May,South,Technology,Printer,Corporate,Rohit,2,96460.64,74211.2,22249.43,17782.27,4467.16,101692.76,-5232.13,4.63,9.55,INR
ORD-103618,13-05-2024,FY2024,Q2,May,East,Office Supplies,Paper Pack,Consumer,Priya,12,411672.54,226304.61,185367.92,70689.52,114678.41,450133.65,-38461.12,27.86,-4.4,INR
ORD-103464,13-05-2024,FY2024,Q2,May,East,Furniture,Bookshelf,Corporate,Priya,12,544028.91,290767.85,253261.06,106779.77,146481.29,559415.17,-15386.26,26.93,6.65,INR
ORD-101927,13-05-2024,FY2024,Q2,May,East,Furniture,Cabinet,Consumer,Priya,15,448531.48,329123.33,119408.15,58598.51,60809.64,446543.21,1988.27,13.56,-5.52,INR
ORD-103408,13-05-2024,FY2024,Q2,May,North,Furniture,Desk,Corporate,Rahul,2,51017.23,34325.39,16691.84,5228.59,11463.25,53841.15,-2823.92,22.47,23.5,INR
ORD-102649,13-05-2024,FY2024,Q2,May,East,Technology,Smartphone,Consumer,Vikas,9,357979.32,206161.5,151817.82,30068.11,121749.71,387630.24,-29650.92,34.01,9.54,INR
ORD-103912,13-05-2024,FY2024,Q2,May,West,Technology,Tablet,Small Business,Amit,4,65975.68,35726.39,30249.29,6091.97,24157.31,60232.54,5743.14,36.62,1.77,INR
ORD-102029,14-05-2024,FY2024,Q2,May,Central,Technology,Monitor,Corporate,Neha,8,178099.72,101625.74,76473.98,23920.01,52553.97,188981.42,-10881.71,29.51,24.59,INR
ORD-103163,14-05-2024,FY2024,Q2,May,Central,Technology,Monitor,Corporate,Amit,17,654408.95,401038.06,253370.88,66517.33,186853.55,662246.96,-7838.02,28.55,-2.78,INR
ORD-100458,14-05-2024,FY2024,Q2,May,South,Consumer Goods,Travel Bag,Corporate,Anjali,17,676112.45,396563.65,279548.8,125909.6,153639.2,666100.41,10012.04,22.72,14.93,INR
ORD-102106,14-05-2024,FY2024,Q2,May,North,Office Supplies,Notebook,Consumer,Neha,6,293906.1,156082.87,137823.23,29576.64,108246.6,289259.08,4647.02,36.83,9.48,INR
ORD-102066,14-05-2024,FY2024,Q2,May,West,Technology,Smartphone,Consumer,Priya,19,342325.41,243325.67,98999.74,36472.58,62527.16,348213.41,-5888,18.27,-0.27,INR
ORD-104511,14-05-2024,FY2024,Q2,May,West,Office Supplies,File Folder,Consumer,Rohit,17,164081.99,127511.26,36570.72,23206.27,13364.46,149720.1,14361.89,8.14,23.83,INR
ORD-103847,14-05-2024,FY2024,Q2,May,East,Furniture,Cabinet,Consumer,Rahul,12,335977.35,257971.79,78005.56,39969.32,38036.24,369307.61,-33330.26,11.32,19.5,INR
ORD-103621,15-05-2024,FY2024,Q2,May,West,Furniture,Bookshelf,Corporate,Neha,6,255491.32,172313.28,83178.04,37365.04,45813,236231.28,19260.05,17.93,20.77,INR
ORD-101336,15-05-2024,FY2024,Q2,May,West,Healthcare,Medical Kit,Corporate,Neha,9,260136.26,135373.92,124762.33,34958.9,89803.43,259322.97,813.29,34.52,9.61,INR
ORD-102355,15-05-2024,FY2024,Q2,May,North,Technology,Smartphone,Corporate,Rohit,8,125158.63,72921.44,52237.2,23978.09,28259.1,127180.75,-2022.12,22.58,8.5,INR
ORD-100515,16-05-2024,FY2024,Q2,May,East,Office Supplies,Pen Set,Corporate,Rahul,5,21029.99,12248.57,8781.41,2551.64,6229.78,23456.18,-2426.19,29.62,13.37,INR
ORD-100921,16-05-2024,FY2024,Q2,May,North,Furniture,Conference Table,Consumer,Rahul,4,162654.47,100357.18,62297.29,24001.31,38295.98,168063.32,-5408.85,23.54,24.59,INR
ORD-104538,16-05-2024,FY2024,Q2,May,West,Furniture,Bookshelf,Small Business,Rohit,8,393131.31,274033.21,119098.1,41116.5,77981.6,366102.18,27029.13,19.84,23,INR
ORD-104939,16-05-2024,FY2024,Q2,May,South,Consumer Goods,Backpack,Corporate,Anjali,5,123036.58,66658.76,56377.82,15305.23,41072.59,122771.87,264.71,33.38,-6.11,INR
ORD-100793,17-05-2024,FY2024,Q2,May,West,Consumer Goods,Backpack,Small Business,Rahul,13,43885.2,23156.37,20728.82,5582.07,15146.75,39906.93,3978.27,34.51,0.2,INR
ORD-104007,17-05-2024,FY2024,Q2,May,Central,Furniture,Office Chair,Corporate,Amit,1,17465.35,12813.95,4651.39,1921.02,2730.37,16271.77,1193.57,15.63,0.72,INR
ORD-104193,17-05-2024,FY2024,Q2,May,West,Consumer Goods,Backpack,Consumer,Sneha,10,82006.19,53223.82,28782.37,9119.68,19662.7,84437.97,-2431.78,23.98,15.22,INR
ORD-100105,17-05-2024,FY2024,Q2,May,West,Technology,Monitor,Corporate,Rohit,2,93410.56,66463.68,26946.88,17107.25,9839.63,99560.95,-6150.4,10.53,-5.55,INR
ORD-104600,17-05-2024,FY2024,Q2,May,Central,Technology,Printer,Corporate,Rahul,13,153062.8,84003.1,69059.69,18236.75,50822.94,149427.97,3634.83,33.2,9.8,INR
ORD-100095,17-05-2024,FY2024,Q2,May,East,Furniture,Office Chair,Small Business,Neha,8,202720.77,131443.38,71277.39,34674.73,36602.66,215932.76,-13211.99,18.06,12.92,INR
ORD-104959,17-05-2024,FY2024,Q2,May,West,Office Supplies,Stapler,Consumer,Vikas,8,130993.65,69565.09,61428.57,18775.77,42652.8,145500.7,-14507.05,32.56,6.17,INR
ORD-101468,18-05-2024,FY2024,Q2,May,East,Furniture,Cabinet,Consumer,Sneha,13,92688.27,61517.44,31170.82,19301.55,11869.27,98384.13,-5695.86,12.81,9.11,INR
ORD-103080,18-05-2024,FY2024,Q2,May,East,Technology,Printer,Corporate,Amit,13,378364.4,239196.58,139167.82,54948.99,84218.83,413685.18,-35320.78,22.26,7.45,INR
ORD-103297,18-05-2024,FY2024,Q2,May,Central,Technology,Smartphone,Consumer,Anjali,2,23462.74,15321.47,8141.27,2889.62,5251.65,22654.31,808.42,22.38,2.32,INR
ORD-100727,18-05-2024,FY2024,Q2,May,West,Healthcare,First Aid Box,Corporate,Vikas,6,275522.09,208815.42,66706.67,56447.89,10258.78,282143.58,-6621.5,3.72,-7.74,INR
ORD-102238,18-05-2024,FY2024,Q2,May,South,Technology,Laptop,Small Business,Priya,5,123277.62,76597.17,46680.44,13374.53,33305.91,136991.13,-13713.52,27.02,-6.65,INR
ORD-103097,19-05-2024,FY2024,Q2,May,West,Office Supplies,Stapler,Corporate,Sneha,11,122869.84,72028.76,50841.08,17929.71,32911.37,133286.9,-10417.06,26.79,14.45,INR
ORD-103563,19-05-2024,FY2024,Q2,May,West,Office Supplies,File Folder,Consumer,Rohit,11,453229.22,342865.41,110363.81,43306.27,67057.54,475529.97,-22300.74,14.8,17.38,INR
ORD-103461,19-05-2024,FY2024,Q2,May,Central,Healthcare,Thermometer,Consumer,Sneha,5,165842.82,112448.05,53394.77,35802.1,17592.67,152941.52,12901.3,10.61,-2.34,INR
ORD-102429,19-05-2024,FY2024,Q2,May,Central,Office Supplies,File Folder,Consumer,Sneha,19,70199.97,51572.49,18627.48,12000.2,6627.28,67215.88,2984.09,9.44,7.38,INR
ORD-104354,19-05-2024,FY2024,Q2,May,South,Technology,Tablet,Consumer,Amit,1,19552.8,15159.27,4393.53,1943.34,2450.19,18595.72,957.07,12.53,12.66,INR
ORD-100480,19-05-2024,FY2024,Q2,May,West,Healthcare,BP Monitor,Consumer,Vikas,10,98066.57,69417.67,28648.89,21533.7,7115.2,107959.02,-9892.45,7.26,7.74,INR
ORD-103903,20-05-2024,FY2024,Q2,May,North,Office Supplies,Paper Pack,Consumer,Neha,17,649061.74,358676.69,290385.05,83532.91,206852.14,637233.53,11828.21,31.87,5.25,INR
ORD-104521,20-05-2024,FY2024,Q2,May,Central,Office Supplies,Stapler,Corporate,Anjali,14,551052.16,404862.7,146189.47,78574.44,67615.02,513524.22,37527.94,12.27,-4.55,INR
ORD-101166,20-05-2024,FY2024,Q2,May,East,Consumer Goods,Travel Bag,Consumer,Rahul,13,215505.62,137956.03,77549.6,24840.02,52709.58,198842.15,16663.47,24.46,13.38,INR
ORD-102896,21-05-2024,FY2024,Q2,May,North,Office Supplies,File Folder,Consumer,Sneha,9,105874.16,79116.14,26758.02,18301,8457.01,114092.68,-8218.52,7.99,19.8,INR
ORD-104518,21-05-2024,FY2024,Q2,May,Central,Technology,Monitor,Corporate,Priya,18,626692,432287.55,194404.45,53748.05,140656.4,606876.32,19815.68,22.44,15.17,INR
ORD-104420,22-05-2024,FY2024,Q2,May,East,Furniture,Conference Table,Consumer,Rahul,12,455088.59,286172.99,168915.6,40508.15,128407.45,412971.78,42116.81,28.22,17.06,INR
ORD-103620,22-05-2024,FY2024,Q2,May,South,Technology,Tablet,Consumer,Vikas,10,40491.38,23922.93,16568.44,6486.3,10082.14,40231.74,259.63,24.9,6.05,INR
ORD-103231,22-05-2024,FY2024,Q2,May,East,Technology,Laptop,Corporate,Rahul,3,40978.06,29281.2,11696.86,4536.91,7159.94,38248.14,2729.92,17.47,19.49,INR
ORD-104768,22-05-2024,FY2024,Q2,May,South,Office Supplies,Stapler,Consumer,Priya,16,518854,364304.58,154549.42,69914.4,84635.02,467176.38,51677.62,16.31,3.41,INR
ORD-102718,22-05-2024,FY2024,Q2,May,South,Office Supplies,Stapler,Corporate,Anjali,12,298777,198542.52,100234.48,57128.09,43106.38,298889.14,-112.14,14.43,7.6,INR
ORD-102241,22-05-2024,FY2024,Q2,May,West,Technology,Printer,Consumer,Vikas,14,605730.69,439360.12,166370.57,94743.48,71627.09,671886.58,-66155.88,11.82,19.34,INR
ORD-104549,22-05-2024,FY2024,Q2,May,South,Technology,Tablet,Corporate,Anjali,4,168675.25,108661.51,60013.74,15657.12,44356.62,162018.62,6656.63,26.3,22.35,INR
ORD-100046,23-05-2024,FY2024,Q2,May,West,Technology,Tablet,Corporate,Rohit,5,99755.53,63836.46,35919.07,16451.99,19467.08,100854.41,-1098.88,19.51,20.41,INR
ORD-103112,23-05-2024,FY2024,Q2,May,North,Technology,Monitor,Consumer,Neha,12,598299.39,382744.54,215554.85,102574.15,112980.7,544980.79,53318.6,18.88,-6.29,INR
ORD-102614,23-05-2024,FY2024,Q2,May,North,Office Supplies,Paper Pack,Corporate,Rahul,7,287159.52,165640.15,121519.37,41340.87,80178.5,315418.85,-28259.33,27.92,2.1,INR
ORD-103307,23-05-2024,FY2024,Q2,May,Central,Technology,Printer,Consumer,Anjali,12,494178.86,336718.44,157460.42,56056.74,101403.68,539708.73,-45529.87,20.52,6.05,INR
ORD-101749,23-05-2024,FY2024,Q2,May,South,Healthcare,First Aid Box,Corporate,Rahul,9,246369.23,169584.43,76784.8,25679.87,51104.93,234476.43,11892.8,20.74,10.28,INR
ORD-101676,23-05-2024,FY2024,Q2,May,West,Consumer Goods,Travel Bag,Consumer,Rahul,16,558679.75,322096.25,236583.49,87986.62,148596.87,582104.7,-23424.96,26.6,14.34,INR
ORD-100205,24-05-2024,FY2024,Q2,May,West,Healthcare,BP Monitor,Consumer,Amit,5,154415.24,113165.45,41249.79,16144.63,25105.16,167792.48,-13377.23,16.26,13.43,INR
ORD-101850,24-05-2024,FY2024,Q2,May,North,Office Supplies,Pen Set,Consumer,Anjali,19,216129.52,153776.99,62352.53,22194.26,40158.28,229933.86,-13804.34,18.58,5.73,INR
ORD-103956,24-05-2024,FY2024,Q2,May,West,Healthcare,BP Monitor,Consumer,Sneha,16,582260.12,436901.47,145358.65,110621.18,34737.47,644586.5,-62326.38,5.97,12.21,INR
ORD-101876,24-05-2024,FY2024,Q2,May,South,Consumer Goods,Water Bottle,Consumer,Priya,16,663883.11,348454.12,315428.99,91619.65,223809.33,601477.33,62405.78,33.71,8.37,INR
ORD-100459,25-05-2024,FY2024,Q2,May,North,Technology,Monitor,Consumer,Sneha,3,74022.87,52415.3,21607.56,13902.99,7704.57,75785.81,-1762.94,10.41,5.09,INR
ORD-100023,25-05-2024,FY2024,Q2,May,East,Consumer Goods,Headphones,Corporate,Amit,13,414958.1,312212.86,102745.24,86405.23,16340.01,446735.61,-31777.51,3.94,13.96,INR
ORD-102658,25-05-2024,FY2024,Q2,May,East,Technology,Monitor,Corporate,Rohit,16,480694.68,252994.45,227700.22,100485.42,127214.81,450539.09,30155.58,26.46,11.92,INR
ORD-101500,25-05-2024,FY2024,Q2,May,East,Office Supplies,Stapler,Consumer,Rohit,18,577312.88,445639.77,131673.12,60620.53,71052.59,563983.03,13329.86,12.31,8.1,INR
ORD-100545,25-05-2024,FY2024,Q2,May,East,Technology,Printer,Corporate,Sneha,5,140782.73,95200.98,45581.75,30121.74,15460.01,141337.33,-554.6,10.98,9.69,INR
ORD-103325,26-05-2024,FY2024,Q2,May,North,Technology,Tablet,Consumer,Rahul,9,31144.68,17367.5,13777.17,5032.42,8744.75,30027.48,1117.19,28.08,17.34,INR
ORD-100284,26-05-2024,FY2024,Q2,May,East,Technology,Smartphone,Small Business,Sneha,7,223418.57,130195.49,93223.08,47367.17,45855.91,222310.68,1107.88,20.52,12.72,INR
ORD-100331,27-05-2024,FY2024,Q2,May,East,Technology,Monitor,Corporate,Sneha,5,236912,151130.09,85781.9,32486.38,53295.53,244933.38,-8021.38,22.5,16.23,INR
ORD-101488,27-05-2024,FY2024,Q2,May,East,Consumer Goods,Water Bottle,Consumer,Neha,1,16682.17,11224.02,5458.15,1564.74,3893.41,15785.73,896.44,23.34,3.8,INR
ORD-104532,27-05-2024,FY2024,Q2,May,Central,Healthcare,Medical Kit,Consumer,Anjali,2,96050.13,62250.73,33799.4,18465.43,15333.97,88408.77,7641.36,15.96,-3.12,INR
ORD-104982,27-05-2024,FY2024,Q2,May,Central,Office Supplies,Stapler,Consumer,Sneha,13,121499.07,69394.67,52104.4,14375.91,37728.49,134097.44,-12598.37,31.05,18.03,INR
ORD-100767,27-05-2024,FY2024,Q2,May,East,Healthcare,Gloves,Consumer,Vikas,5,4793.54,2760.94,2032.6,504.6,1528,5356.22,-562.68,31.88,-7.66,INR
ORD-103554,28-05-2024,FY2024,Q2,May,South,Technology,Laptop,Consumer,Priya,15,106386.49,76550.66,29835.84,20147.3,9688.54,102461.15,3925.34,9.11,5.23,INR
ORD-100963,28-05-2024,FY2024,Q2,May,North,Consumer Goods,Headphones,Consumer,Sneha,4,126196.05,91990.78,34205.27,11869.26,22336.01,115287.04,10909.01,17.7,15,INR
ORD-102396,28-05-2024,FY2024,Q2,May,East,Healthcare,BP Monitor,Small Business,Priya,18,646985.61,399170.28,247815.34,54091.81,193723.52,696829.57,-49843.96,29.94,15.4,INR
ORD-101396,29-05-2024,FY2024,Q2,May,East,Office Supplies,Stapler,Corporate,Rohit,11,188205.96,114665.91,73540.05,22467.87,51072.18,203606.34,-15400.38,27.14,-3.64,INR
ORD-102007,29-05-2024,FY2024,Q2,May,Central,Office Supplies,Pen Set,Corporate,Rohit,16,663261.17,451871.76,211389.41,132119.2,79270.21,665904.05,-2642.88,11.95,14.09,INR
ORD-103630,29-05-2024,FY2024,Q2,May,West,Office Supplies,File Folder,Consumer,Sneha,9,341153.61,239838.87,101314.73,69680.97,31633.77,326904.75,14248.86,9.27,-0.94,INR
ORD-101732,29-05-2024,FY2024,Q2,May,West,Office Supplies,Paper Pack,Small Business,Priya,7,291325.81,166073.84,125251.96,38098.28,87153.69,273163.69,18162.11,29.92,-2.72,INR
ORD-102017,29-05-2024,FY2024,Q2,May,Central,Technology,Printer,Corporate,Anjali,18,404646.63,254308.72,150337.91,38045.25,112292.65,424722.4,-20075.77,27.75,-1.95,INR
ORD-104798,30-05-2024,FY2024,Q2,May,West,Office Supplies,Paper Pack,Consumer,Neha,14,244856.83,129629.26,115227.57,47158.7,68068.87,263756.43,-18899.6,27.8,7.58,INR
ORD-102336,30-05-2024,FY2024,Q2,May,Central,Healthcare,First Aid Box,Consumer,Rohit,15,165006.95,124847.09,40159.87,16420.33,23739.54,167481.13,-2474.18,14.39,-5.31,INR
ORD-100708,30-05-2024,FY2024,Q2,May,North,Consumer Goods,Calculator,Small Business,Rohit,3,131691.54,101768.44,29923.09,26400.32,3522.78,145711.35,-14019.81,2.68,-2.77,INR
ORD-102884,30-05-2024,FY2024,Q2,May,North,Healthcare,Medical Kit,Corporate,Priya,2,90158.27,59246.76,30911.5,7638.94,23272.56,92182.41,-2024.14,25.81,-1.01,INR
ORD-101432,30-05-2024,FY2024,Q2,May,South,Technology,Printer,Corporate,Neha,12,435467.33,276956.88,158510.46,85584.2,72926.25,406314.72,29152.61,16.75,12.34,INR
ORD-100365,30-05-2024,FY2024,Q2,May,South,Office Supplies,File Folder,Small Business,Vikas,12,198867.56,130708.37,68159.19,26768.62,41390.56,191475.75,7391.8,20.81,-1.72,INR
ORD-101290,30-05-2024,FY2024,Q2,May,East,Office Supplies,File Folder,Corporate,Sneha,5,113868.8,63315.23,50553.57,9243.44,41310.14,105010.16,8858.64,36.28,7.83,INR
ORD-102061,30-05-2024,FY2024,Q2,May,West,Technology,Tablet,Small Business,Sneha,10,275709.02,190339.35,85369.66,38941.93,46427.74,263974.02,11735,16.84,15.55,INR
ORD-103170,31-05-2024,FY2024,Q2,May,North,Office Supplies,Pen Set,Corporate,Neha,13,64706.93,34926.19,29780.75,12812.95,16967.8,71754.05,-7047.12,26.22,1.05,INR
ORD-102622,31-05-2024,FY2024,Q2,May,West,Technology,Tablet,Small Business,Sneha,19,647962.6,450543.62,197418.99,55921,141497.99,705431.53,-57468.92,21.84,11.51,INR
ORD-100813,31-05-2024,FY2024,Q2,May,West,Furniture,Conference Table,Consumer,Vikas,1,45864.36,28520.31,17344.06,7839.95,9504.11,44678.88,1185.48,20.72,-4.46,INR
ORD-101702,31-05-2024,FY2024,Q2,May,East,Furniture,Office Chair,Consumer,Neha,3,98351.47,65612.52,32738.95,17765.63,14973.33,109866.59,-11515.12,15.22,-6.82,INR
ORD-101534,31-05-2024,FY2024,Q2,May,East,Technology,Printer,Small Business,Rohit,16,76894.03,56862.09,20031.94,6574.07,13457.87,76056.55,837.47,17.5,24.59,INR
ORD-103201,01-06-2024,FY2024,Q2,June,South,Technology,Smartphone,Corporate,Rohit,9,313430.75,226217.61,87213.14,25314.09,61899.05,283194.89,30235.86,19.75,17.05,INR
ORD-100549,01-06-2024,FY2024,Q2,June,East,Technology,Tablet,Consumer,Amit,7,201902.75,156214.01,45688.75,29297.91,16390.83,211760.03,-9857.28,8.12,1.93,INR
ORD-103483,01-06-2024,FY2024,Q2,June,Central,Office Supplies,Paper Pack,Consumer,Anjali,14,360828.71,218087.88,142740.83,43513.06,99227.77,366377.7,-5548.98,27.5,18.14,INR
ORD-104872,01-06-2024,FY2024,Q2,June,West,Furniture,Bookshelf,Small Business,Vikas,11,523585.54,343240.37,180345.17,64706.97,115638.2,476349.49,47236.05,22.09,-7.9,INR
ORD-100246,01-06-2024,FY2024,Q2,June,West,Technology,Tablet,Consumer,Anjali,13,424847.73,330263.66,94584.07,51918.46,42665.61,434920.78,-10073.05,10.04,-4.91,INR
ORD-103705,02-06-2024,FY2024,Q2,June,West,Technology,Laptop,Consumer,Neha,6,288404.73,176910.73,111494,40961.51,70532.48,286347.02,2057.71,24.46,22.96,INR
ORD-102857,02-06-2024,FY2024,Q2,June,North,Office Supplies,Pen Set,Consumer,Vikas,13,393353.49,243615.84,149737.66,60283.72,89453.94,424090.64,-30737.15,22.74,5.7,INR
ORD-101844,02-06-2024,FY2024,Q2,June,Central,Healthcare,Gloves,Consumer,Rahul,17,466657.38,305479.58,161177.8,64102.09,97075.71,442647.9,24009.48,20.8,1.2,INR
ORD-103158,02-06-2024,FY2024,Q2,June,Central,Furniture,Bookshelf,Consumer,Neha,3,44750.41,31083.13,13667.28,8692.15,4975.13,48278.95,-3528.54,11.12,2.46,INR
ORD-102621,03-06-2024,FY2024,Q2,June,West,Office Supplies,Stapler,Corporate,Priya,1,27582.83,20647.52,6935.31,2422.38,4512.93,25070.59,2512.24,16.36,2.89,INR
ORD-102489,03-06-2024,FY2024,Q2,June,North,Furniture,Cabinet,Corporate,Anjali,1,34574.12,22329.52,12244.6,6940.18,5304.42,36078.01,-1503.9,15.34,-3.06,INR
ORD-101316,03-06-2024,FY2024,Q2,June,West,Office Supplies,Notebook,Small Business,Anjali,3,36201.52,18974.15,17227.37,6070.73,11156.64,33632.16,2569.36,30.82,17.21,INR
ORD-102958,03-06-2024,FY2024,Q2,June,Central,Office Supplies,Pen Set,Small Business,Neha,5,61389.33,36174.2,25215.13,5693.94,19521.19,58745.12,2644.21,31.8,-2,INR
ORD-101933,03-06-2024,FY2024,Q2,June,Central,Furniture,Conference Table,Consumer,Amit,4,129718.32,68106.37,61611.95,24333.13,37278.82,128714.52,1003.8,28.74,18.18,INR
ORD-102929,03-06-2024,FY2024,Q2,June,East,Technology,Smartphone,Corporate,Anjali,12,546078.32,353463.9,192614.42,87205.48,105408.94,582506.77,-36428.46,19.3,18.13,INR
ORD-104234,03-06-2024,FY2024,Q2,June,Central,Technology,Monitor,Consumer,Amit,15,146413.01,112514.33,33898.68,30623.44,3275.25,147360.16,-947.14,2.24,7.21,INR
ORD-104626,03-06-2024,FY2024,Q2,June,East,Healthcare,Thermometer,Small Business,Amit,18,234125.58,168049.12,66076.47,37235.46,28841,249112.65,-14987.06,12.32,23.26,INR
ORD-101644,04-06-2024,FY2024,Q2,June,North,Consumer Goods,Headphones,Corporate,Priya,10,64387.78,40337.97,24049.8,10624.41,13425.4,69339.56,-4951.79,20.85,9.53,INR
ORD-101190,04-06-2024,FY2024,Q2,June,Central,Furniture,Desk,Corporate,Vikas,7,167996.58,94494.6,73501.99,29098.74,44403.25,172081.22,-4084.64,26.43,5.72,INR
ORD-100986,04-06-2024,FY2024,Q2,June,East,Office Supplies,Notebook,Consumer,Rohit,13,103521.46,72860.96,30660.51,12413.16,18247.35,105353.64,-1832.17,17.63,22.3,INR
ORD-103093,04-06-2024,FY2024,Q2,June,Central,Office Supplies,Notebook,Small Business,Anjali,18,664309.91,473870.84,190439.07,91492.06,98947.01,685620.24,-21310.33,14.89,0.02,INR
ORD-100077,04-06-2024,FY2024,Q2,June,North,Technology,Tablet,Consumer,Rahul,1,23974.95,16328.91,7646.05,3999.16,3646.89,23559.18,415.78,15.21,-1.96,INR
ORD-104817,04-06-2024,FY2024,Q2,June,South,Consumer Goods,Backpack,Corporate,Rahul,15,112199.66,70715.33,41484.33,11559.88,29924.45,102979.44,9220.22,26.67,1.41,INR
ORD-101331,04-06-2024,FY2024,Q2,June,Central,Consumer Goods,Travel Bag,Corporate,Amit,17,843321.26,511138.2,332183.06,154321.6,177861.46,922508.96,-79187.7,21.09,17.47,INR
ORD-101961,05-06-2024,FY2024,Q2,June,North,Technology,Tablet,Corporate,Sneha,9,108817.09,75640.53,33176.56,21079.41,12097.15,111003.16,-2186.07,11.12,17.07,INR
ORD-100359,05-06-2024,FY2024,Q2,June,Central,Consumer Goods,Travel Bag,Corporate,Neha,3,33640.89,24820.95,8819.94,3838.53,4981.41,30682.17,2958.72,14.81,11.3,INR
ORD-104353,05-06-2024,FY2024,Q2,June,North,Healthcare,Thermometer,Small Business,Amit,3,10661.18,6613.46,4047.72,1433.83,2613.88,10027.46,633.72,24.52,2,INR
ORD-102789,06-06-2024,FY2024,Q2,June,South,Furniture,Cabinet,Small Business,Sneha,14,276509.76,156597.65,119912.11,58276.08,61636.03,300822.19,-24312.43,22.29,14.99,INR
ORD-101960,06-06-2024,FY2024,Q2,June,Central,Technology,Monitor,Small Business,Anjali,17,777328.13,534535.93,242792.2,103910.68,138881.52,764423.56,12904.57,17.87,6.77,INR
ORD-104494,06-06-2024,FY2024,Q2,June,East,Office Supplies,Paper Pack,Consumer,Sneha,20,884137.78,570607.75,313530.03,193990.42,119539.61,905181.5,-21043.72,13.52,23.27,INR
ORD-104363,07-06-2024,FY2024,Q2,June,South,Office Supplies,Stapler,Corporate,Rahul,5,171901.65,110899.23,61002.42,23343.78,37658.64,181861.57,-9959.92,21.91,-3.98,INR
ORD-100639,07-06-2024,FY2024,Q2,June,West,Consumer Goods,Water Bottle,Consumer,Rahul,7,340293.73,178011.11,162282.62,51183.61,111099.01,311420.64,28873.1,32.65,-6.35,INR
ORD-101263,07-06-2024,FY2024,Q2,June,East,Office Supplies,Pen Set,Consumer,Amit,8,241433.15,131641.08,109792.07,34407.58,75384.49,240623.32,809.83,31.22,9.7,INR
ORD-101059,07-06-2024,FY2024,Q2,June,West,Furniture,Bookshelf,Consumer,Rahul,11,114648,84058.66,30589.33,10999.63,19589.7,111164.34,3483.66,17.09,-2,INR
ORD-103843,08-06-2024,FY2024,Q2,June,Central,Consumer Goods,Water Bottle,Consumer,Rohit,16,782307.66,413827.41,368480.25,113140.57,255339.68,810786.24,-28478.58,32.64,21.7,INR
ORD-100124,08-06-2024,FY2024,Q2,June,West,Furniture,Cabinet,Corporate,Priya,4,169449.96,117618.83,51831.13,19613.73,32217.4,160716.79,8733.17,19.01,-3.26,INR
ORD-103148,08-06-2024,FY2024,Q2,June,West,Furniture,Conference Table,Small Business,Sneha,15,232627.09,148821.87,83805.22,28669.68,55135.54,242022.81,-9395.72,23.7,3.03,INR
ORD-104809,08-06-2024,FY2024,Q2,June,East,Office Supplies,Notebook,Consumer,Rahul,14,105496.78,59425.02,46071.75,15810.69,30261.06,99850.81,5645.96,28.68,13.87,INR
ORD-100277,08-06-2024,FY2024,Q2,June,South,Technology,Monitor,Consumer,Anjali,18,425360.06,328062.17,97297.88,67074.18,30223.7,475746.71,-50386.65,7.11,-3.38,INR
ORD-100985,09-06-2024,FY2024,Q2,June,East,Healthcare,BP Monitor,Consumer,Sneha,18,28116.77,18495.39,9621.38,4394.55,5226.83,30099.13,-1982.36,18.59,-7.1,INR
ORD-100669,09-06-2024,FY2024,Q2,June,Central,Furniture,Cabinet,Small Business,Vikas,2,22054.97,15142.38,6912.59,2113.39,4799.21,20376.64,1678.33,21.76,22.5,INR
ORD-102062,09-06-2024,FY2024,Q2,June,Central,Technology,Tablet,Consumer,Neha,18,720770.53,501696.58,219073.95,125502.07,93571.88,797164.99,-76394.46,12.98,16.88,INR
ORD-100663,09-06-2024,FY2024,Q2,June,South,Technology,Tablet,Consumer,Neha,11,78684.14,45954.49,32729.64,8180.96,24548.68,75404.59,3279.54,31.2,22.2,INR
ORD-104080,09-06-2024,FY2024,Q2,June,South,Furniture,Bookshelf,Consumer,Rohit,13,185382.21,102112.54,83269.66,23274.55,59995.12,199997.35,-14615.14,32.36,8.92,INR
ORD-101457,09-06-2024,FY2024,Q2,June,East,Furniture,Desk,Corporate,Sneha,9,115190.98,77413.51,37777.47,9535.79,28241.68,124257.78,-9066.8,24.52,0.12,INR
ORD-101327,10-06-2024,FY2024,Q2,June,Central,Office Supplies,Pen Set,Corporate,Neha,18,466840.12,269565.67,197274.45,96471.04,100803.41,509906.27,-43066.15,21.59,19.85,INR
ORD-104362,10-06-2024,FY2024,Q2,June,North,Office Supplies,Notebook,Corporate,Rahul,4,46436.52,24571.18,21865.34,8071.48,13793.86,42297.46,4139.06,29.7,4.7,INR
ORD-102421,10-06-2024,FY2024,Q2,June,South,Consumer Goods,Calculator,Corporate,Priya,19,821196.68,588227.28,232969.4,177956.76,55012.64,740699.08,80497.6,6.7,-7.58,INR
ORD-104428,11-06-2024,FY2024,Q2,June,East,Office Supplies,Stapler,Consumer,Priya,15,168154.37,122956.68,45197.69,35325.1,9872.59,154201.02,13953.35,5.87,-7.06,INR
ORD-104550,11-06-2024,FY2024,Q2,June,North,Furniture,Desk,Corporate,Rohit,2,24312.6,13787.56,10525.04,2541.73,7983.31,25871.78,-1559.19,32.84,16.51,INR
ORD-103542,11-06-2024,FY2024,Q2,June,Central,Technology,Monitor,Corporate,Rohit,14,79356.97,44908.91,34448.06,15537.48,18910.58,76296.54,3060.43,23.83,15.84,INR
ORD-104774,11-06-2024,FY2024,Q2,June,East,Technology,Tablet,Corporate,Rahul,13,643631.15,386876.68,256754.47,65297.93,191456.54,671928.1,-28296.95,29.75,1.18,INR
ORD-104710,11-06-2024,FY2024,Q2,June,Central,Healthcare,First Aid Box,Corporate,Rahul,1,25548.22,14978.23,10569.99,4399.87,6170.11,24018.41,1529.81,24.15,20.87,INR
ORD-104049,12-06-2024,FY2024,Q2,June,North,Office Supplies,File Folder,Corporate,Vikas,9,70945.79,41540.53,29405.26,12380,17025.26,71308.18,-362.39,24,4.53,INR
ORD-102186,12-06-2024,FY2024,Q2,June,East,Furniture,Cabinet,Corporate,Neha,17,200843.4,127673.64,73169.76,16763.99,56405.77,185801.22,15042.18,28.08,19.81,INR
ORD-103452,12-06-2024,FY2024,Q2,June,South,Consumer Goods,Backpack,Consumer,Vikas,14,435892.32,256822.11,179070.2,53623.3,125446.9,448845.16,-12952.84,28.78,4.25,INR
ORD-103998,13-06-2024,FY2024,Q2,June,East,Technology,Smartphone,Corporate,Sneha,5,135464.9,97245.53,38219.36,22738.52,15480.85,144329.98,-8865.08,11.43,-4.15,INR
ORD-104977,13-06-2024,FY2024,Q2,June,South,Technology,Tablet,Small Business,Anjali,6,221563.32,168735.02,52828.29,23362.11,29466.19,217257.64,4305.68,13.3,9.24,INR
ORD-103779,13-06-2024,FY2024,Q2,June,North,Office Supplies,File Folder,Corporate,Anjali,15,740060.05,520499.7,219560.35,69247.06,150313.29,777420.09,-37360.05,20.31,0.7,INR
ORD-101448,13-06-2024,FY2024,Q2,June,East,Technology,Smartphone,Small Business,Vikas,8,314477.16,190006.05,124471.11,47796.12,76675,301492.2,12984.96,24.38,11.2,INR
ORD-101656,14-06-2024,FY2024,Q2,June,East,Furniture,Cabinet,Small Business,Sneha,19,478566.17,290876.43,187689.74,43381.15,144308.59,476038.1,2528.08,30.15,11.29,INR
ORD-104321,14-06-2024,FY2024,Q2,June,North,Healthcare,BP Monitor,Consumer,Priya,9,13687.01,8982.41,4704.61,2073.06,2631.54,13754.26,-67.25,19.23,9.2,INR
ORD-102209,15-06-2024,FY2024,Q2,June,South,Consumer Goods,Water Bottle,Corporate,Priya,12,457872.76,350811.91,107060.85,65027.3,42033.55,496240.59,-38367.83,9.18,-7.97,INR
ORD-100739,15-06-2024,FY2024,Q2,June,South,Consumer Goods,Headphones,Corporate,Vikas,10,116282.18,85155.45,31126.72,10694.82,20431.91,128598.08,-12315.9,17.57,-1.1,INR
ORD-103498,15-06-2024,FY2024,Q2,June,Central,Consumer Goods,Backpack,Consumer,Anjali,18,198071.29,109020.36,89050.93,21129.73,67921.2,185844.2,12227.09,34.29,5.49,INR
ORD-101434,15-06-2024,FY2024,Q2,June,West,Technology,Smartphone,Consumer,Rohit,16,198813.07,127313.84,71499.23,35795.92,35703.32,203381.34,-4568.27,17.96,8.8,INR
ORD-103683,15-06-2024,FY2024,Q2,June,Central,Consumer Goods,Backpack,Small Business,Rahul,16,664531.52,416746.82,247784.7,100139.97,147644.73,606479.81,58051.71,22.22,12.54,INR
ORD-102792,16-06-2024,FY2024,Q2,June,North,Office Supplies,Paper Pack,Small Business,Priya,8,22529.57,12641.21,9888.36,2028.49,7859.87,21266.34,1263.23,34.89,20.65,INR
ORD-102428,16-06-2024,FY2024,Q2,June,South,Technology,Laptop,Consumer,Priya,11,308871.67,213337.72,95533.96,59072.53,36461.42,278490.31,30381.36,11.8,3.13,INR
ORD-104743,16-06-2024,FY2024,Q2,June,North,Technology,Laptop,Consumer,Anjali,15,658970.26,468930.53,190039.74,97966.16,92073.57,684233.36,-25263.1,13.97,16.58,INR
ORD-102339,16-06-2024,FY2024,Q2,June,West,Technology,Smartphone,Consumer,Sneha,13,446364.63,266524.18,179840.45,96055.04,83785.41,433324.7,13039.93,18.77,10.78,INR
ORD-100635,17-06-2024,FY2024,Q2,June,North,Office Supplies,Stapler,Corporate,Amit,1,20882.98,12370.99,8511.98,2481.08,6030.91,20814.52,68.45,28.88,20.41,INR
ORD-104271,17-06-2024,FY2024,Q2,June,South,Consumer Goods,Headphones,Small Business,Amit,17,188162.92,112832.93,75329.99,28370.12,46959.88,210200.35,-22037.43,24.96,6.41,INR
ORD-101993,17-06-2024,FY2024,Q2,June,West,Consumer Goods,Headphones,Consumer,Anjali,12,178936.31,102588.1,76348.2,30179.78,46168.42,170874.56,8061.74,25.8,-5.02,INR
ORD-103482,17-06-2024,FY2024,Q2,June,South,Healthcare,Gloves,Consumer,Anjali,7,323415.43,172393.58,151021.84,58666.91,92354.93,331395.31,-7979.89,28.56,10.38,INR
ORD-103585,17-06-2024,FY2024,Q2,June,South,Office Supplies,File Folder,Consumer,Sneha,16,539417.93,354258.79,185159.13,91338.4,93820.73,497732.05,41685.87,17.39,3.4,INR
ORD-101231,18-06-2024,FY2024,Q2,June,Central,Technology,Smartphone,Small Business,Vikas,11,473422.39,253357.71,220064.68,73777,146287.69,470388.05,3034.34,30.9,4.99,INR
ORD-102046,19-06-2024,FY2024,Q2,June,South,Consumer Goods,Travel Bag,Consumer,Vikas,1,41736.69,29057.57,12679.12,6442.69,6236.43,41860.39,-123.7,14.94,21.67,INR
ORD-102069,19-06-2024,FY2024,Q2,June,South,Healthcare,Gloves,Consumer,Sneha,17,136930.83,90012.25,46918.58,29084.25,17834.33,138079.44,-1148.61,13.02,10.04,INR
ORD-103048,19-06-2024,FY2024,Q2,June,South,Technology,Smartphone,Consumer,Rahul,6,70927.94,38730.07,32197.87,5913.12,26284.75,67428.93,3499.01,37.06,2.26,INR
ORD-103076,20-06-2024,FY2024,Q2,June,West,Consumer Goods,Headphones,Small Business,Amit,15,664694.39,495168.73,169525.66,67241.81,102283.85,637984.63,26709.76,15.39,11.68,INR
ORD-100874,20-06-2024,FY2024,Q2,June,Central,Technology,Printer,Corporate,Amit,12,406980.07,301909.03,105071.04,84758.81,20312.23,411841.07,-4861,4.99,-3.52,INR
ORD-103634,20-06-2024,FY2024,Q2,June,East,Furniture,Bookshelf,Small Business,Vikas,12,208543.47,158984.43,49559.04,44316.54,5242.5,228129.07,-19585.61,2.51,0.74,INR
ORD-100687,20-06-2024,FY2024,Q2,June,South,Consumer Goods,Travel Bag,Small Business,Rahul,2,56271.68,29519.62,26752.05,12168.99,14583.06,53794.71,2476.97,25.92,-6.48,INR
ORD-103953,20-06-2024,FY2024,Q2,June,West,Technology,Printer,Small Business,Vikas,20,995823.08,695215.67,300607.41,102156.09,198451.32,1091761.85,-95938.77,19.93,5.59,INR
ORD-101801,20-06-2024,FY2024,Q2,June,North,Office Supplies,Paper Pack,Consumer,Amit,19,808635.94,578205.33,230430.61,155416.12,75014.48,848026.15,-39390.21,9.28,13.37,INR
ORD-104500,21-06-2024,FY2024,Q2,June,South,Technology,Printer,Corporate,Vikas,15,404575.43,253455.1,151120.33,86376.2,64744.13,409908.74,-5333.31,16,22.06,INR
ORD-104684,21-06-2024,FY2024,Q2,June,North,Furniture,Conference Table,Corporate,Rahul,14,389798.65,272147.01,117651.64,78917.89,38733.75,420267.08,-30468.43,9.94,-1.84,INR
ORD-100274,21-06-2024,FY2024,Q2,June,West,Consumer Goods,Water Bottle,Corporate,Neha,5,231764.21,126099.54,105664.67,46697.46,58967.21,219635.96,12128.25,25.44,21.98,INR
ORD-103648,23-06-2024,FY2024,Q2,June,South,Consumer Goods,Calculator,Corporate,Vikas,2,62038.12,33714.32,28323.8,5371.64,22952.16,64623.14,-2585.02,37,11.28,INR
ORD-102819,23-06-2024,FY2024,Q2,June,South,Technology,Printer,Corporate,Vikas,8,52882.24,27719.2,25163.04,4599.81,20563.23,52038.47,843.78,38.88,0.3,INR
ORD-104711,23-06-2024,FY2024,Q2,June,Central,Technology,Printer,Consumer,Rohit,7,334947.57,238974.75,95972.81,33701.61,62271.2,318337.73,16609.84,18.59,-0.27,INR
ORD-101928,23-06-2024,FY2024,Q2,June,East,Office Supplies,File Folder,Corporate,Anjali,6,276123.24,170763.23,105360.01,28042.71,77317.3,298233.79,-22110.55,28,12.29,INR
ORD-102890,23-06-2024,FY2024,Q2,June,Central,Office Supplies,Stapler,Consumer,Rahul,11,17957.04,12402.65,5554.4,2770.48,2783.91,17762.37,194.67,15.5,4.49,INR
ORD-102797,23-06-2024,FY2024,Q2,June,South,Furniture,Bookshelf,Consumer,Amit,3,57729.74,42146.63,15583.11,10307.05,5276.06,53123.89,4605.85,9.14,0.79,INR
ORD-102433,23-06-2024,FY2024,Q2,June,South,Healthcare,First Aid Box,Corporate,Anjali,9,17704.65,10811.44,6893.21,1509.65,5383.56,17712.61,-7.96,30.41,16.1,INR
ORD-100510,23-06-2024,FY2024,Q2,June,South,Technology,Laptop,Small Business,Anjali,20,593092.03,400506.42,192585.61,83821.81,108763.8,587968.97,5123.05,18.34,1.6,INR
ORD-103455,24-06-2024,FY2024,Q2,June,North,Furniture,Bookshelf,Corporate,Priya,18,237979.48,169100.91,68878.57,39196.42,29682.15,254729.35,-16749.87,12.47,-2.15,INR
ORD-100122,24-06-2024,FY2024,Q2,June,East,Technology,Smartphone,Consumer,Sneha,2,65469.19,45328.45,20140.74,10444.69,9696.05,70891.71,-5422.51,14.81,23.88,INR
ORD-102841,24-06-2024,FY2024,Q2,June,South,Consumer Goods,Travel Bag,Corporate,Rohit,16,326273.05,231926.9,94346.15,67880,26466.15,342672.11,-16399.07,8.11,-0.66,INR
ORD-101996,24-06-2024,FY2024,Q2,June,West,Healthcare,Thermometer,Consumer,Rohit,15,334777.41,206412.42,128364.98,28187.82,100177.17,331813.02,2964.39,29.92,9.61,INR
ORD-103475,25-06-2024,FY2024,Q2,June,Central,Office Supplies,File Folder,Consumer,Sneha,6,26670.88,17448.17,9222.7,3759.3,5463.41,24148.8,2522.08,20.48,-0.64,INR
ORD-102572,25-06-2024,FY2024,Q2,June,Central,Office Supplies,File Folder,Consumer,Neha,20,935680.47,609673.18,326007.29,112690.59,213316.7,1023893.75,-88213.29,22.8,12.76,INR
ORD-104558,25-06-2024,FY2024,Q2,June,North,Technology,Printer,Small Business,Vikas,2,9559.18,6064.35,3494.83,837.34,2657.48,10626.4,-1067.22,27.8,6.06,INR
ORD-104790,25-06-2024,FY2024,Q2,June,South,Technology,Printer,Consumer,Vikas,4,25964.02,19569.05,6394.97,4617.8,1777.18,23615.9,2348.12,6.84,16.26,INR
ORD-100602,25-06-2024,FY2024,Q2,June,West,Furniture,Desk,Consumer,Amit,9,323190,205071.68,118118.32,40488.45,77629.87,322267.95,922.05,24.02,19.89,INR
ORD-102078,25-06-2024,FY2024,Q2,June,Central,Healthcare,First Aid Box,Corporate,Rahul,7,59558.76,45170.19,14388.57,10903.62,3484.95,54375.52,5183.24,5.85,0.64,INR
ORD-102686,25-06-2024,FY2024,Q2,June,North,Technology,Monitor,Consumer,Neha,17,466810.34,332527.73,134282.61,38270.64,96011.97,433177.45,33632.89,20.57,-0.1,INR
ORD-100715,26-06-2024,FY2024,Q2,June,South,Office Supplies,Notebook,Consumer,Amit,7,341773.2,195849.17,145924.03,67434.24,78489.8,362121.7,-20348.5,22.97,-1.23,INR
ORD-101805,26-06-2024,FY2024,Q2,June,North,Healthcare,Thermometer,Consumer,Priya,7,143984.35,90970.36,53013.98,19066.1,33947.88,133431.2,10553.14,23.58,4.69,INR
ORD-104034,26-06-2024,FY2024,Q2,June,South,Office Supplies,Paper Pack,Consumer,Neha,8,351154.43,191561.85,159592.58,65971.86,93620.73,362358.46,-11204.02,26.66,-3.23,INR
ORD-102735,27-06-2024,FY2024,Q2,June,South,Healthcare,Gloves,Small Business,Sneha,13,89740.82,67210.36,22530.46,18456.9,4073.57,81366.51,8374.31,4.54,1.92,INR
ORD-103362,27-06-2024,FY2024,Q2,June,East,Consumer Goods,Headphones,Consumer,Amit,3,11879.56,8638.48,3241.09,2414.69,826.4,12270.66,-391.1,6.96,5.99,INR
ORD-102274,27-06-2024,FY2024,Q2,June,East,Office Supplies,Paper Pack,Corporate,Neha,17,564803.42,344019.03,220784.39,61396.63,159387.76,587989.92,-23186.5,28.22,23.99,INR
ORD-102305,29-06-2024,FY2024,Q2,June,North,Technology,Laptop,Consumer,Anjali,13,64501.79,37777.81,26723.97,7418.32,19305.65,62454.61,2047.17,29.93,16.62,INR
ORD-104935,29-06-2024,FY2024,Q2,June,East,Office Supplies,Notebook,Corporate,Priya,2,87418.34,55142.1,32276.24,14863.64,17412.6,95258.45,-7840.11,19.92,-3.48,INR
ORD-100642,29-06-2024,FY2024,Q2,June,South,Consumer Goods,Headphones,Small Business,Vikas,4,67084.5,35994.49,31090.01,10437.15,20652.86,73233.67,-6149.17,30.79,12.48,INR
ORD-102987,29-06-2024,FY2024,Q2,June,North,Technology,Laptop,Corporate,Neha,5,24337.74,14267.34,10070.4,4271.1,5799.3,26546.67,-2208.92,23.83,22.03,INR
ORD-100613,29-06-2024,FY2024,Q2,June,Central,Healthcare,Gloves,Consumer,Rohit,15,11469.65,8455.35,3014.3,1769.85,1244.45,11248.98,220.67,10.85,23.99,INR
ORD-101117,29-06-2024,FY2024,Q2,June,South,Technology,Tablet,Consumer,Anjali,19,304644.13,202555.21,102088.92,43944.76,58144.15,302810.28,1833.85,19.09,22.75,INR
ORD-101877,29-06-2024,FY2024,Q2,June,South,Healthcare,Thermometer,Small Business,Rahul,10,100083.06,52605.64,47477.42,15401.53,32075.89,92496.78,7586.27,32.05,17.93,INR
ORD-104870,29-06-2024,FY2024,Q2,June,North,Furniture,Cabinet,Corporate,Anjali,9,258117.13,140110.23,118006.89,21520.35,96486.55,259978.81,-1861.68,37.38,-1.91,INR
ORD-102698,30-06-2024,FY2024,Q2,June,East,Healthcare,First Aid Box,Corporate,Vikas,9,49256.54,36707.76,12548.78,8898.11,3650.67,49279.29,-22.75,7.41,17.2,INR
ORD-102114,30-06-2024,FY2024,Q2,June,West,Office Supplies,Pen Set,Consumer,Neha,17,74247.27,56904.11,17343.16,7746.86,9596.3,67421.14,6826.13,12.92,15.11,INR
ORD-103375,30-06-2024,FY2024,Q2,June,South,Technology,Printer,Consumer,Rohit,13,436694.46,312895.4,123799.06,49544.65,74254.41,404412.45,32282.01,17,-2.31,INR
ORD-100240,30-06-2024,FY2024,Q2,June,West,Consumer Goods,Calculator,Consumer,Rahul,6,84664.78,58239.44,26425.34,6975.46,19449.88,92027.13,-7362.35,22.97,-4.51,INR
ORD-104871,01-07-2024,FY2024,Q3,July,North,Technology,Monitor,Small Business,Anjali,14,265359.72,172010.3,93349.42,25621.09,67728.33,248348.83,17010.89,25.52,19.01,INR
ORD-100718,01-07-2024,FY2024,Q3,July,North,Consumer Goods,Travel Bag,Consumer,Anjali,1,1438.84,967.15,471.68,200.69,270.99,1511.68,-72.84,18.83,17.66,INR
ORD-102133,01-07-2024,FY2024,Q3,July,South,Office Supplies,Stapler,Consumer,Anjali,12,422844.84,298618.18,124226.65,89883.47,34343.18,466134.65,-43289.81,8.12,14.64,INR
ORD-104823,02-07-2024,FY2024,Q3,July,Central,Technology,Monitor,Consumer,Rohit,11,9380.93,5451.67,3929.26,989.29,2939.97,8808.44,572.49,31.34,22.4,INR
ORD-104013,02-07-2024,FY2024,Q3,July,West,Consumer Goods,Water Bottle,Small Business,Priya,8,235538.38,147959.45,87578.92,49062.87,38516.05,218834.47,16703.91,16.35,2.07,INR
ORD-103312,02-07-2024,FY2024,Q3,July,West,Consumer Goods,Water Bottle,Consumer,Amit,17,306871.54,185632.51,121239.02,45358.11,75880.91,334257,-27385.46,24.73,-1.13,INR
ORD-101415,02-07-2024,FY2024,Q3,July,North,Office Supplies,Paper Pack,Consumer,Vikas,2,62393.58,47310.02,15083.56,11652.65,3430.91,60813.08,1580.5,5.5,11.23,INR
ORD-102352,03-07-2024,FY2024,Q3,July,East,Consumer Goods,Calculator,Consumer,Amit,14,695848.26,534353.41,161494.85,78370.04,83124.82,716637.08,-20788.82,11.95,18.16,INR
ORD-104942,03-07-2024,FY2024,Q3,July,North,Furniture,Desk,Corporate,Amit,10,185682.02,105870.3,79811.72,27945.23,51866.49,167929.54,17752.47,27.93,10.26,INR
ORD-100806,03-07-2024,FY2024,Q3,July,South,Technology,Monitor,Consumer,Anjali,17,237967.83,177154.92,60812.9,21198.47,39614.43,266312.74,-28344.91,16.65,-6.08,INR
ORD-100832,03-07-2024,FY2024,Q3,July,North,Consumer Goods,Backpack,Consumer,Rahul,8,131701.59,95218.77,36482.81,27519.46,8963.35,127243.4,4458.19,6.81,23.47,INR
ORD-104756,03-07-2024,FY2024,Q3,July,East,Technology,Laptop,Small Business,Priya,12,128337.01,96400.94,31936.07,25934.5,6001.56,124865.75,3471.26,4.68,-2.54,INR
ORD-104786,04-07-2024,FY2024,Q3,July,West,Office Supplies,Paper Pack,Consumer,Priya,5,175928.59,94293.2,81635.39,18395.75,63239.65,171244.07,4684.52,35.95,12.72,INR
ORD-102343,04-07-2024,FY2024,Q3,July,South,Technology,Laptop,Consumer,Neha,9,60580.98,45911.31,14669.67,8576.43,6093.24,59777.34,803.65,10.06,17.31,INR
ORD-100356,04-07-2024,FY2024,Q3,July,Central,Furniture,Desk,Consumer,Rahul,17,288023.82,201797.63,86226.19,44758.21,41467.98,308037.23,-20013.41,14.4,20.44,INR
ORD-100177,04-07-2024,FY2024,Q3,July,West,Technology,Tablet,Consumer,Sneha,11,168996.93,105036.1,63960.82,13855.02,50105.8,164080.99,4915.93,29.65,3.16,INR
ORD-104038,05-07-2024,FY2024,Q3,July,East,Technology,Monitor,Corporate,Anjali,14,597975.28,427423.92,170551.36,84280.97,86270.39,597689.69,285.59,14.43,20.91,INR
ORD-100987,05-07-2024,FY2024,Q3,July,West,Furniture,Cabinet,Small Business,Rahul,8,285113.05,172232.05,112881,47668.2,65212.8,297570.74,-12457.69,22.87,-0.79,INR
ORD-103026,05-07-2024,FY2024,Q3,July,West,Furniture,Office Chair,Consumer,Neha,7,168148.47,113727.16,54421.32,16183.89,38237.42,184841.99,-16693.52,22.74,2.71,INR
ORD-101384,06-07-2024,FY2024,Q3,July,East,Technology,Smartphone,Corporate,Sneha,19,936408.83,591161.03,345247.8,177161.52,168086.28,1012300.75,-75891.92,17.95,18.61,INR
ORD-101464,06-07-2024,FY2024,Q3,July,Central,Healthcare,BP Monitor,Small Business,Neha,8,251027.44,194834.05,56193.39,27678.49,28514.9,231195,19832.44,11.36,2.32,INR
ORD-102471,06-07-2024,FY2024,Q3,July,West,Technology,Tablet,Small Business,Vikas,19,374557.23,234840.33,139716.9,43106.51,96610.39,396427.2,-21869.98,25.79,6.2,INR
ORD-103036,06-07-2024,FY2024,Q3,July,East,Furniture,Bookshelf,Consumer,Priya,1,14400.22,9102.42,5297.8,2070.44,3227.36,15812.07,-1411.85,22.41,10.45,INR
ORD-103217,06-07-2024,FY2024,Q3,July,North,Technology,Smartphone,Corporate,Anjali,13,264646.4,167220.52,97425.88,24580.97,72844.91,266182.54,-1536.14,27.53,23.47,INR
ORD-101686,07-07-2024,FY2024,Q3,July,West,Office Supplies,Notebook,Consumer,Rohit,15,443075.34,293604.82,149470.53,77859.94,71610.59,469257.37,-26182.03,16.16,2.06,INR
ORD-100800,07-07-2024,FY2024,Q3,July,North,Furniture,Bookshelf,Consumer,Neha,11,389250.93,234488.05,154762.88,74876.59,79886.29,425865.14,-36614.21,20.52,1.49,INR
ORD-104341,07-07-2024,FY2024,Q3,July,Central,Technology,Tablet,Consumer,Neha,20,987421.77,657274.32,330147.45,163565.59,166581.86,1091377.83,-103956.06,16.87,8.18,INR
ORD-101881,07-07-2024,FY2024,Q3,July,West,Technology,Printer,Consumer,Priya,1,31227.51,17573.28,13654.23,2745.23,10909.01,28862.81,2364.7,34.93,3.48,INR
ORD-102250,07-07-2024,FY2024,Q3,July,West,Technology,Printer,Corporate,Rohit,14,439393.34,321842.92,117550.43,80050.49,37499.94,445016.16,-5622.81,8.53,5.68,INR
ORD-101883,07-07-2024,FY2024,Q3,July,Central,Office Supplies,File Folder,Corporate,Amit,18,180332.77,138266.26,42066.51,19906.84,22159.67,201651.6,-21318.83,12.29,-7.76,INR
ORD-102459,08-07-2024,FY2024,Q3,July,East,Healthcare,BP Monitor,Consumer,Rohit,4,131542.38,90366.22,41176.16,19695.95,21480.21,141833.92,-10291.54,16.33,-3.62,INR
ORD-102861,08-07-2024,FY2024,Q3,July,East,Technology,Printer,Consumer,Neha,18,511515.79,348850.12,162665.67,60005.84,102659.83,532691.2,-21175.41,20.07,19.97,INR
ORD-104399,09-07-2024,FY2024,Q3,July,South,Office Supplies,Pen Set,Consumer,Rahul,9,65441.34,38510.83,26930.51,11348.85,15581.66,66916.97,-1475.63,23.81,12.97,INR
ORD-104084,09-07-2024,FY2024,Q3,July,South,Consumer Goods,Headphones,Small Business,Priya,13,509685.3,287890.95,221794.35,90971.79,130822.56,501389.67,8295.63,25.67,-6.54,INR
ORD-104632,10-07-2024,FY2024,Q3,July,Central,Office Supplies,Notebook,Corporate,Sneha,7,10898.78,6862.07,4036.71,1954.73,2081.98,10369.39,529.39,19.1,-3.61,INR
ORD-100127,10-07-2024,FY2024,Q3,July,West,Healthcare,Medical Kit,Small Business,Amit,6,215288.88,141024.99,74263.89,24162.29,50101.6,204130.86,11158.02,23.27,-1.64,INR
ORD-101220,10-07-2024,FY2024,Q3,July,North,Healthcare,BP Monitor,Small Business,Amit,14,447678.99,342343.22,105335.77,62761.21,42574.56,467043.87,-19364.88,9.51,8.05,INR
ORD-102565,10-07-2024,FY2024,Q3,July,South,Consumer Goods,Headphones,Corporate,Amit,14,42008.2,24421.27,17586.93,3635.45,13951.48,43371.8,-1363.6,33.21,2.42,INR
ORD-104688,10-07-2024,FY2024,Q3,July,West,Technology,Monitor,Consumer,Priya,6,56095.7,37683.95,18411.75,7228.54,11183.21,52709.49,3386.2,19.94,20.59,INR
ORD-103496,10-07-2024,FY2024,Q3,July,East,Technology,Printer,Corporate,Vikas,18,103972.24,79667.81,24304.43,18210.67,6093.76,98591.77,5380.46,5.86,9.58,INR
ORD-101227,10-07-2024,FY2024,Q3,July,Central,Technology,Laptop,Consumer,Rohit,5,210504.37,153132.37,57372,38801.23,18570.77,208076.4,2427.97,8.82,23.36,INR
ORD-102351,11-07-2024,FY2024,Q3,July,North,Technology,Printer,Small Business,Rahul,3,133791.43,100904.96,32886.47,22824.7,10061.77,123424.9,10366.53,7.52,8.84,INR
ORD-102832,11-07-2024,FY2024,Q3,July,South,Technology,Smartphone,Consumer,Rohit,12,434514.22,316370.04,118144.18,77397.56,40746.62,465563.53,-31049.31,9.38,-1.95,INR
ORD-102633,11-07-2024,FY2024,Q3,July,South,Office Supplies,Notebook,Small Business,Rahul,7,72105.29,55569.3,16535.99,11338.31,5197.68,65900.3,6204.99,7.21,3.61,INR
ORD-103182,12-07-2024,FY2024,Q3,July,Central,Office Supplies,Paper Pack,Consumer,Anjali,3,50133.82,37519.19,12614.63,5574.73,7039.91,51966.48,-1832.65,14.04,17.39,INR
ORD-102549,12-07-2024,FY2024,Q3,July,East,Office Supplies,Paper Pack,Consumer,Amit,14,9033.3,6168.96,2864.34,751.33,2113.01,8571.35,461.95,23.39,-6.48,INR
ORD-102420,12-07-2024,FY2024,Q3,July,South,Office Supplies,Stapler,Small Business,Priya,10,137209.44,73806.26,63403.18,11503.09,51900.09,140443.33,-3233.89,37.83,-4.14,INR
ORD-104928,12-07-2024,FY2024,Q3,July,West,Office Supplies,File Folder,Consumer,Rohit,9,74383.95,53155.38,21228.57,5982.8,15245.77,68277.45,6106.5,20.5,-0.81,INR
ORD-101638,12-07-2024,FY2024,Q3,July,South,Furniture,Office Chair,Corporate,Rohit,3,16751.2,8808.07,7943.13,3106.68,4836.45,15600.99,1150.21,28.87,-5.79,INR
ORD-104551,12-07-2024,FY2024,Q3,July,Central,Office Supplies,Notebook,Consumer,Priya,13,259952.91,153484.72,106468.2,51728.97,54739.23,273971.49,-14018.57,21.06,2.78,INR
ORD-102248,12-07-2024,FY2024,Q3,July,West,Furniture,Bookshelf,Corporate,Rahul,18,74561.11,54637.47,19923.63,15613.72,4309.91,70729.77,3831.34,5.78,21.94,INR
ORD-102907,12-07-2024,FY2024,Q3,July,South,Healthcare,First Aid Box,Corporate,Rahul,11,414403.6,249595.94,164807.66,40419.57,124388.09,387950.39,26453.21,30.02,-6.83,INR
ORD-100742,12-07-2024,FY2024,Q3,July,North,Office Supplies,Notebook,Corporate,Neha,10,351459.79,198466.12,152993.68,76809.57,76184.1,339873.39,11586.41,21.68,-5.01,INR
ORD-104318,12-07-2024,FY2024,Q3,July,East,Technology,Tablet,Consumer,Anjali,16,583131.89,387659.06,195472.82,101069.37,94403.46,652970.21,-69838.32,16.19,8.2,INR
ORD-100333,13-07-2024,FY2024,Q3,July,Central,Technology,Tablet,Consumer,Sneha,5,145679.04,91187.92,54491.12,18734.79,35756.33,146191.51,-512.48,24.54,-5.57,INR
ORD-103240,13-07-2024,FY2024,Q3,July,West,Healthcare,Gloves,Small Business,Rahul,7,68382.25,37755.91,30626.34,12478.69,18147.65,76496.11,-8113.86,26.54,-2.37,INR
ORD-102541,13-07-2024,FY2024,Q3,July,West,Technology,Tablet,Consumer,Priya,5,239911.38,129713.84,110197.54,31287.92,78909.62,222444.8,17466.58,32.89,18.52,INR
ORD-103480,13-07-2024,FY2024,Q3,July,East,Technology,Tablet,Corporate,Rahul,20,891453.93,693821.08,197632.85,124239.28,73393.57,842061.3,49392.63,8.23,11.21,INR
ORD-103438,13-07-2024,FY2024,Q3,July,Central,Office Supplies,Stapler,Consumer,Anjali,15,344816.85,213424.45,131392.4,33897.66,97494.73,378396.1,-33579.25,28.27,8.52,INR
ORD-103227,13-07-2024,FY2024,Q3,July,North,Healthcare,BP Monitor,Corporate,Amit,5,225853.9,170840.12,55013.78,32699.48,22314.3,241693.37,-15839.47,9.88,23.69,INR
ORD-102938,13-07-2024,FY2024,Q3,July,South,Furniture,Desk,Corporate,Anjali,9,333485.45,184388.56,149096.89,56885.14,92211.75,327257.19,6228.26,27.65,1.65,INR
ORD-103121,14-07-2024,FY2024,Q3,July,West,Technology,Smartphone,Corporate,Priya,7,300336.88,212039.62,88297.26,52635.69,35661.56,285381.04,14955.84,11.87,11.87,INR
ORD-100903,14-07-2024,FY2024,Q3,July,South,Furniture,Conference Table,Corporate,Sneha,2,77282.72,48405.28,28877.44,13387.53,15489.91,72656.58,4626.14,20.04,9.32,INR
ORD-101768,14-07-2024,FY2024,Q3,July,South,Consumer Goods,Backpack,Consumer,Vikas,16,185664.54,102659.05,83005.49,26470.06,56535.43,200697.81,-15033.27,30.45,6.76,INR
ORD-101699,14-07-2024,FY2024,Q3,July,West,Office Supplies,Pen Set,Corporate,Amit,8,17003.33,11613.83,5389.5,2195.72,3193.77,16292.66,710.67,18.78,9.94,INR
ORD-102204,14-07-2024,FY2024,Q3,July,South,Consumer Goods,Headphones,Corporate,Amit,19,468307.38,356895.13,111412.26,91946.91,19465.35,432064.85,36242.53,4.16,-3.75,INR
ORD-103514,14-07-2024,FY2024,Q3,July,North,Consumer Goods,Calculator,Corporate,Rahul,19,685283.42,521267.54,164015.88,114653.32,49362.56,641268.26,44015.16,7.2,-4.6,INR
ORD-104923,15-07-2024,FY2024,Q3,July,Central,Technology,Laptop,Corporate,Neha,18,493445.84,266407.32,227038.53,78849.68,148188.85,477227.8,16218.04,30.03,6.78,INR
ORD-103104,16-07-2024,FY2024,Q3,July,South,Office Supplies,File Folder,Consumer,Neha,16,47966.14,36826.48,11139.67,5428.46,5711.21,45645.63,2320.51,11.91,6.38,INR
ORD-104691,16-07-2024,FY2024,Q3,July,East,Technology,Printer,Corporate,Rohit,5,26121.39,17167.17,8954.22,4508.12,4446.1,23621.92,2499.47,17.02,-7.98,INR
ORD-101929,16-07-2024,FY2024,Q3,July,East,Office Supplies,Notebook,Corporate,Priya,16,290678.56,162044.64,128633.92,36050.89,92583.03,280499.89,10178.67,31.85,14.18,INR
ORD-102112,16-07-2024,FY2024,Q3,July,West,Consumer Goods,Water Bottle,Consumer,Anjali,14,573108.95,304999.3,268109.65,121700.26,146409.39,578893.04,-5784.08,25.55,7.34,INR
ORD-102512,16-07-2024,FY2024,Q3,July,West,Healthcare,First Aid Box,Small Business,Rahul,8,20766.03,12013.83,8752.2,2781.15,5971.05,19392.11,1373.92,28.75,19.03,INR
ORD-100030,16-07-2024,FY2024,Q3,July,South,Technology,Tablet,Small Business,Anjali,9,409737.73,274586.98,135150.75,33114.01,102036.73,427941.5,-18203.77,24.9,10.45,INR
ORD-100228,16-07-2024,FY2024,Q3,July,North,Technology,Monitor,Consumer,Rahul,13,613991.35,385779.49,228211.86,65205.3,163006.56,686922.23,-72930.88,26.55,-1.42,INR
ORD-101158,17-07-2024,FY2024,Q3,July,West,Technology,Smartphone,Consumer,Priya,7,120327.68,76408.42,43919.25,20361.17,23558.08,108588.08,11739.6,19.58,-2.07,INR
ORD-100142,17-07-2024,FY2024,Q3,July,South,Office Supplies,Pen Set,Consumer,Rohit,12,187612.65,136548.88,51063.76,34586.09,16477.67,179696.73,7915.91,8.78,-6.66,INR
ORD-100116,17-07-2024,FY2024,Q3,July,South,Furniture,Conference Table,Corporate,Anjali,20,965157.86,525561.55,439596.31,81801.01,357795.3,1075729.96,-110572.1,37.07,13.27,INR
ORD-102905,17-07-2024,FY2024,Q3,July,East,Healthcare,Medical Kit,Consumer,Amit,8,226560.39,119643.05,106917.34,45014.28,61903.05,210084.83,16475.56,27.32,13.85,INR
ORD-103738,17-07-2024,FY2024,Q3,July,Central,Technology,Tablet,Corporate,Sneha,13,38790.04,29444.28,9345.76,6064.47,3281.29,41522.92,-2732.87,8.46,22.01,INR
ORD-103879,18-07-2024,FY2024,Q3,July,South,Healthcare,BP Monitor,Consumer,Rohit,17,176869.12,117155.46,59713.66,16371.13,43342.53,193976.96,-17107.83,24.51,18.94,INR
ORD-102829,18-07-2024,FY2024,Q3,July,North,Healthcare,Thermometer,Small Business,Anjali,9,411693.9,229245.84,182448.07,52776.86,129671.2,398571.28,13122.62,31.5,22.5,INR
ORD-100042,18-07-2024,FY2024,Q3,July,Central,Technology,Printer,Small Business,Sneha,16,349297.7,266527.39,82770.31,68361.6,14408.71,351917.61,-2619.9,4.13,-0.24,INR
ORD-104885,19-07-2024,FY2024,Q3,July,East,Technology,Printer,Small Business,Rohit,5,106005.72,60590.93,45414.8,22738.8,22675.99,118469.89,-12464.17,21.39,1.63,INR
ORD-103063,19-07-2024,FY2024,Q3,July,North,Furniture,Bookshelf,Small Business,Anjali,12,447093.25,273666.82,173426.43,51945.42,121481.01,493809.45,-46716.2,27.17,-1.85,INR
ORD-100262,19-07-2024,FY2024,Q3,July,Central,Office Supplies,Stapler,Consumer,Amit,14,538730.98,340094.45,198636.53,83895.29,114741.24,488035.48,50695.5,21.3,12.61,INR
ORD-102035,19-07-2024,FY2024,Q3,July,South,Consumer Goods,Travel Bag,Corporate,Rohit,12,169787.37,124622.59,45164.78,15408.04,29756.74,173112.6,-3325.23,17.53,15.89,INR
ORD-100052,19-07-2024,FY2024,Q3,July,North,Consumer Goods,Calculator,Corporate,Anjali,5,162442.72,85763.17,76679.55,17861.79,58817.77,172406.27,-9963.55,36.21,8.17,INR
ORD-104426,19-07-2024,FY2024,Q3,July,East,Technology,Smartphone,Consumer,Amit,6,255071.49,139953.63,115117.86,38714.64,76403.22,245844.97,9226.52,29.95,8.44,INR
ORD-100863,20-07-2024,FY2024,Q3,July,East,Technology,Laptop,Small Business,Anjali,12,486734.52,307685.95,179048.57,39177.75,139870.82,508724.65,-21990.13,28.74,0.02,INR
ORD-103363,20-07-2024,FY2024,Q3,July,South,Healthcare,Medical Kit,Consumer,Sneha,13,318735.36,199004.02,119731.34,44501.8,75229.54,341759.85,-23024.49,23.6,18.03,INR
ORD-102246,20-07-2024,FY2024,Q3,July,Central,Healthcare,Gloves,Consumer,Rahul,12,456679.56,307870.86,148808.7,47204.45,101604.25,435272.15,21407.41,22.25,16.21,INR
ORD-103314,21-07-2024,FY2024,Q3,July,South,Consumer Goods,Backpack,Consumer,Rohit,19,323821.16,218072.85,105748.31,64456.49,41291.81,355559.78,-31738.62,12.75,0.09,INR
ORD-103749,21-07-2024,FY2024,Q3,July,West,Furniture,Conference Table,Consumer,Sneha,16,729333.2,433161.58,296171.63,73757.57,222414.06,664672.85,64660.35,30.5,13.41,INR
ORD-104361,22-07-2024,FY2024,Q3,July,Central,Office Supplies,Notebook,Consumer,Neha,2,90555.73,61781.17,28774.57,10079.81,18694.76,82294.36,8261.37,20.64,21.23,INR
ORD-103171,22-07-2024,FY2024,Q3,July,West,Healthcare,First Aid Box,Small Business,Rahul,14,680147.4,452945.73,227201.67,62771.27,164430.4,628018.22,52129.18,24.18,21.05,INR
ORD-100436,22-07-2024,FY2024,Q3,July,South,Healthcare,BP Monitor,Corporate,Sneha,13,456928.13,291209.55,165718.58,43195.71,122522.87,421789.48,35138.65,26.81,18.98,INR
ORD-103196,22-07-2024,FY2024,Q3,July,East,Office Supplies,Notebook,Small Business,Neha,17,53245.32,28836.26,24409.06,5162.56,19246.5,51669.63,1575.69,36.15,-0.44,INR
ORD-104069,23-07-2024,FY2024,Q3,July,East,Furniture,Conference Table,Corporate,Amit,16,305819.49,169483.58,136335.91,35286.38,101049.53,310560.04,-4740.55,33.04,-2.28,INR
ORD-103731,23-07-2024,FY2024,Q3,July,Central,Technology,Tablet,Corporate,Vikas,4,54614.85,30652.72,23962.14,6601.79,17360.35,54686.69,-71.84,31.79,13.41,INR
ORD-101288,23-07-2024,FY2024,Q3,July,South,Technology,Monitor,Consumer,Amit,8,385337.16,244259.07,141078.09,67231.87,73846.22,412468.76,-27131.6,19.16,16.91,INR
ORD-100263,23-07-2024,FY2024,Q3,July,Central,Office Supplies,Paper Pack,Small Business,Rahul,6,72167,46321.73,25845.26,9748.21,16097.05,70708.25,1458.75,22.31,-4.82,INR
ORD-100296,23-07-2024,FY2024,Q3,July,West,Office Supplies,File Folder,Consumer,Neha,8,353387.25,203803.12,149584.13,29403.97,120180.16,336599.6,16787.65,34.01,2.03,INR
ORD-101306,23-07-2024,FY2024,Q3,July,East,Office Supplies,Paper Pack,Consumer,Vikas,13,621051.18,474372.17,146679.01,95856.95,50822.06,627455.11,-6403.94,8.18,-4.02,INR
ORD-103526,24-07-2024,FY2024,Q3,July,Central,Office Supplies,Paper Pack,Small Business,Vikas,2,82557.83,53641.51,28916.32,9008.79,19907.53,76903.95,5653.88,24.11,23.11,INR
ORD-102201,24-07-2024,FY2024,Q3,July,South,Office Supplies,Paper Pack,Small Business,Neha,16,355334.28,238540.55,116793.73,33084.53,83709.2,370964.21,-15629.93,23.56,20.72,INR
ORD-104076,24-07-2024,FY2024,Q3,July,East,Healthcare,BP Monitor,Consumer,Rahul,7,315047.54,186467.66,128579.89,32816.62,95763.27,334798.25,-19750.71,30.4,20.74,INR
ORD-101216,24-07-2024,FY2024,Q3,July,Central,Consumer Goods,Travel Bag,Consumer,Rahul,6,99855.12,55335.22,44519.9,17217.65,27302.25,91003.96,8851.16,27.34,-2.53,INR
ORD-103661,24-07-2024,FY2024,Q3,July,West,Consumer Goods,Calculator,Corporate,Rahul,17,603383.3,446948.9,156434.4,104599.03,51835.38,550239.48,53143.82,8.59,1.12,INR
ORD-101892,25-07-2024,FY2024,Q3,July,North,Office Supplies,Notebook,Corporate,Rahul,5,102960.45,80281.57,22678.88,10672.42,12006.46,94557.22,8403.23,11.66,13.18,INR
ORD-104131,25-07-2024,FY2024,Q3,July,South,Furniture,Desk,Consumer,Rahul,8,324820.67,252719.86,72100.81,70120.38,1980.43,336438.84,-11618.17,0.61,-1.2,INR
ORD-101253,25-07-2024,FY2024,Q3,July,Central,Office Supplies,Notebook,Corporate,Priya,18,512406.36,307096.17,205310.19,106097.67,99212.52,554073.24,-41666.88,19.36,5.71,INR
ORD-104827,25-07-2024,FY2024,Q3,July,West,Healthcare,Gloves,Small Business,Amit,6,60751.26,36074.74,24676.52,6017.48,18659.03,60173.09,578.18,30.71,11.12,INR
ORD-104009,26-07-2024,FY2024,Q3,July,North,Office Supplies,Notebook,Consumer,Vikas,15,434786.97,336033.7,98753.27,88883.74,9869.54,442773.7,-7986.73,2.27,15.52,INR
ORD-102442,26-07-2024,FY2024,Q3,July,North,Office Supplies,Stapler,Small Business,Rohit,19,472880.19,354065.97,118814.23,87045.03,31769.2,471276.93,1603.27,6.72,18.61,INR
ORD-103607,26-07-2024,FY2024,Q3,July,Central,Office Supplies,Paper Pack,Consumer,Vikas,18,351554.74,248715.11,102839.63,62069.31,40770.33,386407.07,-34852.33,11.6,24.98,INR
ORD-103640,26-07-2024,FY2024,Q3,July,East,Office Supplies,Stapler,Small Business,Anjali,3,116138.05,62732.97,53405.08,16227.81,37177.26,119099.5,-2961.45,32.01,23.94,INR
ORD-102180,26-07-2024,FY2024,Q3,July,Central,Furniture,Office Chair,Corporate,Rahul,18,591628.68,419827.26,171801.42,126488.86,45312.56,566452.39,25176.29,7.66,12.54,INR
ORD-103507,27-07-2024,FY2024,Q3,July,East,Consumer Goods,Water Bottle,Consumer,Anjali,6,231655.43,132224.71,99430.72,36482.99,62947.73,241591.9,-9936.47,27.17,3.97,INR
ORD-102525,27-07-2024,FY2024,Q3,July,West,Consumer Goods,Calculator,Small Business,Priya,18,307825.01,180382.19,127442.82,35071.33,92371.49,300142.2,7682.82,30.01,9.57,INR
ORD-100729,27-07-2024,FY2024,Q3,July,South,Furniture,Office Chair,Consumer,Rohit,10,497332.7,323674.62,173658.08,76531.27,97126.81,485413.43,11919.27,19.53,21.83,INR
ORD-100776,27-07-2024,FY2024,Q3,July,North,Office Supplies,File Folder,Consumer,Rahul,13,161598.07,113007.15,48590.92,22759.75,25831.17,167131.88,-5533.81,15.98,-5.31,INR
ORD-104223,28-07-2024,FY2024,Q3,July,Central,Technology,Smartphone,Consumer,Vikas,3,28374.51,14756.07,13618.44,2548.24,11070.19,25552.12,2822.38,39.01,13,INR
ORD-104087,28-07-2024,FY2024,Q3,July,East,Office Supplies,File Folder,Consumer,Vikas,12,188221.4,105970.27,82251.13,26807.83,55443.3,201356.39,-13134.99,29.46,-3.68,INR
ORD-101552,28-07-2024,FY2024,Q3,July,East,Office Supplies,Pen Set,Consumer,Rahul,9,313389.59,166994.56,146395.02,53641.74,92753.28,336751.33,-23361.74,29.6,0.74,INR
ORD-100293,28-07-2024,FY2024,Q3,July,Central,Healthcare,BP Monitor,Corporate,Neha,1,20087.79,12922.56,7165.23,2736.4,4428.82,21358.91,-1271.12,22.05,14.67,INR
ORD-103584,28-07-2024,FY2024,Q3,July,West,Healthcare,First Aid Box,Corporate,Sneha,10,499396.3,386722.49,112673.81,74300.58,38373.23,557622.02,-58225.72,7.68,4.49,INR
ORD-104905,28-07-2024,FY2024,Q3,July,West,Office Supplies,Stapler,Corporate,Sneha,4,122833.47,67045.07,55788.4,17120,38668.4,133185.67,-10352.21,31.48,-4.96,INR
ORD-102278,28-07-2024,FY2024,Q3,July,West,Furniture,Office Chair,Corporate,Priya,11,354435.36,197998.37,156436.99,57988.62,98448.37,342002.5,12432.86,27.78,4.77,INR
ORD-100872,28-07-2024,FY2024,Q3,July,Central,Consumer Goods,Travel Bag,Small Business,Vikas,15,128512.72,92141.51,36371.21,18704.83,17666.39,118071.73,10440.99,13.75,-7.61,INR
ORD-100787,28-07-2024,FY2024,Q3,July,West,Consumer Goods,Calculator,Consumer,Rohit,3,72584.02,50285.04,22298.98,11110.51,11188.47,74938.5,-2354.48,15.41,12.91,INR
ORD-101490,29-07-2024,FY2024,Q3,July,North,Consumer Goods,Water Bottle,Small Business,Anjali,6,197247.8,133837.16,63410.64,32147.27,31263.37,191011,6236.8,15.85,4.03,INR
ORD-104519,29-07-2024,FY2024,Q3,July,North,Furniture,Conference Table,Corporate,Neha,9,372422.16,212352.63,160069.53,38591.56,121477.97,391110.96,-18688.8,32.62,2.78,INR
ORD-102556,29-07-2024,FY2024,Q3,July,West,Consumer Goods,Water Bottle,Consumer,Vikas,2,81674.73,49323.57,32351.16,6583.63,25767.53,84450.46,-2775.73,31.55,12.26,INR
ORD-102766,30-07-2024,FY2024,Q3,July,East,Furniture,Cabinet,Consumer,Rohit,16,641704.04,425510.16,216193.88,72789.67,143404.21,647064.03,-5359.99,22.35,-5.62,INR
ORD-101137,30-07-2024,FY2024,Q3,July,North,Consumer Goods,Headphones,Small Business,Neha,9,19865.17,13813.47,6051.7,3573.16,2478.53,19255.21,609.96,12.48,-5.11,INR
ORD-101778,31-07-2024,FY2024,Q3,July,Central,Furniture,Conference Table,Consumer,Rohit,15,67468.89,49348.54,18120.35,12302.08,5818.27,65875.75,1593.15,8.62,18.1,INR
ORD-100586,31-07-2024,FY2024,Q3,July,West,Furniture,Cabinet,Corporate,Rohit,10,151376,87407.68,63968.33,19014.53,44953.8,156860.02,-5484.02,29.7,23.17,INR
ORD-104358,31-07-2024,FY2024,Q3,July,South,Technology,Tablet,Consumer,Priya,8,138155.43,93457.88,44697.55,30130.09,14567.46,139545.33,-1389.9,10.54,-2.44,INR
ORD-100125,31-07-2024,FY2024,Q3,July,South,Office Supplies,Paper Pack,Corporate,Neha,10,325062.88,252654.55,72408.33,69175.01,3233.32,297234.14,27828.74,0.99,13.63,INR
ORD-101441,31-07-2024,FY2024,Q3,July,South,Office Supplies,Stapler,Small Business,Neha,8,135702.59,80641,55061.58,14176.8,40884.79,147738.63,-12036.04,30.13,-0.16,INR
ORD-102436,01-08-2024,FY2024,Q3,August,Central,Office Supplies,Paper Pack,Consumer,Priya,5,4922.5,3389.36,1533.14,919.63,613.52,4907.93,14.57,12.46,-3.49,INR
ORD-102688,01-08-2024,FY2024,Q3,August,Central,Furniture,Desk,Consumer,Priya,20,819269.35,430570.63,388698.72,144128.19,244570.53,834644.68,-15375.33,29.85,15.55,INR
ORD-100941,01-08-2024,FY2024,Q3,August,West,Technology,Tablet,Consumer,Anjali,15,140674.57,84067.01,56607.56,30464.49,26143.07,139956.69,717.88,18.58,24.52,INR
ORD-100798,01-08-2024,FY2024,Q3,August,North,Furniture,Bookshelf,Consumer,Neha,10,292765.08,158340.85,134424.23,32583.36,101840.87,272430.73,20334.35,34.79,-0.85,INR
ORD-104291,02-08-2024,FY2024,Q3,August,South,Furniture,Desk,Small Business,Neha,7,170681.5,107533.59,63147.9,23987.08,39160.82,186207.58,-15526.08,22.94,13.08,INR
ORD-104591,02-08-2024,FY2024,Q3,August,South,Office Supplies,Pen Set,Consumer,Sneha,18,671021.38,363181.83,307839.56,95445.34,212394.22,679213.57,-8192.19,31.65,20.42,INR
ORD-102937,02-08-2024,FY2024,Q3,August,North,Furniture,Bookshelf,Consumer,Priya,7,235014.12,177889.98,57124.14,46965.8,10158.34,237458.96,-2444.84,4.32,11.67,INR
ORD-101183,02-08-2024,FY2024,Q3,August,South,Consumer Goods,Calculator,Corporate,Vikas,9,305310.35,225736.07,79574.29,34373.38,45200.9,335752.31,-30441.95,14.8,19.11,INR
ORD-101909,03-08-2024,FY2024,Q3,August,East,Furniture,Cabinet,Consumer,Rahul,5,228803.88,155071.88,73732,20764.63,52967.37,247253.45,-18449.56,23.15,-2.27,INR
ORD-100337,03-08-2024,FY2024,Q3,August,East,Technology,Printer,Consumer,Rahul,6,132852.85,79293.51,53559.33,18325.48,35233.85,147297.5,-14444.65,26.52,2.33,INR
ORD-103056,03-08-2024,FY2024,Q3,August,North,Healthcare,Gloves,Consumer,Rahul,1,6915.63,4588.1,2327.54,1138.58,1188.96,7258.15,-342.52,17.19,19.58,INR
ORD-102116,03-08-2024,FY2024,Q3,August,North,Furniture,Conference Table,Consumer,Vikas,3,89554.48,51530.71,38023.77,16685.41,21338.36,80992.95,8561.53,23.83,2.69,INR
ORD-101663,03-08-2024,FY2024,Q3,August,East,Furniture,Conference Table,Consumer,Rahul,19,118503.69,79319.23,39184.45,19705.65,19478.8,113319.24,5184.45,16.44,-3.19,INR
ORD-102641,04-08-2024,FY2024,Q3,August,West,Technology,Laptop,Consumer,Neha,8,194473.48,131250.42,63223.07,32022.92,31200.15,213749.84,-19276.36,16.04,5.71,INR
ORD-102145,04-08-2024,FY2024,Q3,August,Central,Consumer Goods,Travel Bag,Consumer,Sneha,17,421610.51,308490.02,113120.48,39858.69,73261.79,409011.36,12599.14,17.38,12.84,INR
ORD-103118,04-08-2024,FY2024,Q3,August,West,Furniture,Cabinet,Small Business,Vikas,19,600949.97,466139.88,134810.1,51422.74,83387.36,572965.33,27984.65,13.88,14,INR
ORD-104571,04-08-2024,FY2024,Q3,August,West,Consumer Goods,Backpack,Consumer,Rohit,17,51008.47,32023.96,18984.51,8041.74,10942.77,52898.73,-1890.26,21.45,-2.18,INR
ORD-104276,04-08-2024,FY2024,Q3,August,West,Office Supplies,Paper Pack,Consumer,Rahul,9,408572.12,303323.77,105248.35,70001.3,35247.05,449705.25,-41133.13,8.63,24.51,INR
ORD-102060,05-08-2024,FY2024,Q3,August,East,Healthcare,First Aid Box,Consumer,Rahul,3,91485.18,49233.28,42251.9,12332.07,29919.83,91831,-345.82,32.7,3.22,INR
ORD-103527,05-08-2024,FY2024,Q3,August,North,Furniture,Cabinet,Small Business,Anjali,20,217115.41,147859.52,69255.89,35996.55,33259.34,216172.3,943.11,15.32,-4.86,INR
ORD-104120,05-08-2024,FY2024,Q3,August,West,Consumer Goods,Headphones,Small Business,Rohit,12,581382.48,381746.86,199635.63,47944.03,151691.6,544334.15,37048.34,26.09,1.28,INR
ORD-102482,06-08-2024,FY2024,Q3,August,North,Technology,Tablet,Small Business,Neha,13,38516.56,25086.83,13429.73,4886.16,8543.58,40167.42,-1650.85,22.18,2.75,INR
ORD-101339,06-08-2024,FY2024,Q3,August,South,Technology,Smartphone,Consumer,Vikas,3,59377.49,40865.61,18511.88,12802.75,5709.13,64739.07,-5361.58,9.61,12.71,INR
ORD-103741,06-08-2024,FY2024,Q3,August,Central,Technology,Monitor,Consumer,Amit,7,277397.25,192742.04,84655.21,42265.4,42389.81,271812.61,5584.64,15.28,21,INR
ORD-101649,06-08-2024,FY2024,Q3,August,Central,Consumer Goods,Travel Bag,Small Business,Vikas,3,75087.36,45235.51,29851.85,12903.85,16948.01,75453.93,-366.57,22.57,4.97,INR
ORD-104017,07-08-2024,FY2024,Q3,August,East,Technology,Laptop,Consumer,Priya,17,768301.15,519363.35,248937.8,147180.67,101757.14,728731.17,39569.98,13.24,-6.76,INR
ORD-101555,07-08-2024,FY2024,Q3,August,South,Furniture,Cabinet,Corporate,Rahul,18,273750.51,178214.21,95536.3,46908.37,48627.93,280896.08,-7145.57,17.76,-7.36,INR
ORD-101146,07-08-2024,FY2024,Q3,August,West,Consumer Goods,Headphones,Small Business,Priya,17,805694.18,553990.66,251703.52,98279.38,153424.14,796333.92,9360.26,19.04,13.13,INR
ORD-103209,08-08-2024,FY2024,Q3,August,North,Technology,Smartphone,Small Business,Rahul,11,69654.54,47726.66,21927.88,14165.38,7762.51,71969.34,-2314.8,11.14,20.68,INR
ORD-101251,08-08-2024,FY2024,Q3,August,North,Technology,Smartphone,Consumer,Rahul,9,307926.06,196285.59,111640.46,36019.43,75621.03,314663.1,-6737.04,24.56,18.21,INR
ORD-102040,09-08-2024,FY2024,Q3,August,North,Consumer Goods,Calculator,Corporate,Sneha,1,27664.24,19386.96,8277.28,4170.42,4106.85,25103.9,2560.34,14.85,16.88,INR
ORD-100202,09-08-2024,FY2024,Q3,August,South,Furniture,Office Chair,Corporate,Sneha,15,414204.72,233826.68,180378.04,75225.16,105152.88,394900.32,19304.4,25.39,13.92,INR
ORD-102299,10-08-2024,FY2024,Q3,August,North,Office Supplies,Stapler,Consumer,Anjali,7,331797.72,252151.8,79645.92,28994.18,50651.73,352387.83,-20590.11,15.27,-7.62,INR
ORD-101355,10-08-2024,FY2024,Q3,August,Central,Technology,Printer,Corporate,Vikas,3,33240.53,20410.57,12829.95,6418.04,6411.91,30570.06,2670.46,19.29,1.19,INR
ORD-104679,10-08-2024,FY2024,Q3,August,South,Consumer Goods,Headphones,Corporate,Neha,4,82386.39,46243.8,36142.59,7226.32,28916.27,75822.41,6563.98,35.1,-7.88,INR
ORD-101005,10-08-2024,FY2024,Q3,August,East,Furniture,Cabinet,Corporate,Sneha,4,66781.03,40832.53,25948.5,13095.75,12852.76,72077.84,-5296.8,19.25,6.3,INR
ORD-103019,10-08-2024,FY2024,Q3,August,Central,Healthcare,First Aid Box,Corporate,Rohit,9,331680.07,247843.37,83836.69,33220.41,50616.29,355267.56,-23587.49,15.26,24.89,INR
ORD-101541,10-08-2024,FY2024,Q3,August,Central,Furniture,Bookshelf,Consumer,Sneha,19,286364.73,174745.46,111619.27,25426.9,86192.37,315940.22,-29575.5,30.1,15.47,INR
ORD-102199,10-08-2024,FY2024,Q3,August,South,Technology,Printer,Small Business,Priya,10,231049.53,132848.1,98201.43,22942.85,75258.58,236256.74,-5207.22,32.57,15.28,INR
ORD-104351,10-08-2024,FY2024,Q3,August,Central,Healthcare,BP Monitor,Consumer,Rohit,3,101411.05,56955.12,44455.93,21581.56,22874.36,97573.87,3837.18,22.56,22.85,INR
ORD-100766,10-08-2024,FY2024,Q3,August,East,Consumer Goods,Water Bottle,Consumer,Vikas,10,357841.32,201844,155997.33,47680.26,108317.06,358575.98,-734.65,30.27,-2.23,INR
ORD-100447,10-08-2024,FY2024,Q3,August,Central,Technology,Laptop,Consumer,Anjali,15,674501.7,418286.63,256215.08,123498.05,132717.03,633327.73,41173.98,19.68,24.57,INR
ORD-101556,11-08-2024,FY2024,Q3,August,North,Furniture,Cabinet,Small Business,Amit,3,23778.3,18505.37,5272.94,2428.6,2844.34,25827.26,-2048.96,11.96,15.45,INR
ORD-101237,11-08-2024,FY2024,Q3,August,Central,Consumer Goods,Water Bottle,Consumer,Rahul,10,290027.65,174799.11,115228.53,55165.01,60063.52,317414.02,-27386.38,20.71,2.98,INR
ORD-104287,11-08-2024,FY2024,Q3,August,South,Consumer Goods,Headphones,Small Business,Vikas,6,108191.48,83119.58,25071.9,18017.44,7054.46,112324.75,-4133.27,6.52,15.42,INR
ORD-103296,11-08-2024,FY2024,Q3,August,North,Healthcare,Medical Kit,Small Business,Vikas,20,241504.82,158062.81,83442.01,32672.16,50769.85,233634.23,7870.59,21.02,23.3,INR
ORD-104623,11-08-2024,FY2024,Q3,August,West,Consumer Goods,Travel Bag,Corporate,Rahul,16,476750.88,344987.18,131763.7,50863.62,80900.08,442511.07,34239.81,16.97,23.51,INR
ORD-101625,11-08-2024,FY2024,Q3,August,South,Technology,Smartphone,Consumer,Priya,3,28447.53,20989.68,7457.85,3503.5,3954.35,26585.38,1862.15,13.9,4.82,INR
ORD-101367,11-08-2024,FY2024,Q3,August,South,Consumer Goods,Backpack,Corporate,Rahul,5,41823.46,26515.45,15308.01,8384.06,6923.95,44519.93,-2696.47,16.56,1.44,INR
ORD-100918,12-08-2024,FY2024,Q3,August,South,Technology,Smartphone,Consumer,Sneha,19,96458.6,74433.85,22024.75,18436.78,3587.97,91755.26,4703.34,3.72,19.8,INR
ORD-104055,12-08-2024,FY2024,Q3,August,North,Consumer Goods,Backpack,Small Business,Sneha,11,389833.29,214418.94,175414.35,77126.08,98288.27,383438.63,6394.66,25.21,23.59,INR
ORD-101675,12-08-2024,FY2024,Q3,August,East,Technology,Smartphone,Corporate,Rohit,10,283497.15,149330.41,134166.73,31602.47,102564.26,304270.76,-20773.61,36.18,5.41,INR
ORD-101317,13-08-2024,FY2024,Q3,August,West,Furniture,Bookshelf,Consumer,Vikas,3,29370.57,21353.93,8016.64,6402.27,1614.38,29445.17,-74.59,5.5,-1.72,INR
ORD-104220,13-08-2024,FY2024,Q3,August,North,Technology,Laptop,Small Business,Amit,20,579561.21,408213.46,171347.76,52598.2,118749.55,647633.96,-68072.75,20.49,8.64,INR
ORD-101358,14-08-2024,FY2024,Q3,August,East,Technology,Laptop,Consumer,Vikas,8,174223.46,121019.07,53204.39,28783.46,24420.93,185879.52,-11656.06,14.02,14.82,INR
ORD-101483,14-08-2024,FY2024,Q3,August,North,Technology,Tablet,Consumer,Vikas,16,516294.75,312649.64,203645.11,62438.57,141206.53,468623.83,47670.92,27.35,18.16,INR
ORD-104705,14-08-2024,FY2024,Q3,August,West,Furniture,Cabinet,Small Business,Sneha,18,231092.4,121090.24,110002.16,39118.98,70883.18,237096.2,-6003.8,30.67,20.2,INR
ORD-100978,15-08-2024,FY2024,Q3,August,East,Technology,Printer,Corporate,Neha,6,41321.58,28690.53,12631.05,6379.58,6251.47,41830.71,-509.13,15.13,7.83,INR
ORD-102965,15-08-2024,FY2024,Q3,August,North,Consumer Goods,Calculator,Consumer,Neha,14,372052.5,280569.49,91483.01,44719.57,46763.44,399277.5,-27225,12.57,-5.82,INR
ORD-103553,15-08-2024,FY2024,Q3,August,Central,Technology,Laptop,Corporate,Priya,3,9341.64,5503.73,3837.91,1489.68,2348.23,10129.46,-787.82,25.14,5.95,INR
ORD-104963,15-08-2024,FY2024,Q3,August,West,Technology,Monitor,Consumer,Vikas,17,662640.08,357206.42,305433.66,126923.94,178509.72,707453.85,-44813.77,26.94,18.01,INR
ORD-101203,15-08-2024,FY2024,Q3,August,North,Office Supplies,File Folder,Consumer,Amit,8,329259.27,252227.6,77031.67,51782.95,25248.72,351993.49,-22734.22,7.67,7.71,INR
ORD-100080,15-08-2024,FY2024,Q3,August,South,Healthcare,Gloves,Consumer,Rahul,16,205775.4,160421.68,45353.72,44300.5,1053.22,211371.18,-5595.78,0.51,4.4,INR
ORD-102179,15-08-2024,FY2024,Q3,August,West,Office Supplies,Pen Set,Consumer,Priya,12,469357.27,329974.36,139382.91,68696.83,70686.09,454025.28,15331.99,15.06,16.32,INR
ORD-102499,16-08-2024,FY2024,Q3,August,South,Consumer Goods,Backpack,Corporate,Amit,13,188736.63,103164.06,85572.57,24176.5,61396.06,205732.56,-16995.93,32.53,7.92,INR
ORD-101090,16-08-2024,FY2024,Q3,August,North,Furniture,Conference Table,Consumer,Sneha,13,342751.42,251143.12,91608.3,29406.05,62202.26,330300.14,12451.29,18.15,24.19,INR
ORD-102071,16-08-2024,FY2024,Q3,August,North,Office Supplies,Notebook,Small Business,Neha,4,123563.62,95917.05,27646.56,11351.97,16294.59,112436.02,11127.6,13.19,-7.97,INR
ORD-101879,16-08-2024,FY2024,Q3,August,South,Healthcare,Gloves,Consumer,Sneha,13,243189.76,132944.26,110245.5,50811.13,59434.37,236362.96,6826.8,24.44,11.11,INR
ORD-104843,16-08-2024,FY2024,Q3,August,Central,Furniture,Bookshelf,Consumer,Priya,11,289175.76,191235.44,97940.32,26892.89,71047.43,280295.68,8880.08,24.57,10.71,INR
ORD-101771,16-08-2024,FY2024,Q3,August,West,Technology,Smartphone,Corporate,Vikas,11,213919.17,157061.12,56858.04,24770.89,32087.15,196931.42,16987.74,15,22.41,INR
ORD-103235,17-08-2024,FY2024,Q3,August,South,Healthcare,Medical Kit,Corporate,Sneha,5,180607.58,118512.35,62095.22,24030.13,38065.1,170202.63,10404.95,21.08,-3.11,INR
ORD-100699,17-08-2024,FY2024,Q3,August,North,Technology,Tablet,Corporate,Amit,11,25303.92,15018.13,10285.79,2656.65,7629.14,23159.87,2144.05,30.15,13.14,INR
ORD-104866,17-08-2024,FY2024,Q3,August,South,Healthcare,Medical Kit,Corporate,Rohit,7,63002.13,42887.15,20114.98,7470.91,12644.08,67675.4,-4673.28,20.07,3.77,INR
ORD-103162,17-08-2024,FY2024,Q3,August,North,Office Supplies,File Folder,Corporate,Sneha,14,476909.1,307017.24,169891.86,76878.42,93013.45,453187.48,23721.62,19.5,14.06,INR
ORD-100415,18-08-2024,FY2024,Q3,August,West,Consumer Goods,Water Bottle,Small Business,Anjali,9,145433.61,100513.77,44919.83,30702.8,14217.03,147513.04,-2079.44,9.78,-0.01,INR
ORD-103221,18-08-2024,FY2024,Q3,August,Central,Office Supplies,Notebook,Consumer,Neha,6,228592.94,160718.37,67874.57,43630.74,24243.83,206143.75,22449.2,10.61,21.71,INR
ORD-102358,18-08-2024,FY2024,Q3,August,East,Consumer Goods,Water Bottle,Consumer,Amit,15,230229.34,153190.48,77038.86,24879.83,52159.03,213609.56,16619.78,22.66,7.93,INR
ORD-102147,18-08-2024,FY2024,Q3,August,South,Technology,Laptop,Consumer,Rahul,1,18563.57,13113.44,5450.13,3883.07,1567.06,18539.35,24.22,8.44,6.74,INR
ORD-104961,19-08-2024,FY2024,Q3,August,South,Consumer Goods,Calculator,Corporate,Vikas,5,89536.08,63376.94,26159.14,7644.65,18514.49,96066.05,-6529.97,20.68,0.84,INR
ORD-104949,19-08-2024,FY2024,Q3,August,South,Consumer Goods,Travel Bag,Corporate,Sneha,7,107434.03,75069.22,32364.81,20517.82,11846.99,112755.73,-5321.69,11.03,17.94,INR
ORD-103394,19-08-2024,FY2024,Q3,August,Central,Consumer Goods,Calculator,Consumer,Neha,7,214582.19,148302.17,66280.02,20655.45,45624.57,220580.4,-5998.22,21.26,13.79,INR
ORD-104630,19-08-2024,FY2024,Q3,August,West,Technology,Smartphone,Corporate,Anjali,7,219675.51,153051.18,66624.33,33748.84,32875.49,234685.39,-15009.88,14.97,12.71,INR
ORD-102922,20-08-2024,FY2024,Q3,August,East,Consumer Goods,Backpack,Consumer,Anjali,4,102441.39,53499.75,48941.64,12437.31,36504.34,114526.6,-12085.2,35.63,-5.35,INR
ORD-101849,20-08-2024,FY2024,Q3,August,East,Office Supplies,File Folder,Corporate,Anjali,17,695271.39,519712.17,175559.22,85031.86,90527.36,727884.01,-32612.62,13.02,10.24,INR
ORD-102031,20-08-2024,FY2024,Q3,August,Central,Office Supplies,Paper Pack,Consumer,Anjali,9,289744.27,209648.3,80095.97,37017.32,43078.65,262130.52,27613.75,14.87,17.65,INR
ORD-101990,20-08-2024,FY2024,Q3,August,North,Technology,Smartphone,Consumer,Priya,6,102568.63,79598.57,22970.06,12071.42,10898.63,92824.34,9744.28,10.63,8.51,INR
ORD-103623,20-08-2024,FY2024,Q3,August,North,Healthcare,Gloves,Consumer,Rohit,2,47781.56,28256.54,19525.02,9854.44,9670.59,44352.02,3429.54,20.24,24.1,INR
ORD-100812,20-08-2024,FY2024,Q3,August,North,Furniture,Cabinet,Consumer,Amit,9,292171.74,168355.7,123816.04,45918.35,77897.7,306349.66,-14177.92,26.66,11.8,INR
ORD-102176,20-08-2024,FY2024,Q3,August,Central,Furniture,Cabinet,Small Business,Neha,8,82894.07,55314.11,27579.95,7572.87,20007.08,81690.63,1203.44,24.14,-7.57,INR
ORD-104573,20-08-2024,FY2024,Q3,August,West,Furniture,Bookshelf,Corporate,Priya,17,425896.24,282831.99,143064.25,37281.82,105782.43,472985.58,-47089.34,24.84,21.56,INR
ORD-104569,21-08-2024,FY2024,Q3,August,South,Healthcare,BP Monitor,Corporate,Amit,14,123230.41,96082.48,27147.93,18630.32,8517.61,114877.04,8353.37,6.91,-0.06,INR
ORD-104165,21-08-2024,FY2024,Q3,August,Central,Office Supplies,Stapler,Consumer,Neha,13,46946.09,36167.92,10778.17,6625.32,4152.85,47666.15,-720.06,8.85,22.83,INR
ORD-104484,22-08-2024,FY2024,Q3,August,West,Healthcare,BP Monitor,Consumer,Vikas,5,80863.62,46544.23,34319.39,14176.28,20143.11,85060.88,-4197.26,24.91,12.95,INR
ORD-104794,22-08-2024,FY2024,Q3,August,West,Furniture,Conference Table,Corporate,Priya,18,408447.88,268792.33,139655.55,57775.56,81880,428395.83,-19947.95,20.05,-5.36,INR
ORD-102989,23-08-2024,FY2024,Q3,August,East,Technology,Laptop,Corporate,Rohit,13,242716.22,138980.36,103735.86,44327.26,59408.6,267368.6,-24652.38,24.48,11.65,INR
ORD-100778,23-08-2024,FY2024,Q3,August,South,Furniture,Bookshelf,Consumer,Amit,3,129505.61,97562.59,31943.02,18071.74,13871.28,126396.37,3109.24,10.71,-2.23,INR
ORD-100037,23-08-2024,FY2024,Q3,August,Central,Consumer Goods,Headphones,Consumer,Priya,19,338916.61,195915.51,143001.1,55265.73,87735.37,310696.13,28220.48,25.89,20.27,INR
ORD-102233,23-08-2024,FY2024,Q3,August,South,Consumer Goods,Travel Bag,Consumer,Vikas,5,42461.13,31535.21,10925.92,5478.35,5447.57,39223.5,3237.63,12.83,9.4,INR
ORD-104486,23-08-2024,FY2024,Q3,August,East,Technology,Laptop,Consumer,Rohit,14,237248.05,142691.21,94556.85,44055.04,50501.81,250611.77,-13363.72,21.29,-5.35,INR
ORD-102486,24-08-2024,FY2024,Q3,August,Central,Office Supplies,Pen Set,Corporate,Amit,14,465310.43,327011.81,138298.62,61380.1,76918.52,425895.51,39414.92,16.53,21.99,INR
ORD-102104,24-08-2024,FY2024,Q3,August,West,Technology,Tablet,Corporate,Neha,20,565521.73,427070.99,138450.74,120223.3,18227.44,614754.84,-49233.11,3.22,-4.58,INR
ORD-104050,24-08-2024,FY2024,Q3,August,North,Healthcare,BP Monitor,Small Business,Rahul,5,166431.29,95054.46,71376.83,35133.72,36243.11,149952.96,16478.33,21.78,11.22,INR
ORD-102463,24-08-2024,FY2024,Q3,August,North,Office Supplies,Notebook,Corporate,Rahul,11,335558.31,213274.1,122284.22,66519.96,55764.25,343962.59,-8404.28,16.62,15.67,INR
ORD-102033,24-08-2024,FY2024,Q3,August,North,Furniture,Cabinet,Consumer,Rohit,17,579561.98,401814.48,177747.49,106984.26,70763.23,639936.8,-60374.82,12.21,-7.51,INR
ORD-103302,25-08-2024,FY2024,Q3,August,West,Consumer Goods,Backpack,Consumer,Sneha,1,8157.99,5318.14,2839.85,969.39,1870.46,7690.06,467.93,22.93,-3.03,INR
ORD-102652,26-08-2024,FY2024,Q3,August,Central,Office Supplies,File Folder,Consumer,Neha,10,477254.63,296140.16,181114.47,71188.75,109925.72,431315.7,45938.93,23.03,23.83,INR
ORD-102219,26-08-2024,FY2024,Q3,August,North,Office Supplies,Notebook,Corporate,Anjali,20,380363.84,291165.84,89198.01,39007.76,50190.24,414288.02,-33924.18,13.2,8.34,INR
ORD-100853,26-08-2024,FY2024,Q3,August,South,Healthcare,Gloves,Consumer,Rahul,1,29502,19720.39,9781.61,5199.46,4582.14,28363.99,1138.01,15.53,-3.48,INR
ORD-100633,26-08-2024,FY2024,Q3,August,North,Technology,Tablet,Consumer,Rahul,17,116179.57,62224.06,53955.51,10212.25,43743.25,107350.28,8829.29,37.65,20.58,INR
ORD-102990,27-08-2024,FY2024,Q3,August,Central,Office Supplies,Paper Pack,Small Business,Sneha,3,59907.55,39645.56,20261.99,8635.91,11626.08,60061.19,-153.64,19.41,9.77,INR
ORD-101572,27-08-2024,FY2024,Q3,August,North,Office Supplies,Notebook,Consumer,Rahul,3,133578.1,89152.68,44425.42,18626.17,25799.25,132354.02,1224.08,19.31,11.37,INR
ORD-100389,27-08-2024,FY2024,Q3,August,South,Consumer Goods,Backpack,Small Business,Rahul,5,10467.06,5525.08,4941.99,1629.21,3312.78,11463.19,-996.13,31.65,16.26,INR
ORD-102425,27-08-2024,FY2024,Q3,August,West,Office Supplies,Pen Set,Consumer,Neha,9,368494.11,254166.65,114327.46,61406.81,52920.65,395598.77,-27104.66,14.36,24.23,INR
ORD-104595,27-08-2024,FY2024,Q3,August,West,Consumer Goods,Headphones,Consumer,Priya,20,185792.55,106965.04,78827.51,24229.67,54597.84,177694.33,8098.22,29.39,6.25,INR
ORD-104029,28-08-2024,FY2024,Q3,August,North,Furniture,Cabinet,Small Business,Rahul,18,588414.01,389077.16,199336.85,56871.48,142465.37,618774.97,-30360.96,24.21,-5.99,INR
ORD-103871,28-08-2024,FY2024,Q3,August,South,Technology,Laptop,Corporate,Neha,16,586024.02,393088.65,192935.37,98720.57,94214.8,551530.87,34493.15,16.08,8.17,INR
ORD-104183,28-08-2024,FY2024,Q3,August,North,Healthcare,BP Monitor,Corporate,Rahul,12,123134.34,69042.64,54091.7,21307.21,32784.49,136227.91,-13093.56,26.62,-6.77,INR
ORD-104670,28-08-2024,FY2024,Q3,August,West,Consumer Goods,Travel Bag,Consumer,Vikas,4,108914.93,61639.42,47275.51,18902.15,28373.36,99304.85,9610.08,26.05,24.26,INR
ORD-103719,29-08-2024,FY2024,Q3,August,East,Technology,Printer,Consumer,Rohit,17,355371.7,242987.18,112384.52,57061.92,55322.6,353908.27,1463.43,15.57,-2.93,INR
ORD-104575,29-08-2024,FY2024,Q3,August,Central,Consumer Goods,Travel Bag,Consumer,Sneha,18,17333.2,11662.17,5671.03,1950.87,3720.17,16666.54,666.66,21.46,24.33,INR
ORD-100253,29-08-2024,FY2024,Q3,August,East,Furniture,Desk,Consumer,Priya,1,46664.71,35418.65,11246.07,5243.6,6002.47,49799.96,-3135.24,12.86,19.02,INR
ORD-101346,29-08-2024,FY2024,Q3,August,South,Technology,Monitor,Corporate,Amit,7,7238.21,5446.15,1792.07,1065.2,726.87,7327.7,-89.49,10.04,7.35,INR
ORD-104315,29-08-2024,FY2024,Q3,August,South,Office Supplies,Paper Pack,Small Business,Rohit,13,320275.59,187082.78,133192.81,43651.29,89541.52,309813.15,10462.44,27.96,21.65,INR
ORD-104143,30-08-2024,FY2024,Q3,August,North,Office Supplies,File Folder,Consumer,Vikas,5,204181.8,150628.65,53553.15,40460.66,13092.5,199456.83,4724.97,6.41,9.74,INR
ORD-103823,30-08-2024,FY2024,Q3,August,South,Furniture,Bookshelf,Small Business,Amit,20,320563.72,228355.77,92207.95,40790.81,51417.14,340010.23,-19446.51,16.04,19.48,INR
ORD-104425,30-08-2024,FY2024,Q3,August,South,Technology,Smartphone,Consumer,Rahul,2,21510.04,14403.93,7106.12,3004,4102.11,23982.3,-2472.26,19.07,4.09,INR
ORD-102887,30-08-2024,FY2024,Q3,August,South,Office Supplies,Paper Pack,Corporate,Anjali,13,532793.17,402940.04,129853.13,69831.88,60021.24,526342.11,6451.06,11.27,-4.06,INR
ORD-103589,30-08-2024,FY2024,Q3,August,East,Healthcare,Gloves,Consumer,Vikas,5,161321.11,92622.98,68698.13,21281.6,47416.53,145852.31,15468.8,29.39,12.13,INR
ORD-103867,30-08-2024,FY2024,Q3,August,West,Technology,Tablet,Corporate,Rohit,19,31331.18,16543.38,14787.8,4794.4,9993.4,28888.19,2442.98,31.9,-6.18,INR
ORD-101438,30-08-2024,FY2024,Q3,August,West,Technology,Printer,Small Business,Neha,6,103283.75,62673.02,40610.73,15064.62,25546.11,96635.08,6648.67,24.73,10.82,INR
ORD-100166,31-08-2024,FY2024,Q3,August,West,Furniture,Conference Table,Consumer,Sneha,18,92680.9,54284.05,38396.85,8786.95,29609.9,86058.56,6622.34,31.95,16.61,INR
ORD-101833,31-08-2024,FY2024,Q3,August,West,Technology,Tablet,Consumer,Anjali,1,27276.34,16387.62,10888.72,3086.69,7802.03,28082.05,-805.7,28.6,23.73,INR
ORD-103938,31-08-2024,FY2024,Q3,August,North,Technology,Tablet,Corporate,Sneha,13,491615.64,291743.63,199872,65943.52,133928.48,487570.53,4045.11,27.24,24.47,INR
ORD-103244,01-09-2024,FY2024,Q3,September,West,Technology,Printer,Corporate,Rahul,18,219136.11,141167.55,77968.56,35605.5,42363.06,219163.92,-27.81,19.33,17.42,INR
ORD-100994,01-09-2024,FY2024,Q3,September,West,Technology,Smartphone,Consumer,Neha,1,44487.73,33959.65,10528.08,8732.5,1795.58,47649.44,-3161.71,4.04,-6.7,INR
ORD-104471,01-09-2024,FY2024,Q3,September,East,Office Supplies,Stapler,Consumer,Anjali,10,274268.25,160246.22,114022.03,39846.83,74175.2,260697.29,13570.96,27.04,-1.42,INR
ORD-102189,01-09-2024,FY2024,Q3,September,West,Furniture,Cabinet,Corporate,Neha,15,139246.81,92862.05,46384.76,20306.77,26077.99,131943.14,7303.67,18.73,9.19,INR
ORD-101011,01-09-2024,FY2024,Q3,September,West,Consumer Goods,Backpack,Corporate,Amit,9,168409.38,111569.93,56839.46,28926.34,27913.12,172544.34,-4134.96,16.57,18.05,INR
ORD-104400,01-09-2024,FY2024,Q3,September,East,Office Supplies,File Folder,Small Business,Priya,9,301113.64,210975.38,90138.26,59362.39,30775.87,292888.19,8225.45,10.22,0.89,INR
ORD-102881,01-09-2024,FY2024,Q3,September,South,Office Supplies,Pen Set,Small Business,Sneha,13,447822.23,271579.76,176242.47,62390.22,113852.26,472375.55,-24553.32,25.42,-0.62,INR
ORD-104429,02-09-2024,FY2024,Q3,September,South,Technology,Tablet,Consumer,Rohit,20,547105.78,309375.69,237730.09,99659.6,138070.48,505735.89,41369.89,25.24,0.17,INR
ORD-102531,02-09-2024,FY2024,Q3,September,East,Technology,Laptop,Consumer,Rahul,10,161464.77,88363.75,73101.02,18655.01,54446.01,153197.82,8266.96,33.72,9.45,INR
ORD-102202,02-09-2024,FY2024,Q3,September,North,Furniture,Conference Table,Small Business,Rohit,5,51513.15,28253.75,23259.4,8369.3,14890.1,54777.73,-3264.58,28.91,7.88,INR
ORD-104046,02-09-2024,FY2024,Q3,September,Central,Technology,Tablet,Consumer,Neha,5,183244.99,124421.71,58823.29,24750.06,34073.23,180417.55,2827.44,18.59,-6.35,INR
ORD-104912,02-09-2024,FY2024,Q3,September,East,Furniture,Desk,Consumer,Priya,8,74827.25,44627.91,30199.34,11719.44,18479.9,71469.67,3357.58,24.7,4.19,INR
ORD-102128,03-09-2024,FY2024,Q3,September,West,Healthcare,Medical Kit,Small Business,Priya,4,48476.52,35273.33,13203.19,5959.46,7243.73,46776.51,1700.01,14.94,-6.32,INR
ORD-102769,03-09-2024,FY2024,Q3,September,Central,Technology,Smartphone,Consumer,Rahul,8,358951.95,190107.15,168844.8,40883.14,127961.66,401856.28,-42904.33,35.65,-2.02,INR
ORD-104971,03-09-2024,FY2024,Q3,September,East,Office Supplies,Stapler,Consumer,Rohit,6,196654.87,110598.21,86056.66,40491.14,45565.52,213498.52,-16843.65,23.17,14.85,INR
ORD-102354,03-09-2024,FY2024,Q3,September,Central,Furniture,Cabinet,Small Business,Vikas,6,16830.84,11932.02,4898.82,2086.67,2812.15,17968.12,-1137.28,16.71,11.38,INR
ORD-102269,04-09-2024,FY2024,Q3,September,South,Healthcare,Thermometer,Consumer,Amit,3,134620.19,92089.93,42530.26,15106.35,27423.92,140540.08,-5919.89,20.37,0.45,INR
ORD-102624,04-09-2024,FY2024,Q3,September,West,Technology,Printer,Consumer,Sneha,6,20826.71,11971.87,8854.85,4511.35,4343.5,19447.47,1379.25,20.86,0.78,INR
ORD-100102,04-09-2024,FY2024,Q3,September,Central,Healthcare,Gloves,Consumer,Rohit,13,267818.94,171718.83,96100.11,45011.83,51088.28,286220.91,-18401.97,19.08,7.21,INR
ORD-102981,04-09-2024,FY2024,Q3,September,West,Technology,Tablet,Consumer,Sneha,18,461408.8,326153.43,135255.37,79010.29,56245.08,419915.38,41493.42,12.19,16.19,INR
ORD-104364,04-09-2024,FY2024,Q3,September,Central,Furniture,Desk,Consumer,Amit,11,82701.67,62030.3,20671.37,16247.4,4423.97,76485.84,6215.83,5.35,-7.58,INR
ORD-100701,04-09-2024,FY2024,Q3,September,Central,Technology,Printer,Corporate,Rahul,1,31013.79,23791.99,7221.8,5256.34,1965.46,28745.58,2268.21,6.34,-1.72,INR
ORD-102266,04-09-2024,FY2024,Q3,September,West,Technology,Smartphone,Corporate,Vikas,5,56471.74,31300.97,25170.77,10211.57,14959.21,61210.3,-4738.56,26.49,7.97,INR
ORD-100303,04-09-2024,FY2024,Q3,September,North,Technology,Smartphone,Small Business,Anjali,16,652480.94,500893.22,151587.72,53795.02,97792.69,598673.68,53807.26,14.99,-3.38,INR
ORD-102838,05-09-2024,FY2024,Q3,September,West,Office Supplies,Stapler,Consumer,Anjali,7,218462.35,168340.09,50122.25,38695.02,11427.23,228410.02,-9947.67,5.23,-0.39,INR
ORD-103909,05-09-2024,FY2024,Q3,September,South,Consumer Goods,Calculator,Corporate,Amit,1,8958.91,6369.19,2589.72,1240.84,1348.88,9182.92,-224.01,15.06,24.01,INR
ORD-102364,05-09-2024,FY2024,Q3,September,East,Office Supplies,Stapler,Consumer,Amit,13,232513.55,148338.78,84174.77,25760.66,58414.11,257870.13,-25356.58,25.12,18.16,INR
ORD-101714,05-09-2024,FY2024,Q3,September,Central,Consumer Goods,Backpack,Corporate,Rohit,5,201278.62,126462.46,74816.16,21820.53,52995.63,197926.12,3352.5,26.33,-2.64,INR
ORD-101096,06-09-2024,FY2024,Q3,September,East,Technology,Laptop,Consumer,Amit,15,209105.25,142382.16,66723.1,19377.26,47345.83,209279.95,-174.7,22.64,11.43,INR
ORD-104729,06-09-2024,FY2024,Q3,September,East,Technology,Tablet,Corporate,Neha,18,806499.44,512558.74,293940.7,67744.13,226196.57,828305.08,-21805.64,28.05,-0.11,INR
ORD-104031,06-09-2024,FY2024,Q3,September,West,Consumer Goods,Calculator,Consumer,Rohit,9,187878.84,145627.51,42251.33,22141.87,20109.46,184831.33,3047.51,10.7,15.66,INR
ORD-103038,06-09-2024,FY2024,Q3,September,East,Technology,Smartphone,Consumer,Neha,15,677186.31,419507.47,257678.84,143418.9,114259.93,754163.23,-76976.92,16.87,22.5,INR
ORD-103899,06-09-2024,FY2024,Q3,September,South,Technology,Laptop,Corporate,Rahul,2,95597.53,59839.33,35758.21,15563.69,20194.52,104722.39,-9124.86,21.12,2.79,INR
ORD-102877,07-09-2024,FY2024,Q3,September,East,Furniture,Desk,Consumer,Neha,4,134080.83,89894.84,44185.99,20845.41,23340.58,125552.94,8527.89,17.41,17.36,INR
ORD-104404,07-09-2024,FY2024,Q3,September,East,Technology,Smartphone,Corporate,Neha,15,714747.34,410946.11,303801.23,112343.75,191457.47,737750.03,-23002.69,26.79,0.16,INR
ORD-103670,07-09-2024,FY2024,Q3,September,North,Office Supplies,Paper Pack,Small Business,Sneha,5,144875.18,89264.1,55611.08,15509.93,40101.15,156748.22,-11873.04,27.68,12.73,INR
ORD-100783,07-09-2024,FY2024,Q3,September,Central,Healthcare,First Aid Box,Consumer,Vikas,1,6296.16,4127.69,2168.47,779.35,1389.12,6541.24,-245.08,22.06,-4.52,INR
ORD-103543,07-09-2024,FY2024,Q3,September,North,Technology,Printer,Corporate,Rohit,18,773426.8,498173.05,275253.74,144346.73,130907.02,734343.46,39083.34,16.93,-4.75,INR
ORD-104897,07-09-2024,FY2024,Q3,September,West,Office Supplies,Pen Set,Consumer,Rahul,13,219045.23,127441.14,91604.09,29929.65,61674.44,210958.62,8086.62,28.16,14.74,INR
ORD-100394,08-09-2024,FY2024,Q3,September,Central,Furniture,Cabinet,Consumer,Sneha,13,590370.99,432528.66,157842.34,123202.92,34639.42,629862.85,-39491.86,5.87,-3.96,INR
ORD-104812,08-09-2024,FY2024,Q3,September,West,Healthcare,Thermometer,Corporate,Sneha,15,24365.23,18589.31,5775.92,4086.87,1689.05,23168.32,1196.91,6.93,19.3,INR
ORD-103255,09-09-2024,FY2024,Q3,September,Central,Furniture,Desk,Consumer,Sneha,8,81492.91,55398.74,26094.17,17050.29,9043.88,85543.97,-4051.06,11.1,10.5,INR
ORD-104517,09-09-2024,FY2024,Q3,September,West,Furniture,Desk,Consumer,Rohit,8,88079.33,49775.57,38303.76,19247.41,19056.34,98044.17,-9964.84,21.64,-6.42,INR
ORD-101723,09-09-2024,FY2024,Q3,September,North,Consumer Goods,Water Bottle,Corporate,Sneha,3,86865.72,56818.71,30047.01,11771.53,18275.48,84530.81,2334.9,21.04,3.47,INR
ORD-104289,09-09-2024,FY2024,Q3,September,North,Technology,Laptop,Corporate,Vikas,1,33099.53,24082.93,9016.6,5431.49,3585.11,33742.33,-642.8,10.83,10.58,INR
ORD-102467,09-09-2024,FY2024,Q3,September,North,Healthcare,Medical Kit,Consumer,Neha,12,529736.72,410891.23,118845.49,113671.4,5174.09,482766.3,46970.42,0.98,-6.27,INR
ORD-102137,09-09-2024,FY2024,Q3,September,Central,Furniture,Desk,Small Business,Neha,1,6874.55,4927.69,1946.86,904.34,1042.52,7093.04,-218.5,15.16,-7.89,INR
ORD-104249,09-09-2024,FY2024,Q3,September,East,Consumer Goods,Headphones,Small Business,Amit,8,91727.07,57610.17,34116.9,8448.71,25668.19,84489.22,7237.85,27.98,10.21,INR
ORD-104319,09-09-2024,FY2024,Q3,September,East,Technology,Tablet,Small Business,Rahul,6,62778.09,44614.41,18163.69,6396.38,11767.31,67672.34,-4894.24,18.74,5.32,INR
ORD-103510,10-09-2024,FY2024,Q3,September,West,Technology,Monitor,Small Business,Anjali,8,170492.61,121408.27,49084.35,27935.09,21149.25,179295.65,-8803.04,12.4,21.43,INR
ORD-102953,10-09-2024,FY2024,Q3,September,South,Furniture,Conference Table,Consumer,Anjali,6,107998.06,76756.68,31241.37,21720.85,9520.53,108669.38,-671.33,8.82,-2.08,INR
ORD-101604,10-09-2024,FY2024,Q3,September,West,Consumer Goods,Headphones,Corporate,Anjali,3,33843.09,19063.38,14779.71,6493.69,8286.02,35300.37,-1457.28,24.48,6.69,INR
ORD-101496,11-09-2024,FY2024,Q3,September,West,Technology,Printer,Consumer,Anjali,14,139952.84,94724.11,45228.74,16951.04,28277.7,127439.84,12513,20.21,-2.84,INR
ORD-101098,11-09-2024,FY2024,Q3,September,South,Furniture,Bookshelf,Consumer,Amit,3,32315.92,22886.47,9429.45,6200.95,3228.51,35633.66,-3317.74,9.99,12.25,INR
ORD-104138,11-09-2024,FY2024,Q3,September,North,Furniture,Office Chair,Corporate,Amit,19,886502.54,600806.38,285696.16,77430.39,208265.77,932655.67,-46153.13,23.49,1.73,INR
ORD-102931,11-09-2024,FY2024,Q3,September,East,Office Supplies,File Folder,Consumer,Neha,9,340399.61,237961.5,102438.11,27763.67,74674.44,378007.3,-37607.69,21.94,11.71,INR
ORD-102315,11-09-2024,FY2024,Q3,September,East,Office Supplies,File Folder,Consumer,Sneha,10,69390.38,48593.22,20797.16,12796.83,8000.33,76084.85,-6694.47,11.53,12.03,INR
ORD-103398,11-09-2024,FY2024,Q3,September,East,Furniture,Bookshelf,Consumer,Rohit,7,334193.1,186438.98,147754.11,53090.25,94663.86,305753.48,28439.61,28.33,-5.61,INR
ORD-102638,11-09-2024,FY2024,Q3,September,North,Furniture,Conference Table,Corporate,Priya,2,17740.3,9764.23,7976.07,3689.75,4286.32,16741.56,998.74,24.16,22.39,INR
ORD-102949,11-09-2024,FY2024,Q3,September,East,Furniture,Cabinet,Small Business,Vikas,1,21010.79,13396.46,7614.33,4497.64,3116.69,22160.33,-1149.54,14.83,22.42,INR
ORD-104800,12-09-2024,FY2024,Q3,September,Central,Technology,Smartphone,Consumer,Rahul,14,302275.04,212572.18,89702.86,57684.89,32017.98,300165.48,2109.56,10.59,-5.15,INR
ORD-103348,12-09-2024,FY2024,Q3,September,East,Furniture,Office Chair,Consumer,Sneha,8,266067.63,167802.5,98265.12,36750.61,61514.51,296016.74,-29949.11,23.12,11.77,INR
ORD-102811,12-09-2024,FY2024,Q3,September,North,Healthcare,Gloves,Small Business,Rahul,10,134158.6,88410.25,45748.35,14985.74,30762.61,128986.72,5171.88,22.93,7.55,INR
ORD-101688,12-09-2024,FY2024,Q3,September,West,Technology,Monitor,Consumer,Vikas,14,567485.61,407898.97,159586.64,84266.88,75319.76,566107.46,1378.15,13.27,5.07,INR
ORD-104369,13-09-2024,FY2024,Q3,September,Central,Consumer Goods,Backpack,Consumer,Priya,15,520170.96,401406.43,118764.53,58370.38,60394.15,568063.43,-47892.46,11.61,13.92,INR
ORD-103364,13-09-2024,FY2024,Q3,September,South,Furniture,Desk,Small Business,Vikas,17,280957.15,173949.19,107007.96,24902.27,82105.69,257882.1,23075.05,29.22,5.44,INR
ORD-104514,13-09-2024,FY2024,Q3,September,West,Consumer Goods,Headphones,Consumer,Priya,14,358328.52,266555.24,91773.28,56480.19,35293.08,396668.82,-38340.3,9.85,3.65,INR
ORD-100697,14-09-2024,FY2024,Q3,September,West,Office Supplies,File Folder,Corporate,Vikas,9,199296.88,108641.03,90655.85,27455.91,63199.95,211031.15,-11734.27,31.71,20.54,INR
ORD-104808,14-09-2024,FY2024,Q3,September,Central,Healthcare,BP Monitor,Consumer,Sneha,12,597073.49,320662.26,276411.23,100458.86,175952.37,661437.3,-64363.81,29.47,20.71,INR
ORD-101034,14-09-2024,FY2024,Q3,September,Central,Technology,Laptop,Consumer,Vikas,7,39640.06,25518.74,14121.32,3516.63,10604.68,37251.74,2388.32,26.75,2.71,INR
ORD-102865,14-09-2024,FY2024,Q3,September,West,Furniture,Cabinet,Corporate,Priya,14,551261.39,302632.57,248628.82,112937.44,135691.38,557408.63,-6147.24,24.61,-2.3,INR
ORD-104622,14-09-2024,FY2024,Q3,September,North,Technology,Printer,Corporate,Sneha,19,691049.1,441992.09,249057.01,148985.96,100071.05,709290.34,-18241.25,14.48,15.75,INR
ORD-102775,15-09-2024,FY2024,Q3,September,Central,Office Supplies,Paper Pack,Consumer,Anjali,7,101439.95,59493.43,41946.51,12405.13,29541.39,109318.46,-7878.51,29.12,15.9,INR
ORD-100582,15-09-2024,FY2024,Q3,September,South,Technology,Tablet,Corporate,Rahul,4,139581.5,102873.7,36707.8,24714.49,11993.31,154349,-14767.5,8.59,-0.96,INR
ORD-104146,15-09-2024,FY2024,Q3,September,South,Furniture,Conference Table,Small Business,Neha,19,242467.39,179877.84,62589.55,43275.02,19314.53,262699.23,-20231.85,7.97,10.16,INR
ORD-100707,15-09-2024,FY2024,Q3,September,Central,Furniture,Cabinet,Small Business,Priya,19,404606.9,217971.16,186635.74,71933.21,114702.53,391775.19,12831.71,28.35,8.49,INR
ORD-101878,15-09-2024,FY2024,Q3,September,West,Office Supplies,Notebook,Consumer,Anjali,2,56735.03,42605.77,14129.26,8546.31,5582.94,51114.02,5621.01,9.84,17.27,INR
ORD-100186,15-09-2024,FY2024,Q3,September,South,Consumer Goods,Travel Bag,Corporate,Amit,2,39982.28,30241.4,9740.88,3809.65,5931.24,44108.77,-4126.49,14.83,-0.22,INR
ORD-100657,16-09-2024,FY2024,Q3,September,West,Furniture,Office Chair,Consumer,Neha,12,63055.04,43136.03,19919.02,9545.5,10373.52,66868.51,-3813.46,16.45,-0.06,INR
ORD-103994,16-09-2024,FY2024,Q3,September,West,Office Supplies,File Folder,Small Business,Priya,8,190349.25,142502.98,47846.27,38407.47,9438.8,205230.68,-14881.43,4.96,13.49,INR
ORD-101885,16-09-2024,FY2024,Q3,September,South,Furniture,Office Chair,Small Business,Rahul,12,378563.88,269140.99,109422.89,58421.81,51001.09,361765.91,16797.97,13.47,17.07,INR
ORD-104955,16-09-2024,FY2024,Q3,September,West,Technology,Tablet,Consumer,Rohit,8,251795.55,157066.53,94729.03,53916.9,40812.13,257176.08,-5380.52,16.21,1.08,INR
ORD-104995,16-09-2024,FY2024,Q3,September,Central,Healthcare,First Aid Box,Consumer,Priya,6,125965.01,85351.5,40613.51,10228.89,30384.62,121477.93,4487.08,24.12,-3.65,INR
ORD-100265,17-09-2024,FY2024,Q3,September,West,Technology,Laptop,Corporate,Vikas,5,142436.38,82146.39,60289.99,28283.08,32006.91,129482.26,12954.12,22.47,-4.68,INR
ORD-104455,18-09-2024,FY2024,Q3,September,Central,Technology,Printer,Consumer,Neha,9,289676.62,176583.66,113092.96,62469.26,50623.69,311902.85,-22226.24,17.48,15.55,INR
ORD-100826,18-09-2024,FY2024,Q3,September,East,Healthcare,BP Monitor,Consumer,Neha,3,44729.08,27009.63,17719.44,7228,10491.44,41031.83,3697.25,23.46,5.61,INR
ORD-104723,18-09-2024,FY2024,Q3,September,East,Technology,Printer,Consumer,Sneha,13,616684.93,459144.06,157540.88,77606.24,79934.64,607797.73,8887.21,12.96,22.9,INR
ORD-101735,18-09-2024,FY2024,Q3,September,Central,Office Supplies,Stapler,Consumer,Sneha,16,69548.27,46989.32,22558.95,13310.32,9248.63,66073.5,3474.77,13.3,-2.27,INR
ORD-103034,19-09-2024,FY2024,Q3,September,North,Consumer Goods,Travel Bag,Corporate,Neha,20,776014.95,404702.18,371312.77,141474.16,229838.61,758521.13,17493.82,29.62,12.58,INR
ORD-100201,19-09-2024,FY2024,Q3,September,East,Technology,Tablet,Small Business,Priya,10,187788.07,130162.14,57625.93,30288.42,27337.51,185885.64,1902.43,14.56,0.25,INR
ORD-103701,19-09-2024,FY2024,Q3,September,Central,Technology,Smartphone,Small Business,Amit,10,224307.53,163714.54,60592.99,27176.36,33416.62,227365.03,-3057.5,14.9,-7.17,INR
ORD-102218,19-09-2024,FY2024,Q3,September,West,Healthcare,Thermometer,Small Business,Vikas,5,240515.25,158862.66,81652.59,48604.78,33047.81,217848.37,22666.88,13.74,0.74,INR
ORD-103980,19-09-2024,FY2024,Q3,September,North,Technology,Monitor,Consumer,Sneha,6,32419.52,17525.25,14894.27,2750.15,12144.13,35229.15,-2809.62,37.46,15.64,INR
ORD-103053,19-09-2024,FY2024,Q3,September,North,Furniture,Bookshelf,Consumer,Vikas,6,195587.24,133205.16,62382.08,18781.17,43600.91,210537.04,-14949.8,22.29,23.67,INR
ORD-103875,19-09-2024,FY2024,Q3,September,East,Office Supplies,Paper Pack,Small Business,Rohit,10,366253.45,267803.87,98449.58,47571.08,50878.5,329793.45,36460,13.89,22.93,INR
ORD-100134,19-09-2024,FY2024,Q3,September,North,Technology,Monitor,Corporate,Sneha,4,67068.79,44607.8,22461,6726.05,15734.95,73280.38,-6211.59,23.46,19.74,INR
ORD-101875,20-09-2024,FY2024,Q3,September,Central,Technology,Smartphone,Corporate,Anjali,13,436692.65,266365.24,170327.41,47946.73,122380.68,400740.72,35951.93,28.02,18.5,INR
ORD-102994,20-09-2024,FY2024,Q3,September,North,Office Supplies,Pen Set,Consumer,Rahul,18,69262.67,42521.69,26740.99,13605.71,13135.28,77188.2,-7925.52,18.96,22.88,INR
ORD-101084,20-09-2024,FY2024,Q3,September,West,Healthcare,Medical Kit,Consumer,Rohit,4,181923.5,129288.21,52635.29,29516.73,23118.56,201928.88,-20005.38,12.71,12.27,INR
ORD-104748,20-09-2024,FY2024,Q3,September,West,Consumer Goods,Backpack,Corporate,Rahul,8,152820.55,116504.86,36315.69,23777.07,12538.62,164118.12,-11297.57,8.2,11.43,INR
ORD-102517,20-09-2024,FY2024,Q3,September,North,Furniture,Office Chair,Consumer,Amit,3,20838.85,11404.3,9434.55,2782.38,6652.17,21757.38,-918.53,31.92,-4.66,INR
ORD-101588,20-09-2024,FY2024,Q3,September,West,Office Supplies,Stapler,Corporate,Vikas,11,402496.35,312723.24,89773.11,43698.32,46074.79,395628.72,6867.63,11.45,-3.11,INR
ORD-102171,20-09-2024,FY2024,Q3,September,West,Technology,Laptop,Consumer,Vikas,5,118518.3,70354.75,48163.55,14843.31,33320.24,108886.74,9631.56,28.11,7.62,INR
ORD-101736,21-09-2024,FY2024,Q3,September,East,Consumer Goods,Backpack,Consumer,Anjali,3,105391.45,58689.2,46702.25,14501.65,32200.61,115595.4,-10203.95,30.55,-3.69,INR
ORD-101481,21-09-2024,FY2024,Q3,September,West,Consumer Goods,Travel Bag,Consumer,Sneha,14,300238.46,162982.65,137255.81,48094.47,89161.34,304489.6,-4251.14,29.7,9.02,INR
ORD-103379,21-09-2024,FY2024,Q3,September,South,Technology,Monitor,Corporate,Priya,6,287313.83,195514.53,91799.29,44881.81,46917.48,295613.08,-8299.26,16.33,2.04,INR
ORD-103957,21-09-2024,FY2024,Q3,September,North,Office Supplies,File Folder,Consumer,Anjali,18,617547.43,381662.95,235884.48,90096.74,145787.74,665201.16,-47653.73,23.61,17.28,INR
ORD-104239,21-09-2024,FY2024,Q3,September,North,Office Supplies,File Folder,Consumer,Anjali,12,210729.99,126562.5,84167.48,42487.42,41680.06,209915.18,814.8,19.78,13.67,INR
ORD-103466,21-09-2024,FY2024,Q3,September,West,Office Supplies,File Folder,Small Business,Rohit,4,196366.15,147950.4,48415.75,41327.05,7088.7,204767.7,-8401.55,3.61,11.19,INR
ORD-101667,22-09-2024,FY2024,Q3,September,East,Consumer Goods,Calculator,Small Business,Sneha,5,132955.85,80213.73,52742.12,17151.97,35590.15,146120.89,-13165.04,26.77,-2.67,INR
ORD-103717,22-09-2024,FY2024,Q3,September,West,Office Supplies,Stapler,Consumer,Priya,4,163283.24,105663.41,57619.83,16976.06,40643.77,167961.39,-4678.15,24.89,21.62,INR
ORD-102886,22-09-2024,FY2024,Q3,September,Central,Furniture,Bookshelf,Consumer,Rohit,15,136138.04,82722.45,53415.59,19881.13,33534.46,124922.12,11215.93,24.63,15.13,INR
ORD-102722,23-09-2024,FY2024,Q3,September,West,Consumer Goods,Headphones,Consumer,Rohit,16,92456.32,66582.31,25874,8169.92,17704.09,97760.26,-5303.95,19.15,17.23,INR
ORD-102142,23-09-2024,FY2024,Q3,September,Central,Consumer Goods,Calculator,Corporate,Rahul,3,29394.43,21529.31,7865.13,2741.6,5123.53,32064.31,-2669.87,17.43,19.13,INR
ORD-102781,23-09-2024,FY2024,Q3,September,South,Technology,Smartphone,Consumer,Anjali,8,166765.66,109891.01,56874.66,20166.45,36708.21,169061.17,-2295.51,22.01,-6.84,INR
ORD-100980,23-09-2024,FY2024,Q3,September,North,Consumer Goods,Calculator,Small Business,Sneha,17,778113.75,417722.29,360391.46,169540.36,190851.11,857555.09,-79441.34,24.53,20.69,INR
ORD-103460,23-09-2024,FY2024,Q3,September,South,Technology,Laptop,Consumer,Rahul,15,703107.86,433984.06,269123.8,57034.33,212089.47,689207.14,13900.71,30.16,19.93,INR
ORD-102765,24-09-2024,FY2024,Q3,September,Central,Consumer Goods,Water Bottle,Consumer,Vikas,4,85362.14,52570.66,32791.48,17919.83,14871.65,77830.44,7531.7,17.42,12.62,INR
ORD-101726,24-09-2024,FY2024,Q3,September,West,Office Supplies,Notebook,Corporate,Anjali,18,424427.08,325867.01,98560.07,51410.13,47149.94,382119.04,42308.04,11.11,7.62,INR
ORD-102374,24-09-2024,FY2024,Q3,September,West,Furniture,Cabinet,Consumer,Priya,15,125371.28,72997.21,52374.07,22459.1,29914.97,128819.67,-3448.39,23.86,-7.86,INR
ORD-100133,24-09-2024,FY2024,Q3,September,East,Technology,Smartphone,Consumer,Rohit,6,115400.04,72871.59,42528.45,13505.35,29023.1,111883.4,3516.64,25.15,22.16,INR
ORD-100630,25-09-2024,FY2024,Q3,September,North,Technology,Printer,Consumer,Amit,1,44082.68,33138.17,10944.52,7667.19,3277.33,43024.92,1057.76,7.43,-4.85,INR
ORD-103410,25-09-2024,FY2024,Q3,September,East,Consumer Goods,Headphones,Consumer,Priya,4,78136.29,45860.62,32275.67,12540.62,19735.05,81355.06,-3218.77,25.26,21.74,INR
ORD-101019,25-09-2024,FY2024,Q3,September,Central,Consumer Goods,Water Bottle,Corporate,Priya,5,58485.93,32871.94,25613.99,8072.09,17541.9,64086.57,-5600.64,29.99,4.3,INR
ORD-104954,25-09-2024,FY2024,Q3,September,Central,Furniture,Cabinet,Corporate,Sneha,5,47841.4,27920.33,19921.08,9628.39,10292.69,45950.51,1890.9,21.51,21.12,INR
ORD-100330,25-09-2024,FY2024,Q3,September,South,Technology,Printer,Consumer,Vikas,17,334465.61,182159.72,152305.89,34745.48,117560.41,365015.97,-30550.35,35.15,9.39,INR
ORD-100455,25-09-2024,FY2024,Q3,September,Central,Furniture,Office Chair,Small Business,Amit,10,460274.48,255369.64,204904.84,84983.98,119920.86,431732.16,28542.32,26.05,13.22,INR
ORD-100442,25-09-2024,FY2024,Q3,September,East,Healthcare,Gloves,Consumer,Amit,18,424062.23,296158.68,127903.55,59101.43,68802.12,411376.41,12685.81,16.22,24.75,INR
ORD-103500,26-09-2024,FY2024,Q3,September,South,Consumer Goods,Travel Bag,Consumer,Rahul,10,93593.26,71113.93,22479.33,8856.99,13622.33,92648.67,944.59,14.55,8.98,INR
ORD-101185,26-09-2024,FY2024,Q3,September,West,Healthcare,Thermometer,Corporate,Rohit,17,248612.34,176158.94,72453.41,50725.32,21728.08,243526.92,5085.42,8.74,21.2,INR
ORD-101380,26-09-2024,FY2024,Q3,September,East,Furniture,Office Chair,Corporate,Rohit,17,70914.01,40584.88,30329.13,6554.66,23774.47,75772.13,-4858.12,33.53,-1.96,INR
ORD-100320,27-09-2024,FY2024,Q3,September,North,Office Supplies,File Folder,Consumer,Priya,12,349588.87,254463.85,95125.02,56069.18,39055.84,376483.45,-26894.58,11.17,17.15,INR
ORD-101447,28-09-2024,FY2024,Q3,September,South,Consumer Goods,Backpack,Consumer,Amit,10,349006,257549.94,91456.06,71330.6,20125.46,355448.92,-6442.92,5.77,-2.01,INR
ORD-101681,28-09-2024,FY2024,Q3,September,South,Consumer Goods,Headphones,Consumer,Priya,12,568042.93,305801.49,262241.44,111044.19,151197.25,611601.83,-43558.9,26.62,22.01,INR
ORD-103754,28-09-2024,FY2024,Q3,September,Central,Technology,Tablet,Consumer,Rohit,18,597202.79,446040.18,151162.61,75321,75841.61,641574.19,-44371.4,12.7,22.76,INR
ORD-102198,28-09-2024,FY2024,Q3,September,West,Consumer Goods,Calculator,Corporate,Priya,5,201980.99,146317.3,55663.69,35155.36,20508.33,199431.38,2549.61,10.15,6.05,INR
ORD-102122,29-09-2024,FY2024,Q3,September,North,Office Supplies,Pen Set,Consumer,Sneha,18,16193.13,9947.34,6245.78,1943.43,4302.36,14810.27,1382.86,26.57,11.36,INR
ORD-103404,29-09-2024,FY2024,Q3,September,Central,Healthcare,First Aid Box,Corporate,Amit,18,265035.42,143979.31,121056.11,25786.18,95269.93,293905.82,-28870.4,35.95,1.7,INR
ORD-102587,29-09-2024,FY2024,Q3,September,South,Furniture,Office Chair,Corporate,Amit,11,27655.94,15369.32,12286.63,4313.56,7973.06,30584.76,-2928.82,28.83,10.62,INR
ORD-104284,29-09-2024,FY2024,Q3,September,West,Office Supplies,File Folder,Small Business,Neha,8,14058.7,10345.81,3712.89,1646.76,2066.13,13946.71,111.99,14.7,12.48,INR
ORD-100660,30-09-2024,FY2024,Q3,September,Central,Healthcare,Gloves,Consumer,Rahul,1,44475.52,24510.08,19965.45,5573.24,14392.21,47990.04,-3514.52,32.36,12.54,INR
ORD-102497,30-09-2024,FY2024,Q3,September,East,Consumer Goods,Water Bottle,Consumer,Anjali,17,558416.1,354286.73,204129.37,82241.13,121888.24,558112.37,303.73,21.83,11,INR
ORD-103844,30-09-2024,FY2024,Q3,September,East,Healthcare,Gloves,Consumer,Amit,1,46012.08,28738.91,17273.17,7432.49,9840.67,45995.73,16.34,21.39,7.32,INR
ORD-103293,30-09-2024,FY2024,Q3,September,Central,Healthcare,Gloves,Consumer,Amit,4,162072.69,93882.29,68190.39,33983.15,34207.24,158477.93,3594.76,21.11,-7.21,INR
ORD-104185,30-09-2024,FY2024,Q3,September,West,Office Supplies,Pen Set,Consumer,Amit,7,63691.94,38217.44,25474.5,5312.29,20162.2,69804.49,-6112.55,31.66,2.26,INR
ORD-102153,30-09-2024,FY2024,Q3,September,South,Office Supplies,Stapler,Consumer,Amit,10,319334.44,234675.82,84658.62,30061.12,54597.49,301303.67,18030.77,17.1,-1.57,INR
ORD-104377,30-09-2024,FY2024,Q3,September,Central,Office Supplies,Stapler,Small Business,Anjali,11,55999.83,36553.59,19446.24,5897.03,13549.22,51900.28,4099.55,24.2,-5.46,INR
ORD-100218,01-10-2024,FY2024,Q4,October,North,Consumer Goods,Travel Bag,Corporate,Rahul,17,512432.22,341893.94,170538.28,63059.2,107479.07,464515.23,47916.99,20.97,17.92,INR
ORD-102334,01-10-2024,FY2024,Q4,October,South,Office Supplies,File Folder,Small Business,Vikas,18,139976.15,106746.48,33229.68,16955.19,16274.49,148272.5,-8296.35,11.63,0.64,INR
ORD-103443,01-10-2024,FY2024,Q4,October,Central,Technology,Laptop,Consumer,Amit,15,592722.93,340303.55,252419.38,74134.31,178285.08,566551.01,26171.92,30.08,-4.66,INR
ORD-100880,01-10-2024,FY2024,Q4,October,East,Healthcare,Gloves,Consumer,Rohit,4,114784.36,65487.31,49297.05,23321.47,25975.58,111001.38,3782.98,22.63,3.79,INR
ORD-103699,01-10-2024,FY2024,Q4,October,East,Healthcare,Medical Kit,Corporate,Anjali,3,63732.19,37291.06,26441.12,11387.29,15053.83,65814.73,-2082.54,23.62,24.55,INR
ORD-100180,02-10-2024,FY2024,Q4,October,South,Furniture,Desk,Corporate,Sneha,18,199162.69,144360.9,54801.79,42083.36,12718.43,218627.13,-19464.45,6.39,11.54,INR
ORD-102126,02-10-2024,FY2024,Q4,October,North,Technology,Printer,Consumer,Amit,18,376265.25,288693.43,87571.82,46326.87,41244.95,358081.19,18184.06,10.96,-5.93,INR
ORD-104423,02-10-2024,FY2024,Q4,October,North,Technology,Monitor,Consumer,Priya,14,495455.9,343777.5,151678.4,104081.35,47597.05,497470.56,-2014.66,9.61,19.17,INR
ORD-100147,03-10-2024,FY2024,Q4,October,North,Furniture,Conference Table,Consumer,Rohit,3,138737.1,106517.29,32219.81,21153.48,11066.34,126392.84,12344.26,7.98,1.4,INR
ORD-104217,03-10-2024,FY2024,Q4,October,Central,Healthcare,Gloves,Consumer,Rohit,3,107589.68,69887.02,37702.66,10209.06,27493.6,114088.52,-6498.84,25.55,-5.53,INR
ORD-101820,03-10-2024,FY2024,Q4,October,East,Office Supplies,Stapler,Consumer,Rohit,2,40171.79,22182.99,17988.8,8822.73,9166.07,44875.61,-4703.82,22.82,-5.81,INR
ORD-103685,04-10-2024,FY2024,Q4,October,Central,Technology,Laptop,Consumer,Priya,9,117100.91,90322,26778.91,14216.87,12562.04,119682.21,-2581.29,10.73,5.22,INR
ORD-100103,04-10-2024,FY2024,Q4,October,East,Furniture,Desk,Corporate,Amit,19,319241.84,228884.2,90357.63,59981.71,30375.92,344528.14,-25286.3,9.52,22.66,INR
ORD-104536,05-10-2024,FY2024,Q4,October,South,Office Supplies,Paper Pack,Small Business,Amit,1,5274.93,3070.56,2204.37,600.72,1603.65,5624.55,-349.62,30.4,2.37,INR
ORD-101626,05-10-2024,FY2024,Q4,October,South,Healthcare,BP Monitor,Corporate,Priya,14,330792.04,199088.06,131703.99,66271.97,65432.02,315573.73,15218.31,19.78,2.26,INR
ORD-103265,05-10-2024,FY2024,Q4,October,South,Healthcare,Gloves,Small Business,Vikas,11,422582.45,298692.35,123890.1,41363.49,82526.61,383057.94,39524.51,19.53,3.54,INR
ORD-103508,05-10-2024,FY2024,Q4,October,West,Office Supplies,Paper Pack,Corporate,Vikas,1,40965.67,30820.1,10145.57,3297.38,6848.2,40600.16,365.51,16.72,7.91,INR
ORD-102876,05-10-2024,FY2024,Q4,October,West,Consumer Goods,Water Bottle,Small Business,Neha,4,94547.63,52444.39,42103.24,15453.22,26650.02,86595.25,7952.39,28.19,2.81,INR
ORD-102289,06-10-2024,FY2024,Q4,October,North,Healthcare,Thermometer,Corporate,Rohit,11,483499.67,334991.69,148507.98,40329.45,108178.53,481469.26,2030.41,22.37,16.4,INR
ORD-100637,06-10-2024,FY2024,Q4,October,West,Consumer Goods,Backpack,Consumer,Sneha,4,196307.05,136064.62,60242.42,28335.34,31907.09,194577.72,1729.32,16.25,-4.67,INR
ORD-103341,06-10-2024,FY2024,Q4,October,Central,Furniture,Cabinet,Small Business,Vikas,19,859919.15,498665.09,361254.06,182494.57,178759.49,940824.79,-80905.64,20.79,-5.03,INR
ORD-103397,07-10-2024,FY2024,Q4,October,South,Consumer Goods,Headphones,Consumer,Neha,15,351119.4,196221.56,154897.84,47210.86,107686.99,316631.25,34488.15,30.67,23.43,INR
ORD-104739,07-10-2024,FY2024,Q4,October,North,Furniture,Conference Table,Small Business,Amit,11,170600.51,132156.71,38443.8,35371.48,3072.33,186304.87,-15704.36,1.8,-5.81,INR
ORD-100129,07-10-2024,FY2024,Q4,October,North,Consumer Goods,Water Bottle,Consumer,Rahul,9,299029.41,208531.23,90498.18,54115.99,36382.2,277664.58,21364.83,12.17,10.6,INR
ORD-101008,07-10-2024,FY2024,Q4,October,Central,Furniture,Office Chair,Corporate,Anjali,5,232507.84,179672.35,52835.48,33332.6,19502.88,233593.53,-1085.7,8.39,10.92,INR
ORD-100724,07-10-2024,FY2024,Q4,October,Central,Technology,Laptop,Consumer,Vikas,20,695264.43,413396.78,281867.64,95487.8,186379.85,642772.3,52492.13,26.81,-0.42,INR
ORD-102579,07-10-2024,FY2024,Q4,October,North,Office Supplies,Pen Set,Small Business,Sneha,1,19466.08,10274.72,9191.36,3730.73,5460.63,19554,-87.92,28.05,10.61,INR
ORD-102347,07-10-2024,FY2024,Q4,October,South,Technology,Smartphone,Small Business,Priya,2,1034.09,611.39,422.71,93.27,329.44,1064.19,-30.1,31.86,-5.03,INR
ORD-102293,07-10-2024,FY2024,Q4,October,North,Technology,Laptop,Small Business,Sneha,17,24574.4,14861.53,9712.88,3205.09,6507.78,24241.38,333.02,26.48,11.66,INR
ORD-100032,08-10-2024,FY2024,Q4,October,Central,Office Supplies,Notebook,Small Business,Priya,16,506836.59,388387.46,118449.12,46819.34,71629.78,527137.97,-20301.38,14.13,-6.32,INR
ORD-101985,08-10-2024,FY2024,Q4,October,Central,Office Supplies,Pen Set,Consumer,Neha,19,870644.17,488667.83,381976.34,112631.23,269345.11,931385.68,-60741.51,30.94,-5.7,INR
ORD-102687,08-10-2024,FY2024,Q4,October,North,Technology,Laptop,Corporate,Rohit,19,148163.97,78281.5,69882.47,14313.61,55568.86,140289.41,7874.55,37.5,9.03,INR
ORD-100078,09-10-2024,FY2024,Q4,October,West,Furniture,Cabinet,Small Business,Neha,4,172241.88,122881.29,49360.59,21471.71,27888.88,176136.21,-3894.33,16.19,0.33,INR
ORD-102694,09-10-2024,FY2024,Q4,October,Central,Furniture,Office Chair,Consumer,Rohit,6,247184.89,137916.63,109268.26,38049.35,71218.91,258824.95,-11640.06,28.81,-1.99,INR
ORD-101694,09-10-2024,FY2024,Q4,October,West,Office Supplies,File Folder,Corporate,Amit,5,93212.3,56400.1,36812.2,7646.19,29166.01,101073.94,-7861.64,31.29,-7.79,INR
ORD-102808,10-10-2024,FY2024,Q4,October,East,Office Supplies,Paper Pack,Consumer,Sneha,20,366042.1,277242.49,88799.61,38921.69,49877.92,404510.43,-38468.33,13.63,7.23,INR
ORD-104288,10-10-2024,FY2024,Q4,October,South,Healthcare,First Aid Box,Consumer,Priya,16,92802.49,54682.16,38120.33,17670.1,20450.22,85470.51,7331.98,22.04,15.83,INR
ORD-100137,10-10-2024,FY2024,Q4,October,North,Healthcare,Gloves,Consumer,Amit,13,168700.19,92928.59,75771.6,37094.65,38676.96,174220.82,-5520.62,22.93,15.59,INR
ORD-103313,10-10-2024,FY2024,Q4,October,West,Technology,Tablet,Consumer,Vikas,12,252052.04,149533.53,102518.51,44798.98,57719.52,256725.7,-4673.67,22.9,10.88,INR
ORD-103885,10-10-2024,FY2024,Q4,October,West,Consumer Goods,Travel Bag,Small Business,Neha,15,68455.33,40664.88,27790.45,14980.51,12809.94,71279.49,-2824.15,18.71,23.63,INR
ORD-104740,10-10-2024,FY2024,Q4,October,West,Office Supplies,Pen Set,Consumer,Vikas,8,40957.93,25806.96,15150.97,5215.59,9935.38,38847.89,2110.04,24.26,21.43,INR
ORD-102275,10-10-2024,FY2024,Q4,October,South,Office Supplies,Notebook,Small Business,Amit,13,538168.52,342354.7,195813.83,101321.04,94492.78,519049.39,19119.14,17.56,-4.05,INR
ORD-101856,11-10-2024,FY2024,Q4,October,East,Technology,Printer,Consumer,Rahul,2,97238.67,56302.11,40936.55,9409.37,31527.18,103363.74,-6125.08,32.42,-4.52,INR
ORD-104526,11-10-2024,FY2024,Q4,October,East,Furniture,Bookshelf,Corporate,Amit,14,424482.18,248512.29,175969.89,55645.98,120323.91,424153.32,328.86,28.35,24.1,INR
ORD-103550,11-10-2024,FY2024,Q4,October,West,Healthcare,BP Monitor,Consumer,Vikas,18,193981.73,122055.64,71926.09,24668.51,47257.59,192825.12,1156.61,24.36,8.03,INR
ORD-101673,11-10-2024,FY2024,Q4,October,East,Furniture,Cabinet,Consumer,Amit,5,16779.07,9954.91,6824.16,3571.12,3253.04,16212.3,566.77,19.39,24.49,INR
ORD-103751,11-10-2024,FY2024,Q4,October,Central,Furniture,Bookshelf,Consumer,Sneha,12,139226.5,82248.53,56977.97,19550.72,37427.25,153620.46,-14393.96,26.88,11.9,INR
ORD-103014,12-10-2024,FY2024,Q4,October,Central,Healthcare,BP Monitor,Corporate,Sneha,18,880067.53,547044.42,333023.11,190231.47,142791.64,887480.08,-7412.55,16.23,-6.7,INR
ORD-103645,12-10-2024,FY2024,Q4,October,West,Healthcare,Medical Kit,Consumer,Amit,10,42787.37,31390.41,11396.96,5565.59,5831.37,45577.07,-2789.7,13.63,19.91,INR
ORD-101953,13-10-2024,FY2024,Q4,October,North,Furniture,Cabinet,Corporate,Neha,6,252759.78,185905.85,66853.93,29308.64,37545.29,271686.11,-18926.33,14.85,-4.8,INR
ORD-104482,13-10-2024,FY2024,Q4,October,Central,Consumer Goods,Backpack,Consumer,Neha,2,70157.54,47227.14,22930.4,8372.34,14558.06,67971.62,2185.93,20.75,8.94,INR
ORD-104268,14-10-2024,FY2024,Q4,October,North,Technology,Smartphone,Corporate,Anjali,19,864731.99,489674.15,375057.84,168673.35,206384.49,842695.31,22036.68,23.87,3.02,INR
ORD-100469,14-10-2024,FY2024,Q4,October,West,Technology,Printer,Consumer,Anjali,9,35781.19,26698.62,9082.57,6321.27,2761.31,37873.87,-2092.68,7.72,21.81,INR
ORD-104447,14-10-2024,FY2024,Q4,October,South,Consumer Goods,Calculator,Corporate,Priya,14,429991.44,248365.63,181625.81,73737.4,107888.41,390681.01,39310.44,25.09,-5.69,INR
ORD-104822,14-10-2024,FY2024,Q4,October,North,Technology,Printer,Corporate,Rahul,2,38358.45,24437.57,13920.88,3963.02,9957.86,35248.73,3109.72,25.96,21.72,INR
ORD-102454,14-10-2024,FY2024,Q4,October,South,Consumer Goods,Water Bottle,Corporate,Rahul,14,26574.62,17184.68,9389.94,4554.11,4835.83,24655.89,1918.73,18.2,14.93,INR
ORD-103390,14-10-2024,FY2024,Q4,October,West,Technology,Smartphone,Consumer,Rohit,4,21551.85,11295.67,10256.18,2422.68,7833.5,23559.29,-2007.44,36.35,18.27,INR
ORD-103676,15-10-2024,FY2024,Q4,October,South,Technology,Smartphone,Consumer,Priya,15,340422.33,205283.52,135138.81,28884.36,106254.45,354423.4,-14001.07,31.21,5.54,INR
ORD-103951,15-10-2024,FY2024,Q4,October,East,Consumer Goods,Headphones,Corporate,Rahul,10,77516.97,51304.57,26212.4,9705.3,16507.1,78960.49,-1443.52,21.29,6.81,INR
ORD-100745,15-10-2024,FY2024,Q4,October,North,Furniture,Desk,Small Business,Priya,1,27886.33,19618.52,8267.81,5322.8,2945.01,27712.56,173.77,10.56,1.84,INR
ORD-100286,15-10-2024,FY2024,Q4,October,South,Office Supplies,Paper Pack,Consumer,Vikas,1,32782.37,17223.17,15559.2,7060.18,8499.02,36395.05,-3612.67,25.93,4.65,INR
ORD-102504,16-10-2024,FY2024,Q4,October,West,Furniture,Cabinet,Consumer,Priya,8,30757.93,19330.8,11427.13,5004.6,6422.53,33391.75,-2633.82,20.88,11.99,INR
ORD-104061,16-10-2024,FY2024,Q4,October,West,Furniture,Office Chair,Small Business,Neha,6,159318.86,101234.45,58084.41,24345.1,33739.31,171925.54,-12606.68,21.18,23.53,INR
ORD-104207,17-10-2024,FY2024,Q4,October,South,Consumer Goods,Calculator,Small Business,Vikas,2,38829.53,26260.96,12568.57,5053.07,7515.51,40190.62,-1361.09,19.36,-7.75,INR
ORD-104332,17-10-2024,FY2024,Q4,October,North,Furniture,Cabinet,Corporate,Rohit,13,535179.33,342632.75,192546.58,117592.33,74954.25,484334.13,50845.2,14.01,6.7,INR
ORD-100495,17-10-2024,FY2024,Q4,October,North,Office Supplies,File Folder,Consumer,Amit,11,371778.69,265012.98,106765.71,54567.38,52198.33,342057.3,29721.4,14.04,23.32,INR
ORD-100317,17-10-2024,FY2024,Q4,October,East,Furniture,Conference Table,Corporate,Vikas,8,36139.13,21567.44,14571.68,7250.05,7321.64,36976.9,-837.78,20.26,16.45,INR
ORD-102623,18-10-2024,FY2024,Q4,October,Central,Office Supplies,Notebook,Consumer,Neha,5,15630.31,10155.31,5475,1595.93,3879.07,14162.37,1467.95,24.82,16.32,INR
ORD-104051,18-10-2024,FY2024,Q4,October,East,Furniture,Conference Table,Corporate,Neha,8,245656.34,167731.49,77924.85,34968.63,42956.22,268699.38,-23043.05,17.49,12.51,INR
ORD-100321,18-10-2024,FY2024,Q4,October,North,Healthcare,BP Monitor,Consumer,Sneha,14,47754.91,32823.52,14931.39,10231.15,4700.23,49429.36,-1674.45,9.84,17.01,INR
ORD-103259,18-10-2024,FY2024,Q4,October,South,Technology,Tablet,Small Business,Sneha,10,177731.44,123871.59,53859.86,32636.33,21223.52,172871.11,4860.34,11.94,14.14,INR
ORD-101730,18-10-2024,FY2024,Q4,October,West,Office Supplies,Stapler,Small Business,Rohit,4,140979.74,93163.85,47815.89,12195.52,35620.38,153553.41,-12573.67,25.27,-2.64,INR
ORD-103477,19-10-2024,FY2024,Q4,October,East,Technology,Tablet,Consumer,Anjali,12,278655.83,159060.43,119595.41,42882.57,76712.84,271997.77,6658.07,27.53,5.77,INR
ORD-103559,19-10-2024,FY2024,Q4,October,North,Office Supplies,Stapler,Corporate,Rohit,3,133283.05,97931.45,35351.6,25060.25,10291.35,121514.81,11768.24,7.72,8.43,INR
ORD-104127,19-10-2024,FY2024,Q4,October,Central,Furniture,Desk,Consumer,Priya,20,419850.84,269771.82,150079.02,49142.51,100936.52,454371.72,-34520.88,24.04,21.24,INR
ORD-104654,19-10-2024,FY2024,Q4,October,South,Technology,Monitor,Corporate,Rahul,20,31018.19,19252.33,11765.86,5727.59,6038.27,31879.27,-861.09,19.47,16.46,INR
ORD-100445,19-10-2024,FY2024,Q4,October,North,Healthcare,BP Monitor,Consumer,Rahul,5,225970.16,158003.04,67967.12,30599.86,37367.26,241277.46,-15307.3,16.54,20.64,INR
ORD-103149,20-10-2024,FY2024,Q4,October,North,Consumer Goods,Calculator,Corporate,Sneha,7,154392.47,103973.81,50418.66,31962.56,18456.1,165231.85,-10839.38,11.95,24.34,INR
ORD-102422,20-10-2024,FY2024,Q4,October,Central,Furniture,Desk,Corporate,Vikas,16,18143.41,12196.37,5947.03,3880.99,2066.04,17612.08,531.32,11.39,6.12,INR
ORD-103469,20-10-2024,FY2024,Q4,October,Central,Healthcare,Thermometer,Consumer,Anjali,1,18437.2,10182.57,8254.63,1729.56,6525.08,17246.28,1190.92,35.39,11.48,INR
ORD-100239,20-10-2024,FY2024,Q4,October,North,Healthcare,BP Monitor,Consumer,Vikas,4,13938.93,9339.36,4599.57,1731.65,2867.92,14742.3,-803.38,20.57,20.1,INR
ORD-102097,21-10-2024,FY2024,Q4,October,South,Furniture,Office Chair,Consumer,Vikas,13,95232.72,67517.75,27714.96,15591.8,12123.17,105119.96,-9887.25,12.73,8.45,INR
ORD-102737,21-10-2024,FY2024,Q4,October,North,Consumer Goods,Backpack,Consumer,Rohit,10,380576.74,236371.2,144205.54,61458.89,82746.65,402927.77,-22351.03,21.74,16.92,INR
ORD-103693,21-10-2024,FY2024,Q4,October,South,Furniture,Cabinet,Consumer,Sneha,9,7650.14,4471.6,3178.54,1178.96,1999.57,7820.03,-169.89,26.14,-5.4,INR
ORD-103789,21-10-2024,FY2024,Q4,October,North,Consumer Goods,Calculator,Small Business,Priya,15,73106.89,45740.71,27366.18,15619.12,11747.06,73373.13,-266.24,16.07,14,INR
ORD-100169,21-10-2024,FY2024,Q4,October,North,Furniture,Bookshelf,Corporate,Neha,9,384836.11,241591.2,143244.91,39870.89,103374.02,424591.67,-39755.57,26.86,-3.07,INR
ORD-103999,22-10-2024,FY2024,Q4,October,North,Technology,Tablet,Small Business,Vikas,16,138075.23,77846.76,60228.48,11119.2,49109.28,139497.78,-1422.55,35.57,12.09,INR
ORD-100866,22-10-2024,FY2024,Q4,October,South,Consumer Goods,Backpack,Consumer,Amit,17,41415.76,28064.33,13351.43,4310.97,9040.46,37462.54,3953.22,21.83,14.17,INR
ORD-101069,22-10-2024,FY2024,Q4,October,South,Office Supplies,Notebook,Consumer,Neha,16,380866.3,261141.09,119725.2,39786.56,79938.64,405772.49,-24906.2,20.99,-5.96,INR
ORD-104391,22-10-2024,FY2024,Q4,October,South,Technology,Smartphone,Consumer,Rahul,11,372492.69,249804.89,122687.8,49924.64,72763.16,386401.71,-13909.02,19.53,6.65,INR
ORD-103084,22-10-2024,FY2024,Q4,October,North,Technology,Laptop,Corporate,Sneha,5,31512.1,18195.67,13316.43,3972.21,9344.22,30851.48,660.62,29.65,-6.78,INR
ORD-101855,22-10-2024,FY2024,Q4,October,West,Technology,Printer,Consumer,Priya,7,247985.75,179384.88,68600.87,37648.28,30952.6,228017.99,19967.76,12.48,22.87,INR
ORD-103872,22-10-2024,FY2024,Q4,October,South,Office Supplies,Notebook,Corporate,Anjali,20,502994.84,353755.21,149239.63,43391.91,105847.72,456356.47,46638.38,21.04,18.76,INR
ORD-103017,22-10-2024,FY2024,Q4,October,Central,Furniture,Conference Table,Consumer,Anjali,5,90509.86,53561.25,36948.61,18093.98,18854.64,83886.12,6623.74,20.83,22.37,INR
ORD-101668,22-10-2024,FY2024,Q4,October,West,Healthcare,BP Monitor,Consumer,Neha,8,133410.5,93947.7,39462.8,16946.09,22516.7,123470.69,9939.81,16.88,16.48,INR
ORD-102407,22-10-2024,FY2024,Q4,October,North,Office Supplies,Notebook,Corporate,Rohit,7,174397.76,130480.14,43917.62,18135.25,25782.37,165107.83,9289.93,14.78,16.07,INR
ORD-101982,22-10-2024,FY2024,Q4,October,South,Consumer Goods,Water Bottle,Consumer,Rohit,10,414558.75,307764.92,106793.82,50228.48,56565.35,424091.84,-9533.09,13.64,5.32,INR
ORD-101414,23-10-2024,FY2024,Q4,October,East,Furniture,Office Chair,Small Business,Vikas,2,10348.38,7382.52,2965.86,1316.52,1649.33,10804.87,-456.49,15.94,8.81,INR
ORD-103400,23-10-2024,FY2024,Q4,October,North,Office Supplies,Pen Set,Small Business,Amit,1,22587.83,15818.51,6769.32,4261.61,2507.71,21191.82,1396.01,11.1,7.91,INR
ORD-101991,23-10-2024,FY2024,Q4,October,East,Technology,Monitor,Small Business,Priya,8,140091.17,88669.69,51421.48,23570.98,27850.49,143043.74,-2952.58,19.88,9.93,INR
ORD-103238,23-10-2024,FY2024,Q4,October,South,Healthcare,Medical Kit,Corporate,Rohit,11,363660.45,204279.28,159381.17,53923.96,105457.21,392171.78,-28511.33,29,24.57,INR
ORD-103377,23-10-2024,FY2024,Q4,October,West,Consumer Goods,Water Bottle,Small Business,Amit,15,22122.74,11875.16,10247.58,4628.63,5618.94,21061.6,1061.14,25.4,20.98,INR
ORD-100892,23-10-2024,FY2024,Q4,October,West,Furniture,Cabinet,Consumer,Vikas,8,371959.29,269617.96,102341.34,58398.74,43942.6,381414.04,-9454.75,11.81,9.18,INR
ORD-102365,23-10-2024,FY2024,Q4,October,North,Consumer Goods,Backpack,Consumer,Vikas,17,460821.18,338703.7,122117.47,37455.91,84661.56,470809.95,-9988.78,18.37,8.62,INR
ORD-101669,23-10-2024,FY2024,Q4,October,West,Office Supplies,Pen Set,Corporate,Rohit,5,189646.88,147484.71,42162.17,36936.76,5225.41,203502.08,-13855.2,2.76,-3.11,INR
ORD-100705,23-10-2024,FY2024,Q4,October,South,Technology,Monitor,Consumer,Sneha,17,445016.71,263796.11,181220.6,95761.16,85459.43,470606.51,-25589.8,19.2,0.08,INR
ORD-104709,23-10-2024,FY2024,Q4,October,North,Furniture,Conference Table,Consumer,Rahul,1,42833.07,27468.97,15364.1,7083.75,8280.36,45238.38,-2405.31,19.33,6.96,INR
ORD-101717,23-10-2024,FY2024,Q4,October,South,Technology,Printer,Corporate,Neha,13,400070.43,225032.86,175037.57,61237.85,113799.73,378493.21,21577.22,28.44,3.8,INR
ORD-101986,24-10-2024,FY2024,Q4,October,South,Consumer Goods,Travel Bag,Corporate,Rahul,8,159153.11,87160.66,71992.44,13809.4,58183.04,147703.36,11449.75,36.56,2.46,INR
ORD-104918,24-10-2024,FY2024,Q4,October,East,Healthcare,First Aid Box,Consumer,Neha,20,481903.79,336662.82,145240.98,47233.3,98007.68,513514.23,-31610.44,20.34,-6.94,INR
ORD-101814,24-10-2024,FY2024,Q4,October,Central,Technology,Monitor,Corporate,Priya,17,429937.54,320286.14,109651.4,48594.53,61056.87,478014.55,-48077,14.2,-1.85,INR
ORD-100408,24-10-2024,FY2024,Q4,October,South,Office Supplies,Pen Set,Consumer,Amit,14,24921.25,16064.98,8856.27,3836,5020.27,22919.33,2001.91,20.14,8.09,INR
ORD-104722,24-10-2024,FY2024,Q4,October,East,Consumer Goods,Calculator,Small Business,Priya,8,317805.59,204595.23,113210.36,56884.59,56325.78,344496.48,-26690.89,17.72,24.51,INR
ORD-104134,24-10-2024,FY2024,Q4,October,Central,Consumer Goods,Headphones,Corporate,Rohit,3,113356.32,66030.22,47326.1,13749.42,33576.68,119934.07,-6577.75,29.62,6.33,INR
ORD-104386,24-10-2024,FY2024,Q4,October,North,Healthcare,Gloves,Corporate,Priya,12,107935.36,64847.25,43088.11,15397.72,27690.39,115954.38,-8019.02,25.65,17.5,INR
ORD-101919,25-10-2024,FY2024,Q4,October,North,Technology,Printer,Consumer,Vikas,5,189028.2,146561.51,42466.69,21171.63,21295.07,196872.93,-7844.73,11.27,-6.81,INR
ORD-100885,25-10-2024,FY2024,Q4,October,East,Technology,Tablet,Corporate,Amit,17,130737.23,76299.24,54437.99,18789.62,35648.37,119920.16,10817.07,27.27,11.8,INR
ORD-101035,25-10-2024,FY2024,Q4,October,East,Consumer Goods,Water Bottle,Consumer,Rohit,17,313519.61,188970.18,124549.43,51949.29,72600.14,313341.66,177.94,23.16,13.87,INR
ORD-101655,25-10-2024,FY2024,Q4,October,South,Consumer Goods,Backpack,Consumer,Sneha,9,110959.59,83457.9,27501.69,13705.81,13795.88,121156.65,-10197.06,12.43,17.03,INR
ORD-100140,25-10-2024,FY2024,Q4,October,West,Furniture,Bookshelf,Small Business,Amit,4,7205.39,3761.72,3443.67,850.43,2593.25,7905.83,-700.44,35.99,2.31,INR
ORD-102077,25-10-2024,FY2024,Q4,October,East,Technology,Tablet,Consumer,Amit,10,262146.08,161400.68,100745.4,31212.47,69532.93,272360.56,-10214.48,26.52,24.52,INR
ORD-100790,26-10-2024,FY2024,Q4,October,Central,Technology,Smartphone,Consumer,Rahul,8,32470.55,21035.14,11435.42,2974.51,8460.91,34381.26,-1910.7,26.06,20.79,INR
ORD-104838,26-10-2024,FY2024,Q4,October,East,Furniture,Bookshelf,Corporate,Neha,14,581978.68,320006.65,261972.03,66381.01,195591.03,554466.24,27512.44,33.61,23.5,INR
ORD-101589,26-10-2024,FY2024,Q4,October,West,Furniture,Desk,Consumer,Rahul,10,191624.83,143707.76,47917.07,30294.71,17622.36,190051.92,1572.91,9.2,21.95,INR
ORD-102854,26-10-2024,FY2024,Q4,October,West,Furniture,Desk,Corporate,Amit,7,303553.96,178347.47,125206.49,39676.89,85529.6,331046.21,-27492.25,28.18,3.44,INR
ORD-100668,27-10-2024,FY2024,Q4,October,North,Office Supplies,Stapler,Corporate,Sneha,2,34885.99,21612.31,13273.68,3649.87,9623.81,33512.02,1373.97,27.59,1.71,INR
ORD-100991,27-10-2024,FY2024,Q4,October,North,Office Supplies,Stapler,Consumer,Rahul,14,474711.31,288278.55,186432.75,76381.47,110051.28,457854.28,16857.03,23.18,-1.54,INR
ORD-100893,27-10-2024,FY2024,Q4,October,North,Furniture,Conference Table,Consumer,Rohit,20,207480.93,153662.4,53818.53,21006.74,32811.79,195401.7,12079.23,15.81,10.42,INR
ORD-104467,27-10-2024,FY2024,Q4,October,North,Consumer Goods,Travel Bag,Corporate,Neha,1,29755.88,20545.07,9210.81,4768.93,4441.88,30912.91,-1157.04,14.93,21.07,INR
ORD-102637,27-10-2024,FY2024,Q4,October,North,Consumer Goods,Headphones,Small Business,Vikas,16,416379.8,287512.65,128867.14,34055.89,94811.26,432062.47,-15682.68,22.77,3.68,INR
ORD-102986,28-10-2024,FY2024,Q4,October,South,Consumer Goods,Calculator,Consumer,Anjali,7,23358.97,17159.67,6199.3,3112.44,3086.86,25144.51,-1785.54,13.21,13.91,INR
ORD-100626,28-10-2024,FY2024,Q4,October,North,Office Supplies,Stapler,Consumer,Amit,18,721673.68,470162.32,251511.35,137090.61,114420.74,665222.81,56450.87,15.85,-6.84,INR
ORD-102516,28-10-2024,FY2024,Q4,October,West,Technology,Tablet,Corporate,Sneha,5,162069.06,84797.21,77271.85,26949.86,50322,150272.87,11796.19,31.05,24.95,INR
ORD-103921,29-10-2024,FY2024,Q4,October,West,Technology,Smartphone,Consumer,Anjali,17,162950.36,125215.44,37734.92,22671.2,15063.72,164289.91,-1339.55,9.24,18.13,INR
ORD-100504,29-10-2024,FY2024,Q4,October,East,Consumer Goods,Backpack,Consumer,Sneha,13,474688.49,276330.68,198357.81,38065.59,160292.22,435490.45,39198.04,33.77,-4.8,INR
ORD-103459,29-10-2024,FY2024,Q4,October,East,Technology,Monitor,Corporate,Neha,14,499492.44,288223.72,211268.72,59079.62,152189.1,518429.71,-18937.26,30.47,-2.86,INR
ORD-102764,29-10-2024,FY2024,Q4,October,West,Office Supplies,File Folder,Consumer,Rohit,7,136458.05,74821.63,61636.42,15824.16,45812.26,123097.87,13360.18,33.57,10.03,INR
ORD-103214,30-10-2024,FY2024,Q4,October,West,Office Supplies,Notebook,Small Business,Sneha,20,328394.49,177591.7,150802.79,57671.59,93131.2,302843.06,25551.43,28.36,11.29,INR
ORD-101533,30-10-2024,FY2024,Q4,October,Central,Healthcare,Medical Kit,Consumer,Rohit,18,85959.57,51741,34218.57,7634.19,26584.38,91013.31,-5053.74,30.93,9.18,INR
ORD-104890,30-10-2024,FY2024,Q4,October,West,Office Supplies,Notebook,Corporate,Amit,19,294975.81,180700.23,114275.58,33418.64,80856.94,304170.61,-9194.81,27.41,3.48,INR
ORD-102280,31-10-2024,FY2024,Q4,October,North,Healthcare,Gloves,Small Business,Anjali,5,165966.19,94832.27,71133.92,27401.87,43732.05,166652.72,-686.53,26.35,-3.88,INR
ORD-100911,31-10-2024,FY2024,Q4,October,West,Technology,Tablet,Small Business,Rahul,16,352364.14,192949.1,159415.03,48301.22,111113.82,349125.67,3238.46,31.53,3.56,INR
ORD-101725,31-10-2024,FY2024,Q4,October,North,Consumer Goods,Headphones,Small Business,Vikas,12,390402.75,232990.62,157412.13,41616.15,115795.98,359937.21,30465.54,29.66,21.08,INR
ORD-103976,31-10-2024,FY2024,Q4,October,Central,Furniture,Cabinet,Corporate,Neha,10,428540.13,234777.5,193762.63,60913.09,132849.54,433982.99,-5442.86,31,13.33,INR
ORD-101623,31-10-2024,FY2024,Q4,October,Central,Consumer Goods,Travel Bag,Corporate,Rohit,10,384979.07,232036.4,152942.67,76029.22,76913.45,418888.66,-33909.59,19.98,5.76,INR
ORD-103517,01-11-2024,FY2024,Q4,November,West,Furniture,Conference Table,Corporate,Rohit,7,152309.91,118647.45,33662.46,21197.65,12464.81,159419.04,-7109.13,8.18,-3.67,INR
ORD-101865,02-11-2024,FY2024,Q4,November,East,Healthcare,Gloves,Consumer,Amit,15,539900.79,280749.19,259151.6,46758.7,212392.9,583837.57,-43936.77,39.34,20.74,INR
ORD-101810,02-11-2024,FY2024,Q4,November,West,Technology,Smartphone,Consumer,Vikas,4,45142.83,30057.89,15084.94,7986.22,7098.72,41641.5,3501.32,15.73,20,INR
ORD-103391,02-11-2024,FY2024,Q4,November,Central,Healthcare,Gloves,Consumer,Neha,9,306344.66,164629.62,141715.04,35765.95,105949.09,329203.08,-22858.43,34.58,0.39,INR
ORD-100628,02-11-2024,FY2024,Q4,November,East,Consumer Goods,Water Bottle,Consumer,Priya,19,584290.8,340100.31,244190.49,127930.48,116260.01,554794.77,29496.03,19.9,-0.91,INR
ORD-101233,02-11-2024,FY2024,Q4,November,East,Technology,Smartphone,Corporate,Rohit,5,41093.19,21572,19521.2,5848.13,13673.07,45450.48,-4357.29,33.27,-2.64,INR
ORD-102154,02-11-2024,FY2024,Q4,November,Central,Furniture,Bookshelf,Consumer,Sneha,7,69540.91,45318.6,24222.32,9909.79,14312.53,65904.24,3636.67,20.58,-1.11,INR
ORD-102542,02-11-2024,FY2024,Q4,November,Central,Technology,Smartphone,Consumer,Rahul,4,195825.04,115898.07,79926.97,41365.69,38561.27,203902.49,-8077.45,19.69,5.37,INR
ORD-100487,02-11-2024,FY2024,Q4,November,Central,Healthcare,BP Monitor,Corporate,Priya,15,197314.36,140856.53,56457.82,39551.84,16905.99,197364.35,-49.99,8.57,22.28,INR
ORD-101666,03-11-2024,FY2024,Q4,November,Central,Furniture,Bookshelf,Corporate,Neha,11,51746.41,37645.31,14101.11,10727.59,3373.52,52866.34,-1119.93,6.52,18.38,INR
ORD-101360,03-11-2024,FY2024,Q4,November,North,Consumer Goods,Water Bottle,Small Business,Vikas,1,3569,2607.48,961.51,582.44,379.07,3429.8,139.2,10.62,-2.85,INR
ORD-104531,03-11-2024,FY2024,Q4,November,East,Consumer Goods,Travel Bag,Corporate,Anjali,7,235290.79,182304.06,52986.73,19151.05,33835.67,260174.97,-24884.18,14.38,14.01,INR
ORD-102386,03-11-2024,FY2024,Q4,November,Central,Consumer Goods,Calculator,Corporate,Rahul,4,64589.2,36515.76,28073.43,9523.21,18550.23,60386.63,4202.56,28.72,14.67,INR
ORD-103414,04-11-2024,FY2024,Q4,November,Central,Furniture,Desk,Consumer,Priya,2,98058.73,52889.19,45169.54,16273.65,28895.88,108339.47,-10280.74,29.47,-0.13,INR
ORD-100571,04-11-2024,FY2024,Q4,November,South,Furniture,Office Chair,Small Business,Priya,14,101754.46,69379.15,32375.31,12145.79,20229.52,97543.34,4211.12,19.88,-1.06,INR
ORD-104371,04-11-2024,FY2024,Q4,November,West,Office Supplies,Paper Pack,Consumer,Vikas,11,82290.88,45499.5,36791.37,7166.56,29624.82,89995.78,-7704.9,36,22.11,INR
ORD-103135,04-11-2024,FY2024,Q4,November,South,Consumer Goods,Backpack,Consumer,Amit,1,37517.3,24030.95,13486.35,7017,6469.34,36402.26,1115.04,17.24,-0.54,INR
ORD-102593,04-11-2024,FY2024,Q4,November,North,Office Supplies,Paper Pack,Small Business,Neha,3,102232.57,53878.5,48354.07,10729.72,37624.35,110312.81,-8080.24,36.8,6.64,INR
ORD-104033,04-11-2024,FY2024,Q4,November,South,Healthcare,Thermometer,Consumer,Vikas,2,68381.01,44662.73,23718.28,11650.09,12068.19,72879.18,-4498.16,17.65,24.29,INR
ORD-104973,04-11-2024,FY2024,Q4,November,South,Healthcare,Medical Kit,Corporate,Amit,6,149510.89,114917.6,34593.29,27607.35,6985.94,146296.69,3214.2,4.67,18.7,INR
ORD-101247,05-11-2024,FY2024,Q4,November,North,Healthcare,BP Monitor,Consumer,Priya,3,35994.72,19136.91,16857.81,3342.44,13515.38,36975.19,-980.47,37.55,-6.47,INR
ORD-102835,05-11-2024,FY2024,Q4,November,West,Healthcare,First Aid Box,Small Business,Priya,17,717190.36,396049.99,321140.36,72313.18,248827.19,771976.49,-54786.13,34.69,16.76,INR
ORD-104065,05-11-2024,FY2024,Q4,November,South,Healthcare,Thermometer,Consumer,Neha,9,448994.53,236333.01,212661.52,70833.07,141828.45,416047.06,32947.48,31.59,6.33,INR
ORD-100507,06-11-2024,FY2024,Q4,November,North,Office Supplies,File Folder,Small Business,Amit,9,280313.7,154691.81,125621.89,26432.79,99189.1,308506.28,-28192.58,35.39,3.06,INR
ORD-100400,06-11-2024,FY2024,Q4,November,East,Furniture,Office Chair,Corporate,Sneha,5,31968.03,17580,14388.03,6305.54,8082.48,35235.56,-3267.53,25.28,-4.13,INR
ORD-101028,06-11-2024,FY2024,Q4,November,East,Consumer Goods,Headphones,Consumer,Priya,5,126113.56,78485.95,47627.61,23993.51,23634.1,122538.27,3575.29,18.74,19.48,INR
ORD-102380,06-11-2024,FY2024,Q4,November,West,Furniture,Conference Table,Consumer,Anjali,3,23780.9,14799.19,8981.72,4122.07,4859.65,23690.54,90.37,20.44,1.45,INR
ORD-100555,07-11-2024,FY2024,Q4,November,West,Office Supplies,Notebook,Consumer,Rahul,13,508975.27,341178.57,167796.7,105604.9,62191.8,490183.86,18791.41,12.22,19.71,INR
ORD-103566,08-11-2024,FY2024,Q4,November,Central,Consumer Goods,Travel Bag,Consumer,Sneha,6,239282.65,139271.48,100011.17,20232.01,79779.15,223441.29,15841.35,33.34,5.79,INR
ORD-101770,08-11-2024,FY2024,Q4,November,West,Technology,Monitor,Corporate,Amit,3,65838.6,37298.73,28539.87,13972.44,14567.43,73338.82,-7500.22,22.13,12.89,INR
ORD-104045,08-11-2024,FY2024,Q4,November,South,Furniture,Conference Table,Small Business,Anjali,18,195743.74,102143.5,93600.24,28669.8,64930.44,205991.11,-10247.37,33.17,1.04,INR
ORD-102232,09-11-2024,FY2024,Q4,November,Central,Consumer Goods,Travel Bag,Small Business,Sneha,16,746107.61,485387.6,260720,106883.86,153836.14,711671.41,34436.19,20.62,15.32,INR
ORD-103784,09-11-2024,FY2024,Q4,November,Central,Office Supplies,File Folder,Small Business,Sneha,4,45220.61,26707.15,18513.46,7710.4,10803.06,45773.92,-553.31,23.89,21.99,INR
ORD-102543,09-11-2024,FY2024,Q4,November,East,Office Supplies,Paper Pack,Corporate,Rohit,16,429090.38,257064.93,172025.46,63118.76,108906.7,449348.36,-20257.98,25.38,8.03,INR
ORD-102222,10-11-2024,FY2024,Q4,November,Central,Technology,Laptop,Consumer,Rohit,11,187362.68,140553.54,46809.14,18046.12,28763.02,196205.66,-8842.98,15.35,1.16,INR
ORD-103321,10-11-2024,FY2024,Q4,November,North,Furniture,Cabinet,Consumer,Anjali,20,183184.23,112481.22,70703.01,15079.88,55623.13,182756,428.23,30.36,21.22,INR
ORD-103064,10-11-2024,FY2024,Q4,November,Central,Technology,Printer,Small Business,Amit,1,9191.39,6695.37,2496.02,875.67,1620.35,9895.84,-704.45,17.63,-6.31,INR
ORD-104733,10-11-2024,FY2024,Q4,November,Central,Consumer Goods,Backpack,Consumer,Sneha,15,648785.86,500202.56,148583.3,129449.35,19133.95,653595.14,-4809.28,2.95,23.33,INR
ORD-103202,11-11-2024,FY2024,Q4,November,West,Office Supplies,Notebook,Corporate,Priya,15,52493.21,33997.78,18495.43,9704.51,8790.92,48455.11,4038.1,16.75,-5.15,INR
ORD-103060,11-11-2024,FY2024,Q4,November,East,Technology,Smartphone,Consumer,Priya,4,66080.16,43433.69,22646.47,11022.92,11623.56,73059.56,-6979.4,17.59,-3.75,INR
ORD-104397,11-11-2024,FY2024,Q4,November,South,Furniture,Conference Table,Corporate,Vikas,3,54982.62,37300.12,17682.5,9537.92,8144.58,54256.88,725.75,14.81,16.07,INR
ORD-103115,11-11-2024,FY2024,Q4,November,East,Consumer Goods,Headphones,Corporate,Amit,13,85075.34,63495.26,21580.08,10760.32,10819.76,83020.61,2054.73,12.72,10.15,INR
ORD-101648,12-11-2024,FY2024,Q4,November,East,Furniture,Bookshelf,Small Business,Neha,14,559902.59,318711.82,241190.77,66451.64,174739.13,555106.93,4795.66,31.21,22.48,INR
ORD-100126,12-11-2024,FY2024,Q4,November,Central,Office Supplies,Notebook,Consumer,Vikas,11,21189.99,15543.99,5646,3532.03,2113.97,22683.85,-1493.86,9.98,10.48,INR
ORD-100298,12-11-2024,FY2024,Q4,November,North,Furniture,Office Chair,Corporate,Sneha,19,148350.89,102206.95,46143.94,13830.45,32313.49,153369.04,-5018.15,21.78,-2.57,INR
ORD-100634,12-11-2024,FY2024,Q4,November,Central,Office Supplies,Pen Set,Consumer,Amit,3,123190.81,85909.14,37281.68,19502.77,17778.91,132087.77,-8896.96,14.43,-5.82,INR
ORD-104735,12-11-2024,FY2024,Q4,November,West,Office Supplies,Stapler,Small Business,Priya,3,14330.9,9886.19,4444.71,2743.76,1700.95,13415.59,915.31,11.87,4.11,INR
ORD-100846,13-11-2024,FY2024,Q4,November,Central,Furniture,Bookshelf,Small Business,Sneha,8,280701,204461.6,76239.4,49962.11,26277.29,306134.49,-25433.48,9.36,-0.88,INR
ORD-103638,13-11-2024,FY2024,Q4,November,South,Office Supplies,Notebook,Corporate,Sneha,8,135882.76,93240.69,42642.07,19190.96,23451.1,144631.57,-8748.81,17.26,20.65,INR
ORD-102674,13-11-2024,FY2024,Q4,November,Central,Office Supplies,Paper Pack,Corporate,Sneha,4,160153.22,120531.76,39621.46,20253.36,19368.09,163717.35,-3564.13,12.09,17.98,INR
ORD-100099,14-11-2024,FY2024,Q4,November,West,Technology,Monitor,Consumer,Sneha,10,485349.39,361558.33,123791.05,77297.62,46493.43,448661.48,36687.91,9.58,-2.91,INR
ORD-100139,14-11-2024,FY2024,Q4,November,Central,Healthcare,Thermometer,Consumer,Neha,10,432995,228158.49,204836.51,47551.64,157284.87,479876.97,-46881.97,36.32,12.91,INR
ORD-100486,15-11-2024,FY2024,Q4,November,West,Healthcare,Thermometer,Corporate,Vikas,19,186768.99,103988.58,82780.41,40471.35,42309.06,204984.29,-18215.29,22.65,-3.79,INR
ORD-103569,15-11-2024,FY2024,Q4,November,South,Office Supplies,File Folder,Consumer,Rohit,12,69998.89,54465.97,15532.92,6841.83,8691.09,67174.17,2824.72,12.42,7.07,INR
ORD-103492,15-11-2024,FY2024,Q4,November,East,Technology,Tablet,Corporate,Anjali,4,135965.21,98466.24,37498.97,24866.85,12632.13,148703.34,-12738.13,9.29,24.08,INR
ORD-102998,15-11-2024,FY2024,Q4,November,Central,Furniture,Desk,Consumer,Amit,12,235312.37,153615.64,81696.73,39763.25,41933.48,246712.99,-11400.62,17.82,7.75,INR
ORD-104445,15-11-2024,FY2024,Q4,November,South,Technology,Monitor,Small Business,Rahul,19,308222.75,192265.44,115957.31,61316.19,54641.12,285204.95,23017.8,17.73,14.89,INR
ORD-104714,15-11-2024,FY2024,Q4,November,East,Consumer Goods,Travel Bag,Consumer,Anjali,8,178627.54,114520.56,64106.97,25092.86,39014.11,179210.21,-582.67,21.84,-6.68,INR
ORD-100561,15-11-2024,FY2024,Q4,November,North,Office Supplies,Notebook,Consumer,Rahul,10,163885.83,100097.33,63788.5,17347.33,46441.17,150921.64,12964.19,28.34,24.71,INR
ORD-104512,15-11-2024,FY2024,Q4,November,East,Healthcare,First Aid Box,Consumer,Anjali,19,107691.45,80467.81,27223.64,12999.28,14224.36,114106.47,-6415.01,13.21,-3.5,INR
ORD-100281,15-11-2024,FY2024,Q4,November,South,Office Supplies,Paper Pack,Consumer,Sneha,9,207074.45,122705.53,84368.91,30176.37,54192.55,202213.9,4860.54,26.17,2.69,INR
ORD-101408,15-11-2024,FY2024,Q4,November,North,Technology,Smartphone,Small Business,Vikas,17,719185.81,384180.5,335005.32,99260.44,235744.88,738227.23,-19041.42,32.78,21.3,INR
ORD-104191,15-11-2024,FY2024,Q4,November,East,Furniture,Conference Table,Consumer,Vikas,20,946311.6,670041.56,276270.04,207399.14,68870.9,898739.98,47571.62,7.28,22.55,INR
ORD-102130,16-11-2024,FY2024,Q4,November,East,Healthcare,Thermometer,Small Business,Rohit,8,384929.41,237948.89,146980.52,70138.91,76841.62,386882.55,-1953.14,19.96,-4.32,INR
ORD-100264,16-11-2024,FY2024,Q4,November,North,Technology,Tablet,Consumer,Amit,19,459314.88,341707.76,117607.12,59819.67,57787.45,494447.53,-35132.66,12.58,17.64,INR
ORD-104877,16-11-2024,FY2024,Q4,November,North,Consumer Goods,Calculator,Consumer,Sneha,19,100903.22,78282.86,22620.36,8616.67,14003.69,92667.5,8235.72,13.88,-2.13,INR
ORD-102910,16-11-2024,FY2024,Q4,November,East,Technology,Smartphone,Corporate,Priya,18,75690.33,43623.54,32066.78,12993.81,19072.97,75952.53,-262.21,25.2,-7.13,INR
ORD-101972,16-11-2024,FY2024,Q4,November,South,Consumer Goods,Water Bottle,Corporate,Neha,7,177900.82,104830.41,73070.4,26035.97,47034.43,160167.27,17733.55,26.44,24.87,INR
ORD-101273,17-11-2024,FY2024,Q4,November,Central,Technology,Printer,Consumer,Amit,15,310721.91,180799.65,129922.26,59512.54,70409.73,326093.04,-15371.13,22.66,-5.67,INR
ORD-100028,17-11-2024,FY2024,Q4,November,North,Technology,Tablet,Consumer,Sneha,10,134042.32,86461.15,47581.17,14526.33,33054.83,148141.12,-14098.8,24.66,21.12,INR
ORD-101664,17-11-2024,FY2024,Q4,November,East,Technology,Printer,Small Business,Amit,6,164107.7,111728.17,52379.53,20836.72,31542.81,176006.5,-11898.8,19.22,19.81,INR
ORD-101492,17-11-2024,FY2024,Q4,November,Central,Office Supplies,Paper Pack,Corporate,Sneha,12,126899.62,68305.02,58594.61,16532.67,42061.94,139108.28,-12208.66,33.15,3.25,INR
ORD-101087,18-11-2024,FY2024,Q4,November,South,Furniture,Bookshelf,Consumer,Neha,17,426610.93,300999.98,125610.95,56024.44,69586.51,414138.92,12472.01,16.31,7.29,INR
ORD-103601,18-11-2024,FY2024,Q4,November,Central,Technology,Tablet,Corporate,Anjali,1,7892.99,6104.86,1788.13,1137.48,650.65,7244.43,648.56,8.24,-7.28,INR
ORD-103778,18-11-2024,FY2024,Q4,November,West,Healthcare,First Aid Box,Consumer,Amit,6,90493.89,58608.66,31885.23,15802.44,16082.79,96006.78,-5512.89,17.77,10.68,INR
ORD-104883,18-11-2024,FY2024,Q4,November,West,Healthcare,Medical Kit,Small Business,Priya,9,80839.55,57312.9,23526.65,9509.55,14017.1,88450.94,-7611.39,17.34,2.68,INR
ORD-101553,18-11-2024,FY2024,Q4,November,East,Healthcare,First Aid Box,Corporate,Priya,2,27986.71,15275.8,12710.91,2293.34,10417.57,27065.43,921.28,37.22,8.66,INR
ORD-102268,18-11-2024,FY2024,Q4,November,South,Furniture,Office Chair,Small Business,Rahul,5,23594.09,14909.17,8684.92,4250.11,4434.81,22678.7,915.4,18.8,-3.85,INR
ORD-100220,18-11-2024,FY2024,Q4,November,Central,Office Supplies,Notebook,Consumer,Sneha,2,87824.64,68231.89,19592.75,9727.05,9865.7,84477.54,3347.1,11.23,5.55,INR
ORD-101171,19-11-2024,FY2024,Q4,November,East,Consumer Goods,Backpack,Consumer,Rahul,20,489483.04,342366.17,147116.87,47607.4,99509.47,460532.15,28950.89,20.33,8.22,INR
ORD-100898,19-11-2024,FY2024,Q4,November,East,Office Supplies,File Folder,Consumer,Sneha,14,347617.99,242621.22,104996.78,50236.29,54760.49,329885.07,17732.93,15.75,-3.99,INR
ORD-100543,19-11-2024,FY2024,Q4,November,Central,Technology,Laptop,Small Business,Sneha,14,352571.39,242552.01,110019.38,29601.46,80417.92,378735.65,-26164.25,22.81,-3.63,INR
ORD-101174,20-11-2024,FY2024,Q4,November,South,Technology,Laptop,Corporate,Neha,15,296600.66,210387.59,86213.07,59322.56,26890.51,288446.4,8154.26,9.07,20.77,INR
ORD-103263,20-11-2024,FY2024,Q4,November,North,Technology,Laptop,Consumer,Priya,15,646384.67,382942.05,263442.62,138284.93,125157.69,680734.45,-34349.78,19.36,3.81,INR
ORD-100751,20-11-2024,FY2024,Q4,November,West,Technology,Smartphone,Corporate,Neha,2,45797.49,25868.78,19928.71,9469.52,10459.19,49670.34,-3872.86,22.84,23.35,INR
ORD-104904,20-11-2024,FY2024,Q4,November,Central,Office Supplies,Stapler,Small Business,Rahul,16,130138.08,69967.38,60170.7,27675.35,32495.35,120079.81,10058.27,24.97,14.03,INR
ORD-101822,20-11-2024,FY2024,Q4,November,East,Technology,Printer,Consumer,Rahul,16,517493.73,372983.84,144509.89,71267.17,73242.72,546172.35,-28678.61,14.15,24.59,INR
ORD-102151,20-11-2024,FY2024,Q4,November,East,Technology,Tablet,Consumer,Anjali,14,57879.25,43771.15,14108.09,6463.22,7644.87,55796.13,2083.12,13.21,18.69,INR
ORD-103591,20-11-2024,FY2024,Q4,November,West,Office Supplies,Stapler,Consumer,Sneha,13,192199.2,129298.66,62900.54,18558.78,44341.76,180073.68,12125.53,23.07,3.22,INR
ORD-100374,20-11-2024,FY2024,Q4,November,Central,Consumer Goods,Backpack,Corporate,Sneha,9,179892.55,102921.79,76970.76,23991.59,52979.18,189190.8,-9298.25,29.45,5.3,INR
ORD-103303,21-11-2024,FY2024,Q4,November,North,Healthcare,First Aid Box,Consumer,Priya,3,86641.82,59125.14,27516.68,17151.54,10365.14,90310.97,-3669.15,11.96,24.47,INR
ORD-102776,21-11-2024,FY2024,Q4,November,North,Office Supplies,File Folder,Consumer,Anjali,20,162609.44,110872.47,51736.96,28588.62,23148.35,166020.6,-3411.17,14.24,4.26,INR
ORD-100377,21-11-2024,FY2024,Q4,November,Central,Technology,Tablet,Consumer,Rohit,2,50131.49,33980.91,16150.58,10958.35,5192.23,54175.07,-4043.59,10.36,4.07,INR
ORD-101512,21-11-2024,FY2024,Q4,November,North,Technology,Monitor,Corporate,Rahul,7,118721.08,69333.37,49387.7,24506.87,24880.83,120534.08,-1813,20.96,-0.64,INR
ORD-104272,22-11-2024,FY2024,Q4,November,South,Office Supplies,File Folder,Corporate,Anjali,5,249362.43,187295.7,62066.74,35404.4,26662.34,263216.01,-13853.58,10.69,0.77,INR
ORD-100702,22-11-2024,FY2024,Q4,November,North,Technology,Printer,Consumer,Amit,19,806306.09,573426.46,232879.63,129900.31,102979.33,778216.03,28090.06,12.77,17.67,INR
ORD-104700,22-11-2024,FY2024,Q4,November,East,Furniture,Conference Table,Small Business,Anjali,7,20468.58,11540.49,8928.1,4200.83,4727.26,18964.67,1503.91,23.1,14.86,INR
ORD-101323,23-11-2024,FY2024,Q4,November,North,Office Supplies,Notebook,Consumer,Anjali,12,127385.37,75636.2,51749.18,21092.86,30656.31,115912.32,11473.06,24.07,1.7,INR
ORD-103001,23-11-2024,FY2024,Q4,November,North,Healthcare,Thermometer,Corporate,Rohit,18,210814.76,129363.88,81450.88,39419.86,42031.02,198302.9,12511.86,19.94,-3.14,INR
ORD-104563,23-11-2024,FY2024,Q4,November,Central,Furniture,Bookshelf,Consumer,Priya,17,428015.44,329831.64,98183.8,41510.91,56672.89,421061.64,6953.79,13.24,11.5,INR
ORD-101023,23-11-2024,FY2024,Q4,November,North,Healthcare,Gloves,Small Business,Amit,15,210324.04,145843.71,64480.33,19516.07,44964.26,195134.5,15189.54,21.38,11,INR
ORD-101516,23-11-2024,FY2024,Q4,November,East,Consumer Goods,Backpack,Consumer,Anjali,15,700052.83,421969.24,278083.59,62475.26,215608.34,650248.27,49804.56,30.8,-0.11,INR
ORD-104042,24-11-2024,FY2024,Q4,November,South,Technology,Laptop,Consumer,Vikas,15,680089.9,353802.66,326287.24,73092.55,253194.69,690452.26,-10362.36,37.23,-6.33,INR
ORD-103656,24-11-2024,FY2024,Q4,November,West,Technology,Tablet,Corporate,Amit,10,473521.12,359342.97,114178.16,70461.75,43716.41,482355.8,-8834.67,9.23,11.47,INR
ORD-104333,24-11-2024,FY2024,Q4,November,South,Healthcare,Thermometer,Corporate,Neha,13,411866.44,304920.8,106945.64,53479.44,53466.2,373258.29,38608.15,12.98,14.54,INR
ORD-104998,24-11-2024,FY2024,Q4,November,West,Technology,Printer,Consumer,Amit,3,140163.46,79017.27,61146.19,26146.75,34999.44,154536.43,-14372.97,24.97,-4.2,INR
ORD-102397,25-11-2024,FY2024,Q4,November,Central,Technology,Smartphone,Corporate,Vikas,18,206351.91,129361.51,76990.4,29706.92,47283.48,203404.75,2947.16,22.91,3.73,INR
ORD-101410,25-11-2024,FY2024,Q4,November,South,Technology,Monitor,Corporate,Amit,9,112407.96,60076.67,52331.29,24322.39,28008.89,113127.01,-719.05,24.92,15.06,INR
ORD-103647,25-11-2024,FY2024,Q4,November,Central,Furniture,Cabinet,Corporate,Sneha,16,502351.77,274988.49,227363.28,103366.83,123996.45,479159.27,23192.51,24.68,2.67,INR
ORD-102643,25-11-2024,FY2024,Q4,November,East,Office Supplies,Pen Set,Consumer,Rohit,7,171559.68,130404.61,41155.06,25117.71,16037.35,190221.51,-18661.84,9.35,3.25,INR
ORD-102939,26-11-2024,FY2024,Q4,November,South,Consumer Goods,Water Bottle,Consumer,Rahul,10,372495.06,210092.87,162402.19,65730.96,96671.24,414617.12,-42122.06,25.95,11.78,INR
ORD-102006,26-11-2024,FY2024,Q4,November,North,Consumer Goods,Water Bottle,Consumer,Priya,3,141796.4,102922.92,38873.48,12187.4,26686.08,137499.17,4297.23,18.82,4.75,INR
ORD-102680,26-11-2024,FY2024,Q4,November,West,Furniture,Cabinet,Consumer,Rahul,12,251302.16,156048.49,95253.67,21337.8,73915.87,239548.97,11753.19,29.41,10.39,INR
ORD-100343,27-11-2024,FY2024,Q4,November,West,Technology,Smartphone,Corporate,Rahul,9,9538.02,5508.88,4029.14,1230.85,2798.28,8961.92,576.1,29.34,-6.15,INR
ORD-101129,27-11-2024,FY2024,Q4,November,North,Office Supplies,File Folder,Consumer,Priya,5,79552.36,52209.33,27343.03,10884.26,16458.77,86940.2,-7387.84,20.69,13.07,INR
ORD-104842,28-11-2024,FY2024,Q4,November,North,Healthcare,Thermometer,Consumer,Anjali,14,78138.52,45659.84,32478.67,7713.62,24765.05,70820.22,7318.3,31.69,20.71,INR
ORD-104032,28-11-2024,FY2024,Q4,November,Central,Furniture,Bookshelf,Corporate,Priya,6,144447.49,76644.72,67802.76,17174.35,50628.41,134958.12,9489.37,35.05,2.25,INR
ORD-101209,28-11-2024,FY2024,Q4,November,North,Consumer Goods,Water Bottle,Corporate,Sneha,2,26666.81,16400.71,10266.11,4033.34,6232.77,25205.69,1461.12,23.37,8.6,INR
ORD-102851,28-11-2024,FY2024,Q4,November,North,Technology,Smartphone,Small Business,Anjali,19,798453.82,590007.56,208446.25,132298.89,76147.36,724747.57,73706.25,9.54,-5.49,INR
ORD-100509,28-11-2024,FY2024,Q4,November,North,Consumer Goods,Headphones,Corporate,Neha,18,260842.77,177684.32,83158.45,53582.3,29576.15,255893.04,4949.73,11.34,5.92,INR
ORD-102043,28-11-2024,FY2024,Q4,November,North,Furniture,Office Chair,Consumer,Priya,6,156165.27,114966.32,41198.95,25906.57,15292.38,145403.66,10761.61,9.79,14.15,INR
ORD-102064,28-11-2024,FY2024,Q4,November,West,Office Supplies,File Folder,Corporate,Sneha,9,348182.69,243255.62,104927.07,66669.95,38257.12,356751.46,-8568.77,10.99,-3.75,INR
ORD-100670,29-11-2024,FY2024,Q4,November,North,Technology,Tablet,Consumer,Vikas,17,516755.69,280771.16,235984.53,66424.58,169559.95,577501.14,-60745.44,32.81,21.82,INR
ORD-104389,29-11-2024,FY2024,Q4,November,South,Office Supplies,File Folder,Corporate,Anjali,19,241632.57,183290.27,58342.3,26064.8,32277.5,232255.19,9377.37,13.36,19.45,INR
ORD-103857,29-11-2024,FY2024,Q4,November,Central,Technology,Laptop,Small Business,Priya,6,285378.12,221225.39,64152.73,42969.86,21182.87,300715.27,-15337.15,7.42,0.55,INR
ORD-104697,29-11-2024,FY2024,Q4,November,South,Healthcare,First Aid Box,Consumer,Vikas,10,150011.82,83340.91,66670.91,22174.99,44495.92,166027.65,-16015.83,29.66,15.53,INR
ORD-103833,29-11-2024,FY2024,Q4,November,North,Technology,Tablet,Corporate,Anjali,3,112066.06,70573.33,41492.73,11731.28,29761.46,110711.77,1354.29,26.56,8.67,INR
ORD-100144,29-11-2024,FY2024,Q4,November,Central,Furniture,Bookshelf,Consumer,Neha,10,70486.28,43832.59,26653.7,5724.12,20929.58,67106,3380.29,29.69,19.34,INR
ORD-100418,29-11-2024,FY2024,Q4,November,West,Technology,Laptop,Corporate,Amit,16,71804.15,44143.77,27660.39,11749.65,15910.74,69045.2,2758.95,22.16,22.5,INR
ORD-101224,30-11-2024,FY2024,Q4,November,South,Furniture,Desk,Small Business,Neha,14,551192.16,362893.56,188298.6,66020.17,122278.43,587783.45,-36591.3,22.18,-4.22,INR
ORD-103931,30-11-2024,FY2024,Q4,November,West,Consumer Goods,Backpack,Consumer,Anjali,2,50699.87,30526.16,20173.71,9419.36,10754.35,50402.11,297.76,21.21,9.29,INR
ORD-101243,30-11-2024,FY2024,Q4,November,West,Office Supplies,Notebook,Corporate,Priya,19,106141.49,70595.12,35546.37,8585.26,26961.1,107201.6,-1060.11,25.4,23,INR
ORD-100961,30-11-2024,FY2024,Q4,November,West,Consumer Goods,Calculator,Consumer,Sneha,10,82661.35,53424.7,29236.66,12662.96,16573.7,90494.18,-7832.82,20.05,20.86,INR
ORD-103022,30-11-2024,FY2024,Q4,November,North,Technology,Smartphone,Consumer,Sneha,20,985663.31,699585.1,286078.22,127510.94,158567.28,1020922.84,-35259.52,16.09,-5.48,INR
ORD-100024,30-11-2024,FY2024,Q4,November,Central,Furniture,Desk,Small Business,Neha,14,468112.93,322506.93,145606,95899.34,49706.66,486494.14,-18381.21,10.62,12.84,INR
ORD-101684,30-11-2024,FY2024,Q4,November,East,Healthcare,Thermometer,Consumer,Neha,10,87805.95,58489.34,29316.61,17275.52,12041.09,79649.22,8156.72,13.71,11.08,INR
ORD-100254,30-11-2024,FY2024,Q4,November,South,Consumer Goods,Travel Bag,Corporate,Vikas,13,266782.68,194252.03,72530.66,26310.59,46220.06,255520.48,11262.2,17.32,12.28,INR
ORD-103062,30-11-2024,FY2024,Q4,November,Central,Technology,Monitor,Consumer,Amit,16,713887.3,394464.67,319422.63,57903.22,261519.41,681819.99,32067.3,36.63,16.54,INR
ORD-101870,30-11-2024,FY2024,Q4,November,East,Technology,Laptop,Consumer,Amit,13,15765.61,8512.44,7253.17,2471.43,4781.74,16966.55,-1200.94,30.33,7.84,INR
ORD-102291,01-12-2024,FY2024,Q4,December,South,Furniture,Bookshelf,Small Business,Rahul,16,339604.52,248736.06,90868.46,45418.38,45450.08,349209.87,-9605.36,13.38,14.52,INR
ORD-102455,01-12-2024,FY2024,Q4,December,West,Technology,Laptop,Consumer,Rahul,1,18810.36,10637.29,8173.06,1539.25,6633.82,17670.44,1139.91,35.27,12.5,INR
ORD-103136,01-12-2024,FY2024,Q4,December,North,Technology,Printer,Consumer,Priya,14,20482.91,13471.89,7011.03,2411.65,4599.37,20027.16,455.75,22.45,16.72,INR
ORD-104927,02-12-2024,FY2024,Q4,December,West,Technology,Printer,Consumer,Sneha,13,642768.44,423133.02,219635.42,129644.96,89990.46,620081.05,22687.39,14,1.96,INR
ORD-102357,02-12-2024,FY2024,Q4,December,North,Technology,Smartphone,Consumer,Rohit,20,143812.17,104773.96,39038.22,22835.84,16202.37,149884.09,-6071.92,11.27,10.79,INR
ORD-104764,02-12-2024,FY2024,Q4,December,North,Office Supplies,File Folder,Corporate,Rahul,7,133091.14,72774.12,60317.02,14943.93,45373.09,126262.6,6828.55,34.09,9.13,INR
ORD-101018,02-12-2024,FY2024,Q4,December,West,Furniture,Office Chair,Consumer,Priya,20,560315.94,335648.45,224667.5,109359.64,115307.86,504881.31,55434.64,20.58,13.32,INR
ORD-104048,02-12-2024,FY2024,Q4,December,North,Technology,Printer,Corporate,Sneha,13,581749.4,431973.77,149775.63,114216.84,35558.79,638556.05,-56806.66,6.11,3.72,INR
ORD-103074,02-12-2024,FY2024,Q4,December,North,Office Supplies,Paper Pack,Small Business,Sneha,8,162532.53,97206.04,65326.49,24115.33,41211.17,169764.44,-7231.9,25.36,21.79,INR
ORD-104222,03-12-2024,FY2024,Q4,December,South,Furniture,Desk,Consumer,Amit,6,165610.37,90312.82,75297.54,14994.86,60302.68,172770.98,-7160.62,36.41,24.72,INR
ORD-102747,03-12-2024,FY2024,Q4,December,North,Consumer Goods,Headphones,Corporate,Neha,13,419595.84,319236.56,100359.27,89873.59,10485.68,457487.99,-37892.15,2.5,17.05,INR
ORD-102008,03-12-2024,FY2024,Q4,December,West,Consumer Goods,Travel Bag,Small Business,Amit,15,738715.37,421054.2,317661.17,142219.53,175441.64,676915.49,61799.88,23.75,13.12,INR
ORD-100053,03-12-2024,FY2024,Q4,December,West,Technology,Smartphone,Consumer,Vikas,1,28080.07,17862.56,10217.51,5096.96,5120.55,26899.51,1180.57,18.24,23.37,INR
ORD-102700,03-12-2024,FY2024,Q4,December,Central,Office Supplies,File Folder,Consumer,Rahul,10,136584.48,93981.53,42602.95,15364.06,27238.89,141960.67,-5376.19,19.94,23.19,INR
ORD-101872,03-12-2024,FY2024,Q4,December,South,Office Supplies,Stapler,Consumer,Priya,15,165725.4,124781.38,40944.02,27895.9,13048.12,173283.35,-7557.95,7.87,-0.09,INR
ORD-100336,04-12-2024,FY2024,Q4,December,South,Healthcare,First Aid Box,Consumer,Anjali,9,62101.53,32772.11,29329.43,11906.04,17423.38,56282.73,5818.8,28.06,-6.66,INR
ORD-102647,04-12-2024,FY2024,Q4,December,West,Consumer Goods,Headphones,Consumer,Sneha,13,643842.8,468931.27,174911.53,61920.33,112991.2,660180.11,-16337.31,17.55,7.74,INR
ORD-102119,04-12-2024,FY2024,Q4,December,South,Consumer Goods,Water Bottle,Consumer,Priya,3,70939.12,54570.93,16368.19,10755.69,5612.5,75725.64,-4786.52,7.91,19.37,INR
ORD-101272,04-12-2024,FY2024,Q4,December,East,Consumer Goods,Headphones,Corporate,Priya,14,697937.01,434794.45,263142.56,116803.06,146339.5,654768.92,43168.09,20.97,-1.7,INR
ORD-101551,04-12-2024,FY2024,Q4,December,South,Furniture,Bookshelf,Consumer,Rahul,6,292207.74,168746.53,123461.21,42883.12,80578.09,316820.4,-24612.65,27.58,16.01,INR
ORD-102465,04-12-2024,FY2024,Q4,December,West,Office Supplies,Notebook,Corporate,Neha,11,141131.06,104295.88,36835.17,25857.33,10977.84,128232.28,12898.78,7.78,22.94,INR
ORD-101267,05-12-2024,FY2024,Q4,December,North,Office Supplies,File Folder,Corporate,Neha,16,105281.64,78617.38,26664.26,20180.95,6483.31,117351.01,-12069.38,6.16,23.12,INR
ORD-104690,05-12-2024,FY2024,Q4,December,North,Technology,Laptop,Consumer,Priya,9,71997.13,42227.43,29769.7,12243.85,17525.85,79379.87,-7382.74,24.34,23.39,INR
ORD-101144,05-12-2024,FY2024,Q4,December,Central,Office Supplies,Paper Pack,Small Business,Vikas,18,432152.82,332527.91,99624.91,80751.11,18873.79,480046.32,-47893.5,4.37,0.4,INR
ORD-104433,06-12-2024,FY2024,Q4,December,South,Healthcare,BP Monitor,Small Business,Vikas,20,15566.66,10028.27,5538.38,3174.5,2363.88,16086.17,-519.52,15.19,9.99,INR
ORD-103044,07-12-2024,FY2024,Q4,December,South,Healthcare,First Aid Box,Consumer,Anjali,16,339024.44,193729.88,145294.56,63097.81,82196.75,317100.49,21923.94,24.25,15.2,INR
ORD-100968,07-12-2024,FY2024,Q4,December,Central,Technology,Printer,Corporate,Sneha,15,138554.52,93281.13,45273.39,21566.21,23707.18,148847.44,-10292.92,17.11,9,INR
ORD-101698,08-12-2024,FY2024,Q4,December,Central,Technology,Smartphone,Consumer,Amit,18,37611.61,23053.81,14557.79,6563.4,7994.39,35390.6,2221.01,21.26,13.82,INR
ORD-104892,08-12-2024,FY2024,Q4,December,North,Furniture,Cabinet,Consumer,Priya,3,122398.36,91656.1,30742.26,15333.46,15408.8,135483.82,-13085.46,12.59,16.39,INR
ORD-100551,09-12-2024,FY2024,Q4,December,West,Technology,Smartphone,Corporate,Neha,8,245477.86,154249.83,91228.03,53033.68,38194.36,227776.9,17700.96,15.56,19.16,INR
ORD-104969,09-12-2024,FY2024,Q4,December,North,Healthcare,Gloves,Consumer,Anjali,1,8819.62,6117.36,2702.26,1746.14,956.12,8098.84,720.78,10.84,20.05,INR
ORD-103631,09-12-2024,FY2024,Q4,December,East,Technology,Tablet,Corporate,Priya,18,401114.45,216201.75,184912.7,39377.13,145535.57,444582.68,-43468.23,36.28,3.24,INR
ORD-104440,09-12-2024,FY2024,Q4,December,North,Consumer Goods,Backpack,Consumer,Anjali,9,397535.85,302858.6,94677.25,61655.49,33021.76,394959.5,2576.35,8.31,19.05,INR
ORD-100965,09-12-2024,FY2024,Q4,December,East,Furniture,Conference Table,Consumer,Vikas,11,427001.33,290055.33,136946,70822.3,66123.7,445338.78,-18337.45,15.49,14.58,INR
ORD-102235,09-12-2024,FY2024,Q4,December,North,Furniture,Desk,Small Business,Rahul,13,617342.9,471807.47,145535.43,131512,14023.42,584542.5,32800.4,2.27,7.55,INR
ORD-103013,09-12-2024,FY2024,Q4,December,North,Healthcare,Gloves,Small Business,Anjali,6,167684.94,124797.9,42887.04,15901.89,26985.15,159841.3,7843.64,16.09,6.25,INR
ORD-100526,09-12-2024,FY2024,Q4,December,East,Technology,Tablet,Small Business,Anjali,15,468770.62,284552.25,184218.38,99677.79,84540.58,502874.13,-34103.51,18.03,11.28,INR
ORD-104392,10-12-2024,FY2024,Q4,December,North,Consumer Goods,Calculator,Consumer,Priya,19,405293.63,306881.57,98412.06,71625.86,26786.2,441655.25,-36361.62,6.61,4.23,INR
ORD-101153,10-12-2024,FY2024,Q4,December,Central,Furniture,Desk,Consumer,Neha,15,662202.71,449181.09,213021.61,117067.67,95953.95,693311.69,-31108.99,14.49,14.01,INR
ORD-104075,10-12-2024,FY2024,Q4,December,West,Furniture,Office Chair,Consumer,Neha,18,10305.31,7329.46,2975.85,1954.52,1021.33,11490.69,-1185.39,9.91,6.88,INR
ORD-100887,10-12-2024,FY2024,Q4,December,South,Consumer Goods,Headphones,Consumer,Vikas,10,431911.08,265876.01,166035.07,50021.51,116013.57,439773.33,-7862.25,26.86,18.58,INR
ORD-102111,10-12-2024,FY2024,Q4,December,South,Consumer Goods,Calculator,Small Business,Rahul,5,159139.26,87916.89,71222.37,30571.03,40651.35,150655.01,8484.25,25.54,23.19,INR
ORD-100136,10-12-2024,FY2024,Q4,December,West,Furniture,Bookshelf,Small Business,Vikas,18,781587.66,561458.43,220129.23,95388.21,124741.02,791158.51,-9570.85,15.96,0.66,INR
ORD-101072,10-12-2024,FY2024,Q4,December,North,Healthcare,BP Monitor,Corporate,Anjali,18,772947.11,567644.83,205302.28,112835.38,92466.91,730750.35,42196.76,11.96,6.24,INR
ORD-101568,11-12-2024,FY2024,Q4,December,Central,Office Supplies,File Folder,Corporate,Priya,16,575388.68,411148.92,164239.76,74291.58,89948.18,561794.27,13594.41,15.63,2.05,INR
ORD-101078,11-12-2024,FY2024,Q4,December,West,Furniture,Desk,Consumer,Neha,3,39418.5,25634.77,13783.73,7273.31,6510.42,38552.21,866.29,16.52,-0.79,INR
ORD-104320,11-12-2024,FY2024,Q4,December,South,Consumer Goods,Calculator,Small Business,Anjali,7,209652.47,133730.63,75921.84,24838.12,51083.72,207002.14,2650.33,24.37,23.27,INR
ORD-100833,12-12-2024,FY2024,Q4,December,Central,Healthcare,BP Monitor,Corporate,Priya,5,79343.36,55005.62,24337.74,15378.14,8959.6,73601.2,5742.16,11.29,12.53,INR
ORD-103826,12-12-2024,FY2024,Q4,December,East,Healthcare,Gloves,Consumer,Vikas,4,129102.96,69288.97,59813.99,28338.67,31475.32,120036.71,9066.25,24.38,6.27,INR
ORD-101046,13-12-2024,FY2024,Q4,December,North,Technology,Laptop,Corporate,Anjali,5,79145.68,49051.1,30094.57,6871.4,23223.18,80407.33,-1261.65,29.34,12.21,INR
ORD-102513,13-12-2024,FY2024,Q4,December,West,Technology,Monitor,Small Business,Anjali,5,98174.71,51592.19,46582.51,13102.67,33479.85,102804.56,-4629.85,34.1,9.76,INR
ORD-104170,14-12-2024,FY2024,Q4,December,North,Office Supplies,Pen Set,Consumer,Rahul,4,182529.49,121737.07,60792.43,23851.19,36941.24,202019.5,-19490.01,20.24,-2.93,INR
ORD-103342,14-12-2024,FY2024,Q4,December,East,Office Supplies,Paper Pack,Small Business,Neha,7,218873.05,147262.46,71610.58,35567.56,36043.03,199838.62,19034.43,16.47,-0.76,INR
ORD-102925,14-12-2024,FY2024,Q4,December,Central,Office Supplies,Paper Pack,Small Business,Neha,20,624396.65,344140.51,280256.14,117467.15,162788.98,644748.38,-20351.73,26.07,16.39,INR
ORD-100556,14-12-2024,FY2024,Q4,December,North,Office Supplies,Notebook,Small Business,Priya,20,525668.28,381655.98,144012.29,100453.06,43559.23,551479.73,-25811.45,8.29,17.69,INR
ORD-103877,14-12-2024,FY2024,Q4,December,East,Consumer Goods,Water Bottle,Corporate,Neha,15,202982.3,110888.62,92093.68,22302.51,69791.17,192617.96,10364.34,34.38,6.59,INR
ORD-103194,14-12-2024,FY2024,Q4,December,North,Furniture,Bookshelf,Consumer,Priya,16,584557.25,361351.06,223206.19,90696.8,132509.38,554719.3,29837.95,22.67,17.58,INR
ORD-100682,14-12-2024,FY2024,Q4,December,North,Healthcare,Gloves,Corporate,Neha,16,422337.1,239809.96,182527.13,42456.98,140070.15,445069.38,-22732.28,33.17,-2.73,INR
ORD-100466,14-12-2024,FY2024,Q4,December,North,Furniture,Conference Table,Consumer,Rohit,8,327236.07,176801.58,150434.49,52731.97,97702.52,308962.2,18273.87,29.86,19.33,INR
ORD-100979,14-12-2024,FY2024,Q4,December,Central,Consumer Goods,Travel Bag,Corporate,Rahul,6,240923.09,131725.52,109197.57,20388.1,88809.47,219967.34,20955.75,36.86,24.99,INR
ORD-101361,14-12-2024,FY2024,Q4,December,West,Furniture,Office Chair,Corporate,Priya,13,263095.18,151842.43,111252.75,44823.26,66429.5,254717.76,8377.42,25.25,0.89,INR
ORD-102646,15-12-2024,FY2024,Q4,December,East,Technology,Laptop,Consumer,Vikas,4,170036.8,127819.97,42216.83,32215.29,10001.54,157546.61,12490.19,5.88,15.4,INR
ORD-101898,15-12-2024,FY2024,Q4,December,South,Healthcare,Gloves,Consumer,Rahul,10,229511.03,168737.83,60773.2,38979.55,21793.65,245596.68,-16085.65,9.5,2.87,INR
ORD-100732,15-12-2024,FY2024,Q4,December,South,Furniture,Bookshelf,Consumer,Neha,16,511890.89,294828.29,217062.6,111579.6,105483,547318.83,-35427.94,20.61,10.93,INR
ORD-101609,15-12-2024,FY2024,Q4,December,Central,Healthcare,BP Monitor,Consumer,Priya,12,308060.3,182940.1,125120.21,60463.76,64656.44,283037.57,25022.74,20.99,24.2,INR
ORD-101275,16-12-2024,FY2024,Q4,December,Central,Furniture,Cabinet,Consumer,Anjali,16,493976.22,308933.29,185042.93,70660.7,114382.23,543451.63,-49475.41,23.16,-0.9,INR
ORD-101385,16-12-2024,FY2024,Q4,December,West,Technology,Laptop,Consumer,Priya,9,89057.66,68632.06,20425.61,16812.48,3613.13,87726.48,1331.18,4.06,7.47,INR
ORD-103549,16-12-2024,FY2024,Q4,December,West,Consumer Goods,Headphones,Corporate,Rohit,20,296523.35,167522.72,129000.62,49207.77,79792.85,325512.68,-28989.33,26.91,8.31,INR
ORD-103150,16-12-2024,FY2024,Q4,December,West,Office Supplies,Paper Pack,Small Business,Priya,17,762170.23,435393.18,326777.05,119995.75,206781.3,813594.54,-51424.31,27.13,6.27,INR
ORD-103484,16-12-2024,FY2024,Q4,December,East,Technology,Laptop,Consumer,Anjali,4,59932.46,44123.63,15808.83,6657.74,9151.09,55133.21,4799.25,15.27,-6.75,INR
ORD-104024,17-12-2024,FY2024,Q4,December,West,Consumer Goods,Headphones,Corporate,Amit,11,301569.5,213715.59,87853.91,33437.78,54416.13,305126.93,-3557.42,18.04,16.68,INR
ORD-100562,17-12-2024,FY2024,Q4,December,South,Consumer Goods,Calculator,Small Business,Rahul,10,266105.76,207028.13,59077.63,51345.02,7732.6,258796.75,7309.01,2.91,9.67,INR
ORD-103848,17-12-2024,FY2024,Q4,December,East,Office Supplies,Pen Set,Small Business,Vikas,6,134432.83,78239.65,56193.18,25496.93,30696.25,128992.03,5440.8,22.83,13.4,INR
ORD-102995,18-12-2024,FY2024,Q4,December,West,Office Supplies,Pen Set,Consumer,Neha,6,99851.61,69236.61,30615,12549.91,18065.09,95211.22,4640.4,18.09,-1.84,INR
ORD-104920,18-12-2024,FY2024,Q4,December,East,Office Supplies,Paper Pack,Consumer,Amit,10,143990.46,93995.55,49994.9,30787.52,19207.38,159461.35,-15470.9,13.34,-3.92,INR
ORD-100426,18-12-2024,FY2024,Q4,December,West,Consumer Goods,Backpack,Small Business,Vikas,6,180512,127417.25,53094.75,31298.51,21796.24,194760.98,-14248.98,12.07,-1.67,INR
ORD-103467,18-12-2024,FY2024,Q4,December,West,Furniture,Bookshelf,Corporate,Vikas,7,57541.53,40384.87,17156.66,7713.41,9443.25,57679.73,-138.2,16.41,-6.63,INR
ORD-104181,18-12-2024,FY2024,Q4,December,South,Technology,Tablet,Consumer,Sneha,10,484939.77,284760.88,200178.89,96280.98,103897.91,461584.15,23355.62,21.42,14.69,INR
ORD-100658,19-12-2024,FY2024,Q4,December,North,Furniture,Office Chair,Corporate,Anjali,20,417328.34,262444.75,154883.59,72981.63,81901.96,400655.55,16672.79,19.63,13.37,INR
ORD-103519,19-12-2024,FY2024,Q4,December,East,Healthcare,Thermometer,Consumer,Rahul,10,64059.4,47536.72,16522.67,12364.26,4158.42,59622.72,4436.68,6.49,12.02,INR
ORD-101651,20-12-2024,FY2024,Q4,December,Central,Consumer Goods,Backpack,Consumer,Rohit,9,428004.74,270704.23,157300.51,54981.93,102318.59,478884.6,-50879.86,23.91,3.13,INR
ORD-100064,20-12-2024,FY2024,Q4,December,North,Healthcare,First Aid Box,Small Business,Neha,12,85522.99,56630.71,28892.28,11920.21,16972.07,93417.29,-7894.3,19.85,4.26,INR
ORD-102671,20-12-2024,FY2024,Q4,December,West,Healthcare,Thermometer,Corporate,Amit,13,202329.5,114342.35,87987.15,44025.78,43961.37,202380.78,-51.28,21.73,-7.98,INR
ORD-102860,20-12-2024,FY2024,Q4,December,East,Furniture,Desk,Corporate,Sneha,12,82839.38,46629.91,36209.47,14769.11,21440.37,80941.96,1897.42,25.88,-4.57,INR
ORD-104236,20-12-2024,FY2024,Q4,December,North,Furniture,Office Chair,Consumer,Rohit,8,153158.6,97940.53,55218.07,22494.15,32723.93,169375.32,-16216.71,21.37,-2.13,INR
ORD-104485,20-12-2024,FY2024,Q4,December,South,Furniture,Conference Table,Consumer,Rahul,4,29001.85,20488.38,8513.47,5957.29,2556.18,26640.13,2361.72,8.81,12.34,INR
ORD-103821,20-12-2024,FY2024,Q4,December,North,Furniture,Conference Table,Small Business,Neha,5,240043.2,146145.76,93897.44,27655.71,66241.72,253782.76,-13739.56,27.6,15.14,INR
ORD-104510,20-12-2024,FY2024,Q4,December,North,Office Supplies,Paper Pack,Corporate,Rahul,18,767639.68,483871.24,283768.44,145058.05,138710.38,802503.96,-34864.29,18.07,3.27,INR
ORD-103673,21-12-2024,FY2024,Q4,December,South,Technology,Laptop,Consumer,Neha,7,337102.82,195642.34,141460.48,55615.21,85845.27,363796.66,-26693.84,25.47,-6.01,INR
ORD-100984,21-12-2024,FY2024,Q4,December,East,Healthcare,Gloves,Consumer,Priya,15,520431.21,340939.84,179491.37,47089.55,132401.82,578291.68,-57860.47,25.44,2.55,INR
ORD-103403,21-12-2024,FY2024,Q4,December,East,Consumer Goods,Headphones,Consumer,Amit,6,87115.04,55108.21,32006.83,13570.92,18435.91,95794.37,-8679.33,21.16,19.52,INR
ORD-103306,21-12-2024,FY2024,Q4,December,South,Furniture,Office Chair,Corporate,Rahul,8,340750.53,216528.35,124222.18,39208.32,85013.86,334793.02,5957.51,24.95,15.34,INR
ORD-101342,21-12-2024,FY2024,Q4,December,Central,Furniture,Bookshelf,Consumer,Anjali,17,672906.83,509031.55,163875.29,96143.35,67731.93,753335.8,-80428.97,10.07,-7.41,INR
ORD-103863,22-12-2024,FY2024,Q4,December,South,Technology,Printer,Consumer,Amit,17,698987,422981.3,276005.7,151285.7,124720,717939.51,-18952.51,17.84,7.42,INR
ORD-104593,22-12-2024,FY2024,Q4,December,East,Healthcare,Medical Kit,Corporate,Sneha,14,211679.22,150950.52,60728.7,45626.42,15102.28,200189.42,11489.8,7.13,21,INR
ORD-101111,22-12-2024,FY2024,Q4,December,South,Office Supplies,Stapler,Consumer,Rahul,14,528857.41,320204.16,208653.25,100159.42,108493.83,480093.13,48764.28,20.51,0.75,INR
ORD-104772,23-12-2024,FY2024,Q4,December,Central,Consumer Goods,Water Bottle,Small Business,Rohit,17,766401.31,537488.52,228912.79,148226.84,80685.95,763234.34,3166.97,10.53,0.04,INR
ORD-100909,23-12-2024,FY2024,Q4,December,South,Office Supplies,Stapler,Consumer,Sneha,5,156755.74,109715.71,47040.03,12657.92,34382.11,159121.77,-2366.03,21.93,19.84,INR
ORD-102319,24-12-2024,FY2024,Q4,December,North,Technology,Smartphone,Consumer,Amit,9,31140.61,16631.97,14508.64,4377.32,10131.32,32281.45,-1140.84,32.53,0.47,INR
ORD-100737,24-12-2024,FY2024,Q4,December,North,Healthcare,Gloves,Corporate,Sneha,8,384506.24,212040.32,172465.93,58456.7,114009.23,392673.98,-8167.73,29.65,18.77,INR
ORD-103839,25-12-2024,FY2024,Q4,December,East,Healthcare,First Aid Box,Consumer,Priya,18,765742.99,425875.31,339867.68,157179.3,182688.38,724372.23,41370.76,23.86,13.38,INR
ORD-102134,25-12-2024,FY2024,Q4,December,West,Consumer Goods,Water Bottle,Consumer,Anjali,2,67053.5,48394.1,18659.4,7267.19,11392.21,67663.1,-609.6,16.99,14.67,INR
ORD-100772,25-12-2024,FY2024,Q4,December,South,Office Supplies,Stapler,Corporate,Rahul,3,57419.21,32405.75,25013.46,6288.77,18724.69,62628.66,-5209.45,32.61,17.92,INR
ORD-101566,25-12-2024,FY2024,Q4,December,Central,Healthcare,First Aid Box,Small Business,Neha,2,59048.89,38131.37,20917.52,12648.62,8268.9,64543.84,-5494.95,14,23.02,INR
ORD-102297,25-12-2024,FY2024,Q4,December,South,Technology,Monitor,Consumer,Sneha,8,38743.18,21174.89,17568.29,7608.27,9960.02,40156.76,-1413.58,25.71,20.59,INR
ORD-100100,26-12-2024,FY2024,Q4,December,Central,Consumer Goods,Backpack,Consumer,Amit,8,227996.44,167882.25,60114.19,36912.62,23201.56,246191.14,-18194.7,10.18,22.14,INR
ORD-104694,26-12-2024,FY2024,Q4,December,Central,Office Supplies,Pen Set,Consumer,Rohit,14,374803.23,289383.04,85420.2,58963.21,26456.99,345489.38,29313.85,7.06,18.77,INR
ORD-103096,26-12-2024,FY2024,Q4,December,West,Consumer Goods,Calculator,Corporate,Vikas,15,683691.63,407586.1,276105.52,79026.89,197078.64,653491.33,30200.29,28.83,15.71,INR
ORD-100662,26-12-2024,FY2024,Q4,December,West,Healthcare,Thermometer,Consumer,Neha,7,226956.26,162929.22,64027.04,43500.99,20526.05,227890.72,-934.46,9.04,3.35,INR
ORD-103388,26-12-2024,FY2024,Q4,December,East,Office Supplies,Stapler,Consumer,Sneha,7,225004.48,149588.59,75415.88,41048.89,34366.99,229908.8,-4904.33,15.27,-2.96,INR
ORD-101642,26-12-2024,FY2024,Q4,December,West,Healthcare,Gloves,Corporate,Neha,6,275579.55,177144.59,98434.96,40499.52,57935.44,266713,8866.55,21.02,18.33,INR
ORD-101902,26-12-2024,FY2024,Q4,December,North,Furniture,Office Chair,Corporate,Anjali,18,714084.39,501406.21,212678.18,76529.47,136148.71,748410.29,-34325.9,19.07,-5.17,INR
ORD-104001,26-12-2024,FY2024,Q4,December,North,Technology,Smartphone,Corporate,Anjali,10,38117.3,21946.64,16170.66,4599.55,11571.11,40228.88,-2111.58,30.36,2.02,INR
ORD-102730,26-12-2024,FY2024,Q4,December,Central,Furniture,Cabinet,Small Business,Neha,5,205144.12,139256.35,65887.77,23097.31,42790.46,204239.58,904.53,20.86,-5.32,INR
ORD-103180,26-12-2024,FY2024,Q4,December,Central,Consumer Goods,Backpack,Consumer,Sneha,3,13826.12,9722.19,4103.94,2505.81,1598.13,13965.22,-139.09,11.56,15.12,INR
ORD-101334,26-12-2024,FY2024,Q4,December,North,Technology,Laptop,Small Business,Vikas,15,227019.58,176411.66,50607.91,31989.92,18617.99,230963.25,-3943.67,8.2,-7.36,INR
ORD-104156,26-12-2024,FY2024,Q4,December,South,Office Supplies,Pen Set,Corporate,Vikas,20,442956.63,302055.92,140900.71,48696.62,92204.09,438075.21,4881.43,20.82,24.81,INR
ORD-101089,27-12-2024,FY2024,Q4,December,North,Office Supplies,Stapler,Consumer,Sneha,16,276711.96,175692.74,101019.22,30896.82,70122.41,271802.14,4909.82,25.34,16,INR
ORD-103532,27-12-2024,FY2024,Q4,December,West,Consumer Goods,Travel Bag,Consumer,Anjali,3,104065.96,54983.51,49082.45,19056.31,30026.13,104159.07,-93.11,28.85,11.68,INR
ORD-101170,27-12-2024,FY2024,Q4,December,South,Technology,Smartphone,Small Business,Vikas,5,194066.06,137279.56,56786.51,36505.55,20280.95,213536.82,-19470.75,10.45,3.27,INR
ORD-100385,27-12-2024,FY2024,Q4,December,East,Furniture,Cabinet,Consumer,Vikas,16,799533.19,605527.71,194005.48,135985.36,58020.12,821247.14,-21713.95,7.26,22.93,INR
ORD-102494,27-12-2024,FY2024,Q4,December,East,Furniture,Desk,Corporate,Amit,15,708167.57,479766.76,228400.81,114022.84,114377.97,655433.8,52733.77,16.15,-6.48,INR
ORD-101712,27-12-2024,FY2024,Q4,December,South,Consumer Goods,Water Bottle,Consumer,Priya,10,244813.31,134949.85,109863.46,24050.38,85813.08,241405.07,3408.23,35.05,16.22,INR
ORD-104610,27-12-2024,FY2024,Q4,December,North,Office Supplies,File Folder,Consumer,Neha,2,67813.88,40643.13,27170.75,9802.91,17367.84,69973.59,-2159.71,25.61,24.4,INR
ORD-100290,27-12-2024,FY2024,Q4,December,South,Healthcare,Thermometer,Consumer,Rahul,13,51440.08,36087.66,15352.42,6822.46,8529.96,46990.98,4449.1,16.58,16.4,INR
ORD-103735,28-12-2024,FY2024,Q4,December,Central,Healthcare,Gloves,Corporate,Amit,12,351014.36,215523,135491.37,40347.43,95143.93,364257.44,-13243.08,27.11,11.59,INR
ORD-102412,28-12-2024,FY2024,Q4,December,North,Office Supplies,Pen Set,Corporate,Sneha,13,372033.42,254771.04,117262.38,77757.06,39505.32,397189.54,-25156.12,10.62,3.37,INR
ORD-103138,28-12-2024,FY2024,Q4,December,South,Furniture,Conference Table,Consumer,Anjali,13,172135.6,130000.23,42135.37,25517.26,16618.11,187234.24,-15098.64,9.65,20.44,INR
ORD-104380,29-12-2024,FY2024,Q4,December,Central,Technology,Laptop,Consumer,Priya,11,348063.79,239362.16,108701.63,65144.33,43557.3,334969.77,13094.02,12.51,-4.54,INR
ORD-102873,29-12-2024,FY2024,Q4,December,South,Healthcare,Thermometer,Corporate,Vikas,15,508194.33,339751.75,168442.59,83273.24,85169.35,482217.47,25976.87,16.76,18.84,INR
ORD-101349,29-12-2024,FY2024,Q4,December,North,Consumer Goods,Backpack,Consumer,Rahul,4,65320.65,35498.91,29821.74,13021.91,16799.83,72704.18,-7383.53,25.72,16.54,INR
ORD-100397,29-12-2024,FY2024,Q4,December,Central,Consumer Goods,Backpack,Corporate,Neha,19,562161.95,343134.05,219027.9,81836.71,137191.19,601001.11,-38839.16,24.4,2.77,INR
ORD-100416,29-12-2024,FY2024,Q4,December,North,Technology,Smartphone,Corporate,Anjali,17,350076.92,232013.82,118063.1,29272.65,88790.45,364099.48,-14022.56,25.36,15.55,INR
ORD-100055,30-12-2024,FY2024,Q4,December,East,Office Supplies,Notebook,Corporate,Rahul,10,277745.24,154734.89,123010.35,32811.36,90198.99,300824.7,-23079.46,32.48,-1.03,INR
ORD-102445,30-12-2024,FY2024,Q4,December,West,Office Supplies,Pen Set,Corporate,Anjali,2,24626.32,13993.1,10633.22,4212.17,6421.05,26020.77,-1394.45,26.07,9.37,INR
ORD-104539,30-12-2024,FY2024,Q4,December,East,Technology,Monitor,Consumer,Priya,9,224213.61,143402.32,80811.29,44765.53,36045.77,226566.79,-2353.17,16.08,9.99,INR
ORD-100152,30-12-2024,FY2024,Q4,December,Central,Technology,Monitor,Corporate,Vikas,2,61118.56,41579.02,19539.54,7542.84,11996.7,59182.77,1935.79,19.63,17.34,INR
ORD-101009,31-12-2024,FY2024,Q4,December,East,Furniture,Cabinet,Consumer,Sneha,6,35286.69,18424.74,16861.95,7151.17,9710.78,37333.72,-2047.02,27.52,-4.79,INR
ORD-101260,31-12-2024,FY2024,Q4,December,South,Consumer Goods,Water Bottle,Consumer,Rahul,17,719608.49,548547.83,171060.66,58436.97,112623.69,673810.56,45797.93,15.65,1.79,INR
ORD-104421,31-12-2024,FY2024,Q4,December,North,Consumer Goods,Headphones,Consumer,Sneha,13,153738.59,80467.08,73271.52,12917.39,60354.12,163720.45,-9981.86,39.26,10.57,INR
ORD-100519,01-01-2025,FY2025,Q1,January,East,Furniture,Conference Table,Corporate,Priya,14,583326.26,409442.81,173883.45,47081.7,126801.75,580359.67,2966.59,21.74,17.08,INR
ORD-104108,01-01-2025,FY2025,Q1,January,West,Office Supplies,Stapler,Small Business,Rahul,3,30480.07,23085.21,7394.86,2599.21,4795.65,28343.63,2136.44,15.73,16.07,INR
ORD-101433,01-01-2025,FY2025,Q1,January,East,Consumer Goods,Backpack,Corporate,Rahul,17,473044.57,361180.43,111864.14,60762.69,51101.45,507737.6,-34693.03,10.8,-5.53,INR
ORD-104662,01-01-2025,FY2025,Q1,January,East,Healthcare,Gloves,Small Business,Anjali,15,105027.44,66033.87,38993.57,10139.2,28854.36,116145.67,-11118.23,27.47,15.13,INR
ORD-104841,01-01-2025,FY2025,Q1,January,South,Technology,Printer,Corporate,Vikas,18,189269.67,137285.74,51983.93,34480.24,17503.69,184645.34,4624.32,9.25,21.89,INR
ORD-100511,01-01-2025,FY2025,Q1,January,East,Consumer Goods,Backpack,Corporate,Neha,19,144440.35,112185.74,32254.61,25535.62,6718.98,151950.4,-7510.05,4.65,-4.99,INR
ORD-104028,01-01-2025,FY2025,Q1,January,North,Healthcare,Medical Kit,Small Business,Anjali,16,319603.18,167625.03,151978.16,45073.92,106904.24,340726.66,-21123.48,33.45,13.41,INR
ORD-103488,01-01-2025,FY2025,Q1,January,West,Office Supplies,Notebook,Consumer,Anjali,8,276185.73,149280.77,126904.96,24702.69,102202.27,290335.28,-14149.55,37,-4.96,INR
ORD-102724,02-01-2025,FY2025,Q1,January,Central,Furniture,Conference Table,Consumer,Neha,2,87593.46,48207.95,39385.51,17674.76,21710.76,80659.79,6933.67,24.79,19.83,INR
ORD-104129,02-01-2025,FY2025,Q1,January,Central,Technology,Monitor,Consumer,Rohit,12,122195.77,92318.27,29877.5,22892.45,6985.05,123722.82,-1527.06,5.72,18.03,INR
ORD-103904,02-01-2025,FY2025,Q1,January,West,Furniture,Office Chair,Consumer,Anjali,15,703919.66,543100.82,160818.84,104569.74,56249.1,699259.94,4659.72,7.99,17.1,INR
ORD-103012,02-01-2025,FY2025,Q1,January,North,Furniture,Desk,Corporate,Anjali,4,127168.7,95030.46,32138.25,25616.33,6521.92,129389.62,-2220.92,5.13,11.43,INR
ORD-100443,02-01-2025,FY2025,Q1,January,East,Consumer Goods,Backpack,Small Business,Sneha,8,384382.83,268799.11,115583.72,60812.9,54770.83,377531.5,6851.33,14.25,5.52,INR
ORD-103548,03-01-2025,FY2025,Q1,January,Central,Technology,Smartphone,Consumer,Anjali,11,319476.56,190242.04,129234.52,41284.07,87950.44,297974.24,21502.32,27.53,12.4,INR
ORD-101328,03-01-2025,FY2025,Q1,January,East,Office Supplies,Stapler,Small Business,Priya,15,447009.42,279943.79,167065.64,47249.59,119816.05,470004.15,-22994.72,26.8,11.97,INR
ORD-100427,04-01-2025,FY2025,Q1,January,North,Technology,Laptop,Corporate,Sneha,20,878891.09,564291.73,314599.36,175726.63,138872.73,911328.05,-32436.96,15.8,1.5,INR
ORD-103769,04-01-2025,FY2025,Q1,January,Central,Consumer Goods,Headphones,Small Business,Priya,10,351576.02,226477.56,125098.46,70635.91,54462.55,357674.65,-6098.62,15.49,2.48,INR
ORD-104831,04-01-2025,FY2025,Q1,January,East,Office Supplies,File Folder,Consumer,Neha,6,91516.95,65312.84,26204.1,18676.08,7528.02,96398.41,-4881.46,8.23,-7.55,INR
ORD-100952,04-01-2025,FY2025,Q1,January,West,Office Supplies,Stapler,Consumer,Neha,4,164444.85,122517.05,41927.8,22536.71,19391.09,162236.29,2208.56,11.79,24.87,INR
ORD-100983,05-01-2025,FY2025,Q1,January,West,Office Supplies,Stapler,Corporate,Priya,8,62688.84,47184.84,15503.99,5548.32,9955.67,62444.45,244.39,15.88,20.35,INR
ORD-103560,05-01-2025,FY2025,Q1,January,South,Office Supplies,File Folder,Corporate,Anjali,13,146364,99529.33,46834.67,19476.89,27357.79,163012.89,-16648.88,18.69,11.55,INR
ORD-101574,05-01-2025,FY2025,Q1,January,East,Technology,Smartphone,Consumer,Rohit,2,96574.22,71808.41,24765.81,17821.37,6944.44,104662.08,-8087.86,7.19,21.56,INR
ORD-102919,05-01-2025,FY2025,Q1,January,South,Furniture,Office Chair,Consumer,Rohit,3,92872.86,57657.06,35215.79,9864.79,25351,100964.3,-8091.45,27.3,5.62,INR
ORD-100499,05-01-2025,FY2025,Q1,January,West,Office Supplies,File Folder,Corporate,Rahul,8,155946.74,119376.92,36569.82,18523.32,18046.5,161158.99,-5212.25,11.57,15.78,INR
ORD-103281,06-01-2025,FY2025,Q1,January,West,Office Supplies,Stapler,Consumer,Neha,15,248528.08,132872.64,115655.44,53285.55,62369.89,249650.18,-1122.1,25.1,5.33,INR
ORD-102663,06-01-2025,FY2025,Q1,January,West,Consumer Goods,Water Bottle,Corporate,Anjali,1,10950.65,8225.05,2725.6,2338.52,387.08,10116.16,834.48,3.53,7.12,INR
ORD-100591,07-01-2025,FY2025,Q1,January,East,Consumer Goods,Travel Bag,Corporate,Neha,17,703476.91,472446.71,231030.2,135301.93,95728.27,640442.97,63033.93,13.61,20.94,INR
ORD-101188,07-01-2025,FY2025,Q1,January,East,Technology,Printer,Consumer,Rohit,18,658072.73,400955.88,257116.85,97246.94,159869.91,640945.24,17127.48,24.29,11.23,INR
ORD-103820,07-01-2025,FY2025,Q1,January,Central,Furniture,Conference Table,Corporate,Priya,3,12189.17,8068.49,4120.68,1257.78,2862.9,11977.3,211.86,23.49,0.15,INR
ORD-101289,07-01-2025,FY2025,Q1,January,Central,Consumer Goods,Backpack,Consumer,Neha,7,110201.65,62653.52,47548.13,20049.56,27498.57,121447.71,-11246.07,24.95,7.64,INR
ORD-101748,07-01-2025,FY2025,Q1,January,East,Technology,Tablet,Corporate,Rohit,6,12446.79,8024.55,4422.24,1165.71,3256.53,11771.65,675.14,26.16,19,INR
ORD-100404,08-01-2025,FY2025,Q1,January,South,Healthcare,Thermometer,Small Business,Anjali,18,161873.27,91416.98,70456.3,18654.33,51801.97,150883.12,10990.16,32,-5.24,INR
ORD-100678,08-01-2025,FY2025,Q1,January,South,Healthcare,First Aid Box,Small Business,Neha,15,351160.38,267347.59,83812.78,57728.65,26084.13,323186.71,27973.67,7.43,9.42,INR
ORD-104000,08-01-2025,FY2025,Q1,January,West,Office Supplies,Notebook,Consumer,Vikas,6,73721.34,39206.55,34514.79,9822.39,24692.4,72020.9,1700.44,33.49,11.68,INR
ORD-103888,08-01-2025,FY2025,Q1,January,West,Office Supplies,Paper Pack,Corporate,Rohit,13,77023.59,45999.7,31023.89,11466.26,19557.63,81272.93,-4249.34,25.39,18.71,INR
ORD-101116,08-01-2025,FY2025,Q1,January,South,Healthcare,First Aid Box,Corporate,Sneha,10,199417.68,151532.77,47884.91,33711.94,14172.96,185760.81,13656.87,7.11,24.72,INR
ORD-100514,09-01-2025,FY2025,Q1,January,Central,Consumer Goods,Headphones,Corporate,Amit,1,11223.09,6671.31,4551.78,2186.96,2364.82,10112.56,1110.53,21.07,-0.63,INR
ORD-102844,09-01-2025,FY2025,Q1,January,Central,Technology,Laptop,Consumer,Rahul,2,90220.12,62879.8,27340.33,11668.45,15671.88,99312.77,-9092.65,17.37,17.32,INR
ORD-102084,09-01-2025,FY2025,Q1,January,North,Consumer Goods,Water Bottle,Consumer,Rahul,2,57580.58,36295.29,21285.29,5739.37,15545.92,62790.02,-5209.44,27,21.27,INR
ORD-102985,09-01-2025,FY2025,Q1,January,North,Office Supplies,File Folder,Consumer,Anjali,18,450565.13,305979.49,144585.64,53171.37,91414.27,437868.78,12696.34,20.29,-4.83,INR
ORD-100325,10-01-2025,FY2025,Q1,January,North,Office Supplies,File Folder,Consumer,Rohit,6,85427.14,54709.01,30718.13,15993.45,14724.68,81295.14,4132.01,17.24,-4.75,INR
ORD-102804,10-01-2025,FY2025,Q1,January,East,Office Supplies,Notebook,Consumer,Neha,15,203331.55,126332.22,76999.33,42862.61,34136.73,189957.48,13374.07,16.79,-4.37,INR
ORD-103691,11-01-2025,FY2025,Q1,January,North,Technology,Smartphone,Consumer,Rahul,1,27209.94,18012.45,9197.49,4010.88,5186.61,24754.32,2455.61,19.06,18.38,INR
ORD-104529,11-01-2025,FY2025,Q1,January,South,Technology,Printer,Consumer,Priya,6,136628.57,89030.32,47598.26,12413.83,35184.42,131829.01,4799.56,25.75,9.45,INR
ORD-104475,11-01-2025,FY2025,Q1,January,South,Consumer Goods,Water Bottle,Consumer,Priya,5,57606.65,37631.07,19975.58,11629.85,8345.73,63474.5,-5867.85,14.49,0.17,INR
ORD-103320,11-01-2025,FY2025,Q1,January,Central,Furniture,Conference Table,Consumer,Priya,16,639139.23,368738.69,270400.54,103666,166734.54,709693.36,-70554.13,26.09,10.37,INR
ORD-101854,11-01-2025,FY2025,Q1,January,East,Office Supplies,File Folder,Small Business,Neha,10,65400.76,44022.11,21378.65,12581.12,8797.52,66015.57,-614.81,13.45,22.33,INR
ORD-102123,12-01-2025,FY2025,Q1,January,West,Furniture,Cabinet,Consumer,Sneha,11,428421.06,278748.13,149672.93,56556.67,93116.27,450943.17,-22522.11,21.73,12.91,INR
ORD-100115,12-01-2025,FY2025,Q1,January,Central,Office Supplies,File Folder,Consumer,Sneha,6,212889.78,136838.48,76051.29,34505.93,41545.37,200248.02,12641.76,19.51,7.78,INR
ORD-101540,13-01-2025,FY2025,Q1,January,East,Technology,Printer,Consumer,Rohit,8,227079.18,137532.89,89546.28,42889.94,46656.34,207311.58,19767.6,20.55,-2.59,INR
ORD-101880,13-01-2025,FY2025,Q1,January,South,Furniture,Cabinet,Small Business,Sneha,17,434112.08,338583.65,95528.43,52516.07,43012.36,419288.15,14823.93,9.91,-0.73,INR
ORD-101031,13-01-2025,FY2025,Q1,January,South,Furniture,Bookshelf,Small Business,Amit,5,17233.48,13125.92,4107.56,3668.51,439.05,18238.4,-1004.91,2.55,18.3,INR
ORD-101691,13-01-2025,FY2025,Q1,January,North,Technology,Monitor,Corporate,Rohit,16,148279.51,105610.34,42669.17,18472.92,24196.25,135970.6,12308.91,16.32,-7.18,INR
ORD-102215,13-01-2025,FY2025,Q1,January,North,Technology,Monitor,Consumer,Amit,9,56963.05,35599.65,21363.39,8089.13,13274.26,56181.38,781.66,23.3,-3.92,INR
ORD-102853,14-01-2025,FY2025,Q1,January,East,Consumer Goods,Headphones,Corporate,Sneha,15,704083.47,368559.92,335523.55,118434.13,217089.43,725471.73,-21388.25,30.83,15.48,INR
ORD-103228,14-01-2025,FY2025,Q1,January,North,Healthcare,BP Monitor,Small Business,Rahul,19,198174.78,134277.77,63897.01,35942.94,27954.06,217196.5,-19021.72,14.11,20.53,INR
ORD-101527,15-01-2025,FY2025,Q1,January,West,Furniture,Cabinet,Consumer,Amit,1,17298.21,9449.1,7849.11,2451.67,5397.43,17451.9,-153.7,31.2,-0.38,INR
ORD-103357,15-01-2025,FY2025,Q1,January,North,Office Supplies,Paper Pack,Consumer,Anjali,5,67411.31,48544.31,18867,10090.43,8776.57,68025.02,-613.71,13.02,-2.12,INR
ORD-100966,15-01-2025,FY2025,Q1,January,South,Technology,Tablet,Small Business,Priya,11,167687.21,107375.93,60311.28,28866.73,31444.55,159713.64,7973.57,18.75,-1.77,INR
ORD-104582,16-01-2025,FY2025,Q1,January,Central,Furniture,Cabinet,Corporate,Priya,10,339391.89,192248.34,147143.55,44877.33,102266.22,308711.62,30680.27,30.13,14.17,INR
ORD-104497,16-01-2025,FY2025,Q1,January,North,Office Supplies,Pen Set,Consumer,Neha,2,74380.17,42410.76,31969.41,8441.42,23527.99,80245.76,-5865.59,31.63,0.2,INR
ORD-101300,17-01-2025,FY2025,Q1,January,East,Office Supplies,Notebook,Small Business,Neha,13,523079.46,338701.79,184377.67,50358.38,134019.3,529417.51,-6338.05,25.62,-2.24,INR
ORD-101128,17-01-2025,FY2025,Q1,January,Central,Furniture,Cabinet,Consumer,Rohit,4,163288.13,96822.92,66465.21,19073.63,47391.58,156243.09,7045.05,29.02,11.56,INR
ORD-100698,17-01-2025,FY2025,Q1,January,South,Office Supplies,Stapler,Small Business,Rohit,12,416255.84,292119.39,124136.44,69208.48,54927.96,422056.14,-5800.3,13.2,-5.91,INR
ORD-104835,17-01-2025,FY2025,Q1,January,South,Consumer Goods,Travel Bag,Consumer,Neha,4,68222.05,36228.85,31993.2,8265.8,23727.41,74714.34,-6492.29,34.78,11.92,INR
ORD-100019,17-01-2025,FY2025,Q1,January,West,Furniture,Conference Table,Consumer,Neha,14,97369.89,51335.1,46034.79,7848.66,38186.13,98284.23,-914.33,39.22,23.92,INR
ORD-103952,18-01-2025,FY2025,Q1,January,Central,Furniture,Cabinet,Small Business,Neha,1,13448.69,10008.12,3440.57,1552.85,1887.72,14800.24,-1351.56,14.04,21.93,INR
ORD-100121,18-01-2025,FY2025,Q1,January,North,Technology,Printer,Consumer,Rahul,12,34901.53,27166.88,7734.66,3204.12,4530.54,33087.49,1814.05,12.98,2.46,INR
ORD-102453,18-01-2025,FY2025,Q1,January,Central,Technology,Monitor,Consumer,Vikas,17,548911.05,381511.54,167399.51,55110.32,112289.19,507318.03,41593.02,20.46,22.53,INR
ORD-101752,18-01-2025,FY2025,Q1,January,South,Office Supplies,Stapler,Consumer,Rohit,15,673791.01,389808.62,283982.38,112884.79,171097.59,606502.76,67288.25,25.39,11.23,INR
ORD-101407,19-01-2025,FY2025,Q1,January,North,Healthcare,First Aid Box,Corporate,Neha,6,209843.06,116770.42,93072.63,31440.6,61632.04,192642.66,17200.4,29.37,-7.36,INR
ORD-100225,19-01-2025,FY2025,Q1,January,West,Furniture,Office Chair,Corporate,Rohit,10,388553.65,263027.28,125526.37,40432.69,85093.69,420012.38,-31458.73,21.9,-2.96,INR
ORD-104685,19-01-2025,FY2025,Q1,January,North,Furniture,Conference Table,Corporate,Neha,11,184016.87,136609.21,47407.67,29119.19,18288.47,191063.04,-7046.17,9.94,17.85,INR
ORD-100675,19-01-2025,FY2025,Q1,January,East,Office Supplies,Pen Set,Corporate,Neha,13,608897.09,401012.65,207884.44,100158.49,107725.95,575309.4,33587.7,17.69,17.26,INR
ORD-103072,20-01-2025,FY2025,Q1,January,South,Furniture,Bookshelf,Consumer,Anjali,10,331960.81,233608.89,98351.92,30488.99,67862.93,371365.53,-39404.72,20.44,19.2,INR
ORD-101039,20-01-2025,FY2025,Q1,January,South,Technology,Laptop,Corporate,Sneha,11,253161.32,154820.65,98340.66,53180.59,45160.08,259684.34,-6523.02,17.84,21.52,INR
ORD-100446,20-01-2025,FY2025,Q1,January,North,Healthcare,Medical Kit,Consumer,Amit,15,683064.35,529569.04,153495.31,90437.04,63058.26,679543,3521.35,9.23,7.72,INR
ORD-103485,20-01-2025,FY2025,Q1,January,Central,Office Supplies,Pen Set,Consumer,Rohit,1,18094.41,10619.05,7475.36,3969.81,3505.54,19975.24,-1880.83,19.37,6.32,INR
ORD-101620,20-01-2025,FY2025,Q1,January,North,Healthcare,Thermometer,Consumer,Anjali,6,289681.58,153693.01,135988.56,32502.77,103485.79,307640.09,-17958.51,35.72,19.68,INR
ORD-104088,20-01-2025,FY2025,Q1,January,West,Consumer Goods,Water Bottle,Small Business,Anjali,17,38750.14,22005.26,16744.89,6393.95,10350.94,38872.6,-122.46,26.71,-3.6,INR
ORD-100520,21-01-2025,FY2025,Q1,January,South,Technology,Tablet,Consumer,Anjali,18,593940,313424.98,280515.01,72746.63,207768.39,616907.07,-22967.07,34.98,13.98,INR
ORD-100164,21-01-2025,FY2025,Q1,January,Central,Technology,Monitor,Small Business,Amit,1,48584.51,34725.03,13859.47,5556.36,8303.11,49567.05,-982.54,17.09,18.01,INR
ORD-101454,21-01-2025,FY2025,Q1,January,Central,Technology,Monitor,Consumer,Rohit,10,216948.62,134746.67,82201.96,19289.38,62912.58,234828.72,-17880.1,29,2.1,INR
ORD-104018,21-01-2025,FY2025,Q1,January,East,Furniture,Conference Table,Consumer,Sneha,6,230616.57,175486.78,55129.78,19978.88,35150.9,211643.83,18972.73,15.24,0.44,INR
ORD-104463,21-01-2025,FY2025,Q1,January,North,Furniture,Desk,Consumer,Rahul,18,770382.35,565761.93,204620.41,159767.04,44853.37,773064.04,-2681.69,5.82,14.54,INR
ORD-103085,22-01-2025,FY2025,Q1,January,Central,Office Supplies,File Folder,Corporate,Amit,3,23064.45,14439.24,8625.2,2284.5,6340.71,22165.36,899.09,27.49,6.64,INR
ORD-101165,22-01-2025,FY2025,Q1,January,Central,Technology,Tablet,Corporate,Rohit,20,250996.62,180265.92,70730.7,42011.98,28718.72,254277.74,-3281.12,11.44,15.88,INR
ORD-102450,22-01-2025,FY2025,Q1,January,Central,Furniture,Bookshelf,Consumer,Priya,18,586982.6,396481.22,190501.38,80415.71,110085.67,595595.56,-8612.96,18.75,14.9,INR
ORD-103103,22-01-2025,FY2025,Q1,January,South,Furniture,Cabinet,Corporate,Amit,12,379851.52,296209.19,83642.34,71220.33,12422,361708.21,18143.31,3.27,11.76,INR
ORD-104932,22-01-2025,FY2025,Q1,January,South,Furniture,Office Chair,Small Business,Priya,6,55661.21,33486.28,22174.93,11822.93,10352,58325.28,-2664.07,18.6,9,INR
ORD-104346,23-01-2025,FY2025,Q1,January,South,Furniture,Bookshelf,Corporate,Neha,9,189844.48,110836.82,79007.66,36397.49,42610.17,200448.03,-10603.55,22.44,4.02,INR
ORD-102967,23-01-2025,FY2025,Q1,January,North,Consumer Goods,Headphones,Consumer,Neha,9,316554.16,237985.78,78568.38,69357.84,9210.54,348198.29,-31644.13,2.91,10.71,INR
ORD-104077,23-01-2025,FY2025,Q1,January,West,Furniture,Desk,Consumer,Neha,18,264043.76,189022.16,75021.6,50265.89,24755.7,263869.76,174,9.38,5.98,INR
ORD-100470,23-01-2025,FY2025,Q1,January,West,Furniture,Desk,Consumer,Vikas,1,26933.44,20081.18,6852.26,3332.98,3519.28,28054.45,-1121.01,13.07,23.15,INR
ORD-103033,23-01-2025,FY2025,Q1,January,West,Technology,Tablet,Small Business,Rahul,14,77300.34,53792.39,23507.96,12329.74,11178.21,77105.39,194.95,14.46,9.03,INR
ORD-100383,23-01-2025,FY2025,Q1,January,Central,Technology,Printer,Small Business,Anjali,15,104651.75,58992.18,45659.57,13450.21,32209.36,99083.93,5567.82,30.78,1.2,INR
ORD-101420,24-01-2025,FY2025,Q1,January,West,Technology,Laptop,Consumer,Rahul,17,191202.32,148836.08,42366.24,40357.13,2009.1,207505.14,-16302.83,1.05,13.13,INR
ORD-100827,24-01-2025,FY2025,Q1,January,East,Consumer Goods,Backpack,Consumer,Neha,9,113689.83,70899.07,42790.75,20257.95,22532.8,105713.68,7976.15,19.82,-4.69,INR
ORD-101445,24-01-2025,FY2025,Q1,January,West,Technology,Printer,Corporate,Priya,15,311940.98,237019.52,74921.46,60256.47,14664.99,289683.57,22257.41,4.7,12.75,INR
ORD-102858,25-01-2025,FY2025,Q1,January,South,Furniture,Bookshelf,Corporate,Sneha,3,78469.72,51740.78,26728.94,15029.99,11698.95,76781.77,1687.95,14.91,20.3,INR
ORD-104547,25-01-2025,FY2025,Q1,January,South,Consumer Goods,Travel Bag,Consumer,Vikas,15,748069.71,527493.99,220575.72,106601.41,113974.31,696503.3,51566.41,15.24,18.78,INR
ORD-104791,25-01-2025,FY2025,Q1,January,West,Furniture,Desk,Consumer,Priya,17,447899.07,320082,127817.06,55159.44,72657.63,481839.86,-33940.79,16.22,14.04,INR
ORD-102113,26-01-2025,FY2025,Q1,January,East,Technology,Smartphone,Consumer,Anjali,8,15359.49,11384.81,3974.67,2837.3,1137.37,16257.29,-897.8,7.41,-6.28,INR
ORD-103277,26-01-2025,FY2025,Q1,January,West,Technology,Laptop,Consumer,Neha,17,785773.39,411726.4,374046.99,68204.45,305842.54,795464.36,-9690.96,38.92,13.74,INR
ORD-104950,26-01-2025,FY2025,Q1,January,North,Healthcare,Gloves,Consumer,Priya,2,75581.65,43227.19,32354.46,11072.29,21282.17,68341.88,7239.77,28.16,14.66,INR
ORD-103433,27-01-2025,FY2025,Q1,January,Central,Consumer Goods,Calculator,Small Business,Anjali,13,583580.31,441024.37,142555.94,63042.95,79512.99,641964.71,-58384.4,13.63,21.16,INR
ORD-103819,27-01-2025,FY2025,Q1,January,North,Furniture,Cabinet,Consumer,Amit,14,550969.81,402287.04,148682.77,120762,27920.77,542055.86,8913.95,5.07,4.37,INR
ORD-101036,27-01-2025,FY2025,Q1,January,West,Furniture,Cabinet,Corporate,Anjali,13,199112.49,154165.63,44946.86,30985.49,13961.37,210329.78,-11217.29,7.01,22.81,INR
ORD-104113,27-01-2025,FY2025,Q1,January,Central,Office Supplies,File Folder,Consumer,Rohit,18,613035.55,348553.81,264481.74,127256.56,137225.17,598001.6,15033.95,22.38,2.66,INR
ORD-103401,27-01-2025,FY2025,Q1,January,East,Consumer Goods,Water Bottle,Small Business,Vikas,14,461488.27,310217.72,151270.55,88975.11,62295.44,470726.81,-9238.54,13.5,0.87,INR
ORD-103418,27-01-2025,FY2025,Q1,January,North,Furniture,Conference Table,Small Business,Amit,15,64043.52,33482.94,30560.59,5454.56,25106.03,67599.67,-3556.15,39.2,14.77,INR
ORD-103862,27-01-2025,FY2025,Q1,January,South,Consumer Goods,Backpack,Small Business,Rahul,16,621056.56,369584.5,251472.07,99613.08,151858.99,613126.9,7929.66,24.45,21.43,INR
ORD-100936,28-01-2025,FY2025,Q1,January,North,Office Supplies,Stapler,Consumer,Amit,3,96784.21,61946.79,34837.42,11144.67,23692.75,103537.26,-6753.06,24.48,20.4,INR
ORD-100603,28-01-2025,FY2025,Q1,January,South,Office Supplies,Stapler,Small Business,Vikas,3,99150.91,63833.18,35317.73,10064.7,25253.03,106377.96,-7227.05,25.47,-7.24,INR
ORD-100273,28-01-2025,FY2025,Q1,January,West,Healthcare,Gloves,Small Business,Neha,9,98000.5,57577.73,40422.77,8571.97,31850.8,102894.04,-4893.53,32.5,0.77,INR
ORD-101899,28-01-2025,FY2025,Q1,January,South,Consumer Goods,Headphones,Corporate,Amit,1,39906.24,23987.72,15918.52,7313.24,8605.29,39526.49,379.75,21.56,-0.86,INR
ORD-104159,28-01-2025,FY2025,Q1,January,North,Consumer Goods,Backpack,Consumer,Priya,15,40887.63,23935.2,16952.43,6815.96,10136.47,37218.19,3669.44,24.79,-2.38,INR
ORD-101120,28-01-2025,FY2025,Q1,January,South,Technology,Smartphone,Corporate,Vikas,11,212778.35,113857.38,98920.96,35497.74,63423.23,217433.94,-4655.6,29.81,-0.01,INR
ORD-100712,28-01-2025,FY2025,Q1,January,North,Technology,Monitor,Small Business,Neha,6,136842.17,84530.89,52311.28,16181.44,36129.83,144314.6,-7472.43,26.4,3.27,INR
ORD-103137,28-01-2025,FY2025,Q1,January,East,Furniture,Cabinet,Consumer,Neha,12,244196.88,188414.44,55782.44,34384.08,21398.36,235186.22,9010.66,8.76,9.19,INR
ORD-103189,29-01-2025,FY2025,Q1,January,East,Office Supplies,Paper Pack,Consumer,Amit,7,129917.29,99440.05,30477.24,21950.91,8526.33,121488.99,8428.3,6.56,4.77,INR
ORD-102648,30-01-2025,FY2025,Q1,January,South,Healthcare,Medical Kit,Consumer,Amit,10,317415.93,192528.35,124887.57,27610.68,97276.89,310816.41,6599.52,30.65,15.06,INR
ORD-103796,30-01-2025,FY2025,Q1,January,West,Consumer Goods,Water Bottle,Small Business,Amit,18,189924.74,124703.95,65220.79,39589.92,25630.87,199984.73,-10059.99,13.5,4.45,INR
ORD-100399,30-01-2025,FY2025,Q1,January,South,Technology,Laptop,Consumer,Neha,7,144077.21,93492.73,50584.47,20802.95,29781.53,134769.28,9307.92,20.67,21.81,INR
ORD-100619,30-01-2025,FY2025,Q1,January,Central,Technology,Monitor,Small Business,Sneha,11,66030.16,34460.64,31569.52,11361.96,20207.55,73471.85,-7441.69,30.6,-0.43,INR
ORD-100940,30-01-2025,FY2025,Q1,January,West,Technology,Smartphone,Consumer,Neha,18,687980.77,441154.8,246825.96,82753.79,164072.17,684679.03,3301.74,23.85,-1.81,INR
ORD-104041,30-01-2025,FY2025,Q1,January,South,Technology,Monitor,Corporate,Sneha,2,58843.51,38153.3,20690.21,4849.64,15840.57,55586.76,3256.76,26.92,15.28,INR
ORD-101756,30-01-2025,FY2025,Q1,January,Central,Healthcare,Gloves,Corporate,Sneha,1,41931.64,24187.24,17744.41,3703.67,14040.74,40930.24,1001.4,33.48,17.12,INR
ORD-101229,30-01-2025,FY2025,Q1,January,North,Office Supplies,File Folder,Corporate,Anjali,6,23022.14,17872.52,5149.63,3618.34,1531.29,23908.52,-886.38,6.65,10.89,INR
ORD-102599,31-01-2025,FY2025,Q1,January,West,Consumer Goods,Calculator,Small Business,Amit,8,274715.38,150370.32,124345.06,42504.31,81840.75,273365.32,1350.06,29.79,23.33,INR
ORD-100361,31-01-2025,FY2025,Q1,January,North,Consumer Goods,Travel Bag,Corporate,Rahul,15,471181.27,246786.76,224394.51,81757.35,142637.16,446942.75,24238.51,30.27,7.79,INR
ORD-102617,31-01-2025,FY2025,Q1,January,North,Office Supplies,Pen Set,Corporate,Neha,10,127362.82,76285.21,51077.61,21917.02,29160.59,128889.03,-1526.21,22.9,16.53,INR
ORD-103840,31-01-2025,FY2025,Q1,January,East,Consumer Goods,Calculator,Small Business,Amit,9,429120.69,247969.63,181151.06,67544.32,113606.74,400222.08,28898.61,26.47,13.17,INR
ORD-102089,01-02-2025,FY2025,Q1,February,South,Consumer Goods,Calculator,Consumer,Rohit,5,150978.04,103019.19,47958.85,13921.84,34037.01,166805.06,-15827.02,22.54,3.42,INR
ORD-103732,01-02-2025,FY2025,Q1,February,South,Consumer Goods,Backpack,Corporate,Anjali,6,246094.07,152977.35,93116.72,40169.32,52947.4,236341.94,9752.13,21.52,-0.87,INR
ORD-104162,01-02-2025,FY2025,Q1,February,South,Consumer Goods,Backpack,Consumer,Anjali,17,776863.7,438682.43,338181.28,85482.1,252699.18,723424.96,53438.74,32.53,18.21,INR
ORD-100580,01-02-2025,FY2025,Q1,February,North,Furniture,Bookshelf,Consumer,Rohit,17,445554.15,235865.72,209688.44,47938.06,161750.38,448196,-2641.84,36.3,12.56,INR
ORD-102373,01-02-2025,FY2025,Q1,February,North,Consumer Goods,Travel Bag,Consumer,Anjali,2,57818.38,38328.15,19490.23,9465.12,10025.11,59908.05,-2089.67,17.34,6.07,INR
ORD-101276,01-02-2025,FY2025,Q1,February,North,Consumer Goods,Backpack,Consumer,Neha,10,121962.42,84160.99,37801.43,24628.22,13173.21,118370.48,3591.93,10.8,-5.65,INR
ORD-100884,01-02-2025,FY2025,Q1,February,East,Technology,Laptop,Consumer,Amit,18,193678.16,135559.89,58118.27,40217.28,17900.99,184475.66,9202.51,9.24,1.7,INR
ORD-103114,01-02-2025,FY2025,Q1,February,East,Furniture,Office Chair,Consumer,Sneha,4,78516.83,56658.99,21857.85,7059.87,14797.98,72424.62,6092.22,18.85,9.57,INR
ORD-102091,01-02-2025,FY2025,Q1,February,Central,Technology,Laptop,Consumer,Rohit,10,234678.63,165496.31,69182.31,46049.42,23132.9,234597.45,81.18,9.86,-1.03,INR
ORD-101832,02-02-2025,FY2025,Q1,February,East,Healthcare,Thermometer,Small Business,Sneha,7,134331.86,88030.41,46301.45,13353.71,32947.73,129401.66,4930.2,24.53,8.05,INR
ORD-100170,02-02-2025,FY2025,Q1,February,South,Consumer Goods,Headphones,Corporate,Sneha,1,3799.71,2934.07,865.63,559.23,306.41,3589.1,210.61,8.06,-3.53,INR
ORD-100493,02-02-2025,FY2025,Q1,February,West,Consumer Goods,Travel Bag,Consumer,Priya,18,155734.28,84965.88,70768.4,30900.75,39867.65,151568.64,4165.64,25.6,-2.77,INR
ORD-100070,02-02-2025,FY2025,Q1,February,Central,Furniture,Office Chair,Consumer,Sneha,8,13070.72,9283.03,3787.69,2671.88,1115.82,13107.12,-36.4,8.54,2.44,INR
ORD-100590,02-02-2025,FY2025,Q1,February,East,Consumer Goods,Water Bottle,Corporate,Amit,12,195482.3,141596.56,53885.74,34664.28,19221.47,216897.74,-21415.44,9.83,5.91,INR
ORD-104940,03-02-2025,FY2025,Q1,February,South,Consumer Goods,Headphones,Corporate,Anjali,19,422156.06,296243.14,125912.92,82974.32,42938.59,398861.62,23294.44,10.17,-3.77,INR
ORD-103838,04-02-2025,FY2025,Q1,February,South,Office Supplies,Notebook,Consumer,Neha,7,226772.08,175798.27,50973.81,32260.55,18713.26,250776.72,-24004.64,8.25,10.51,INR
ORD-102068,04-02-2025,FY2025,Q1,February,Central,Consumer Goods,Backpack,Corporate,Priya,1,3186.35,2028.56,1157.8,290.26,867.54,3364.8,-178.44,27.23,0.62,INR
ORD-100106,05-02-2025,FY2025,Q1,February,East,Technology,Smartphone,Consumer,Neha,5,220527.7,165137.46,55390.24,35437.17,19953.07,225873.37,-5345.68,9.05,11.08,INR
ORD-101950,05-02-2025,FY2025,Q1,February,East,Office Supplies,File Folder,Consumer,Rahul,3,22769.29,16159.27,6610.03,3589.92,3020.11,22727.7,41.6,13.26,13.55,INR
ORD-100583,05-02-2025,FY2025,Q1,February,Central,Furniture,Bookshelf,Corporate,Vikas,15,454015.13,344186.8,109828.32,69920.04,39908.28,418877.68,35137.45,8.79,14.1,INR
ORD-103091,05-02-2025,FY2025,Q1,February,West,Furniture,Cabinet,Consumer,Amit,16,286318.81,184100.81,102218.01,31894.85,70323.16,281140.78,5178.03,24.56,0.26,INR
ORD-100158,05-02-2025,FY2025,Q1,February,South,Healthcare,Gloves,Corporate,Neha,16,691265.99,359530.15,331735.84,98528.61,233207.24,635485.69,55780.31,33.74,22.57,INR
ORD-101842,06-02-2025,FY2025,Q1,February,East,Furniture,Conference Table,Consumer,Amit,20,65163.03,48479.57,16683.46,7325.59,9357.87,69283.26,-4120.23,14.36,1.4,INR
ORD-104405,06-02-2025,FY2025,Q1,February,South,Technology,Printer,Consumer,Anjali,8,204842.16,116309.86,88532.29,17891.35,70640.94,210641.69,-5799.53,34.49,-0.75,INR
ORD-104816,06-02-2025,FY2025,Q1,February,East,Office Supplies,Pen Set,Consumer,Sneha,19,906870.62,660071.51,246799.11,184897.47,61901.64,965703.59,-58832.97,6.83,24.25,INR
ORD-100363,07-02-2025,FY2025,Q1,February,North,Healthcare,BP Monitor,Consumer,Priya,13,34506.46,23378.81,11127.66,3559.01,7568.64,35032.15,-525.69,21.93,1.52,INR
ORD-103583,07-02-2025,FY2025,Q1,February,South,Furniture,Office Chair,Consumer,Sneha,19,211092,149870.34,61221.66,26483.22,34738.43,206952.4,4139.6,16.46,-2.9,INR
ORD-100917,07-02-2025,FY2025,Q1,February,South,Consumer Goods,Water Bottle,Consumer,Rahul,4,116097.15,73882.72,42214.43,21658.9,20555.53,120344.08,-4246.93,17.71,6.49,INR
ORD-100010,08-02-2025,FY2025,Q1,February,South,Office Supplies,Paper Pack,Corporate,Rahul,5,51505.18,37775.73,13729.45,10672.4,3057.05,52739.71,-1234.53,5.94,-0.85,INR
ORD-104584,08-02-2025,FY2025,Q1,February,Central,Furniture,Bookshelf,Corporate,Rahul,19,138909.18,99321.42,39587.76,25937.73,13650.03,142243.69,-3334.51,9.83,20.4,INR
ORD-101954,08-02-2025,FY2025,Q1,February,East,Office Supplies,File Folder,Corporate,Priya,19,711452.43,468333.66,243118.78,142270.72,100848.06,795708.33,-84255.89,14.17,20.17,INR
ORD-101679,08-02-2025,FY2025,Q1,February,North,Office Supplies,Paper Pack,Consumer,Rohit,3,56138.88,38375.65,17763.23,5947.51,11815.72,54297.35,1841.53,21.05,-3.27,INR
ORD-101995,08-02-2025,FY2025,Q1,February,South,Consumer Goods,Travel Bag,Corporate,Rahul,16,523875.86,368104.1,155771.75,90982.42,64789.33,520832.69,3043.17,12.37,-1.26,INR
ORD-101713,08-02-2025,FY2025,Q1,February,West,Furniture,Desk,Consumer,Sneha,5,46190.95,32680.87,13510.08,9620.83,3889.25,47813.28,-1622.33,8.42,3.78,INR
ORD-101755,08-02-2025,FY2025,Q1,February,West,Consumer Goods,Travel Bag,Consumer,Vikas,18,151505.92,99768.61,51737.32,17648.26,34089.06,154766.7,-3260.77,22.5,18.71,INR
ORD-103316,08-02-2025,FY2025,Q1,February,South,Office Supplies,Notebook,Corporate,Sneha,11,342245.19,234648.18,107597.02,48355.49,59241.53,378500.55,-36255.36,17.31,4.61,INR
ORD-100552,09-02-2025,FY2025,Q1,February,East,Healthcare,Gloves,Corporate,Neha,10,264089.84,196400.76,67689.08,57725.16,9963.92,280386.85,-16297,3.77,-4.36,INR
ORD-104112,09-02-2025,FY2025,Q1,February,South,Consumer Goods,Travel Bag,Small Business,Amit,19,152146.93,113503.6,38643.33,30353.48,8289.85,155321.51,-3174.58,5.45,-5.75,INR
ORD-104759,09-02-2025,FY2025,Q1,February,Central,Technology,Laptop,Small Business,Amit,6,182301.53,107210.83,75090.71,40020.65,35070.06,166436.78,15864.75,19.24,-5.85,INR
ORD-100574,09-02-2025,FY2025,Q1,February,Central,Technology,Tablet,Consumer,Sneha,13,222028.45,132002.84,90025.62,35308.74,54716.88,215066.45,6962.01,24.64,-5.05,INR
ORD-102514,09-02-2025,FY2025,Q1,February,North,Consumer Goods,Calculator,Consumer,Vikas,5,75003.17,50256.73,24746.44,12849.52,11896.92,72882.28,2120.9,15.86,24.04,INR
ORD-103326,10-02-2025,FY2025,Q1,February,West,Office Supplies,Pen Set,Corporate,Sneha,4,72402.53,52770.96,19631.57,14591.53,5040.04,77511.65,-5109.12,6.96,6.31,INR
ORD-101159,10-02-2025,FY2025,Q1,February,South,Technology,Tablet,Small Business,Anjali,3,67499.55,50263.02,17236.53,7941.94,9294.6,62579.01,4920.55,13.77,16.32,INR
ORD-102653,10-02-2025,FY2025,Q1,February,Central,Furniture,Cabinet,Corporate,Sneha,19,550446.77,407643.29,142803.48,102006.22,40797.26,524140.62,26306.14,7.41,16.91,INR
ORD-104810,10-02-2025,FY2025,Q1,February,West,Consumer Goods,Calculator,Corporate,Rahul,13,561342.7,376708.42,184634.28,85720.24,98914.05,523419.76,37922.94,17.62,-5.01,INR
ORD-102434,10-02-2025,FY2025,Q1,February,West,Technology,Monitor,Consumer,Rahul,16,530766.07,396940.42,133825.66,80241.66,53584,492885.88,37880.19,10.1,18.22,INR
ORD-101931,11-02-2025,FY2025,Q1,February,East,Technology,Monitor,Consumer,Neha,14,456525.17,245882.12,210643.06,77714.84,132928.21,468601.69,-12076.52,29.12,21.68,INR
ORD-100309,12-02-2025,FY2025,Q1,February,North,Furniture,Conference Table,Corporate,Neha,10,234105.65,125194.77,108910.89,24401.76,84509.13,211782.91,22322.74,36.1,12.61,INR
ORD-102231,12-02-2025,FY2025,Q1,February,East,Office Supplies,Notebook,Consumer,Amit,16,345241.77,266902.8,78338.97,68471.23,9867.74,382507.56,-37265.79,2.86,-0.76,INR
ORD-101382,12-02-2025,FY2025,Q1,February,Central,Office Supplies,Paper Pack,Consumer,Sneha,15,256566.73,139901.19,116665.54,27139.78,89525.76,234987.09,21579.64,34.89,4.77,INR
ORD-104057,12-02-2025,FY2025,Q1,February,East,Healthcare,Medical Kit,Corporate,Anjali,19,310728.04,207495.31,103232.74,63085.68,40147.06,306259.88,4468.16,12.92,-2.67,INR
ORD-100957,13-02-2025,FY2025,Q1,February,West,Technology,Monitor,Consumer,Priya,19,645251.22,498089.18,147162.04,63029.92,84132.13,602554.24,42696.98,13.04,1.79,INR
ORD-102254,13-02-2025,FY2025,Q1,February,East,Furniture,Office Chair,Small Business,Rohit,18,37611.31,24282.52,13328.79,4988.32,8340.47,36722.17,889.14,22.18,13.64,INR
ORD-102813,14-02-2025,FY2025,Q1,February,Central,Healthcare,BP Monitor,Consumer,Rahul,11,151369.17,109713.42,41655.75,15426.81,26228.93,158958.4,-7589.23,17.33,12.78,INR
ORD-101706,14-02-2025,FY2025,Q1,February,West,Office Supplies,Paper Pack,Consumer,Amit,3,62850.48,33506.23,29344.24,5244.28,24099.96,56784.09,6066.38,38.34,15.08,INR
ORD-102750,14-02-2025,FY2025,Q1,February,Central,Office Supplies,Stapler,Consumer,Sneha,12,309139.61,185670.36,123469.25,56092.7,67376.55,331908.62,-22769.01,21.79,23.77,INR
ORD-102870,14-02-2025,FY2025,Q1,February,North,Consumer Goods,Travel Bag,Consumer,Amit,18,314003.74,181406.61,132597.13,63240.43,69356.7,299876.17,14127.57,22.09,4.37,INR
ORD-100388,14-02-2025,FY2025,Q1,February,North,Healthcare,Gloves,Consumer,Anjali,20,782619.43,471220.67,311398.76,146564.3,164834.46,823138.93,-40519.5,21.06,24.67,INR
ORD-100047,14-02-2025,FY2025,Q1,February,Central,Healthcare,Medical Kit,Small Business,Vikas,20,864257.74,543171.23,321086.51,110586.02,210500.49,858500.75,5757,24.36,16.28,INR
ORD-101901,14-02-2025,FY2025,Q1,February,West,Consumer Goods,Backpack,Corporate,Vikas,9,407368.9,256656.53,150712.37,47265.46,103446.91,387889.53,19479.37,25.39,9.3,INR
ORD-100041,15-02-2025,FY2025,Q1,February,North,Consumer Goods,Calculator,Consumer,Neha,8,101611.04,67902.05,33708.99,10405.71,23303.27,102230.67,-619.63,22.93,21.28,INR
ORD-103776,15-02-2025,FY2025,Q1,February,Central,Furniture,Conference Table,Consumer,Neha,15,119583.93,62355.32,57228.61,13785,43443.61,113608.04,5975.89,36.33,15.76,INR
ORD-100760,15-02-2025,FY2025,Q1,February,West,Technology,Tablet,Consumer,Rahul,19,618867.86,453570.57,165297.3,108812.26,56485.03,671091.21,-52223.35,9.13,8.49,INR
ORD-101076,16-02-2025,FY2025,Q1,February,Central,Office Supplies,Notebook,Consumer,Neha,8,32891.32,24201.68,8689.64,4104.1,4585.54,31654.47,1236.86,13.94,20.36,INR
ORD-104617,16-02-2025,FY2025,Q1,February,North,Consumer Goods,Travel Bag,Consumer,Rahul,5,111361.57,86648.75,24712.82,19737.03,4975.79,123555.7,-12194.12,4.47,15.37,INR
ORD-104335,16-02-2025,FY2025,Q1,February,East,Technology,Tablet,Consumer,Anjali,12,481142.93,276361.58,204781.36,67621.05,137160.3,531542.76,-50399.83,28.51,-3.3,INR
ORD-103206,16-02-2025,FY2025,Q1,February,North,Healthcare,First Aid Box,Consumer,Anjali,2,28235.65,16496.21,11739.45,3577,8162.45,27967.35,268.3,28.91,24.62,INR
ORD-100929,16-02-2025,FY2025,Q1,February,North,Technology,Monitor,Consumer,Vikas,15,448210.94,233875.25,214335.69,81810.84,132524.85,437381.79,10829.16,29.57,8.82,INR
ORD-101818,16-02-2025,FY2025,Q1,February,North,Furniture,Office Chair,Consumer,Rahul,16,145992.89,79926.17,66066.72,22446.67,43620.04,138816.65,7176.24,29.88,-2.83,INR
ORD-102477,17-02-2025,FY2025,Q1,February,North,Technology,Tablet,Consumer,Neha,11,470408.91,312096.86,158312.05,61196.21,97115.85,505756.28,-35347.37,20.64,10.41,INR
ORD-102237,17-02-2025,FY2025,Q1,February,Central,Office Supplies,Paper Pack,Small Business,Rahul,17,164941.44,120450.13,44491.31,30931.6,13559.71,155845.27,9096.17,8.22,-6.92,INR
ORD-104160,17-02-2025,FY2025,Q1,February,North,Healthcare,BP Monitor,Consumer,Amit,7,126832.42,76538.92,50293.5,26908.9,23384.6,123371.22,3461.21,18.44,6.5,INR
ORD-102405,17-02-2025,FY2025,Q1,February,West,Consumer Goods,Travel Bag,Corporate,Neha,12,481605.32,314285.73,167319.59,76330.07,90989.52,505149.98,-23544.66,18.89,13.69,INR
ORD-100857,17-02-2025,FY2025,Q1,February,East,Consumer Goods,Travel Bag,Consumer,Rohit,16,89447.23,48816.74,40630.49,7450.48,33180.01,92486.25,-3039.02,37.09,2.38,INR
ORD-101352,17-02-2025,FY2025,Q1,February,Central,Furniture,Conference Table,Corporate,Sneha,11,174481.61,122606.07,51875.54,29809.6,22065.94,182496.24,-8014.63,12.65,-1.62,INR
ORD-102443,18-02-2025,FY2025,Q1,February,East,Technology,Tablet,Consumer,Priya,5,91404.36,67137.07,24267.29,13993.47,10273.81,89238.96,2165.4,11.24,14.24,INR
ORD-100091,18-02-2025,FY2025,Q1,February,South,Consumer Goods,Travel Bag,Consumer,Amit,16,453290.37,287588.72,165701.66,75567.73,90133.93,428415.77,24874.61,19.88,4.84,INR
ORD-103650,18-02-2025,FY2025,Q1,February,East,Office Supplies,File Folder,Consumer,Priya,4,90243.65,62399.75,27843.89,12958.13,14885.76,92780.67,-2537.03,16.5,10.97,INR
ORD-101978,18-02-2025,FY2025,Q1,February,North,Consumer Goods,Travel Bag,Consumer,Priya,17,38271.61,28495.75,9775.86,6752.36,3023.5,37429.59,842.02,7.9,14.61,INR
ORD-103682,18-02-2025,FY2025,Q1,February,South,Technology,Tablet,Corporate,Amit,12,201614.85,145148.34,56466.51,39656.83,16809.68,223253.67,-21638.82,8.34,23.07,INR
ORD-104465,18-02-2025,FY2025,Q1,February,North,Furniture,Cabinet,Consumer,Neha,11,206018.6,113023.39,92995.21,33257.58,59737.63,193873.55,12145.06,29,2.28,INR
ORD-104933,19-02-2025,FY2025,Q1,February,South,Consumer Goods,Calculator,Corporate,Sneha,10,92962.67,61588.38,31374.29,19619.92,11754.37,101863.65,-8900.98,12.64,-3.12,INR
ORD-101218,19-02-2025,FY2025,Q1,February,West,Consumer Goods,Headphones,Small Business,Rohit,6,296697.1,204232.02,92465.08,43873.6,48591.48,285628.29,11068.81,16.38,-5.24,INR
ORD-103870,19-02-2025,FY2025,Q1,February,North,Consumer Goods,Travel Bag,Corporate,Sneha,15,66092.18,38632.53,27459.65,8290.45,19169.2,68548.21,-2456.02,29,20.06,INR
ORD-101180,19-02-2025,FY2025,Q1,February,South,Technology,Smartphone,Consumer,Rohit,14,500507.81,269835.61,230672.2,44017.1,186655.1,505056.24,-4548.43,37.29,-3.34,INR
ORD-103858,19-02-2025,FY2025,Q1,February,North,Office Supplies,Paper Pack,Consumer,Sneha,16,611092.74,403656.22,207436.52,81904.29,125532.23,596022.39,15070.36,20.54,11.08,INR
ORD-102728,19-02-2025,FY2025,Q1,February,West,Consumer Goods,Travel Bag,Corporate,Priya,18,870132.5,497420.37,372712.13,168475.97,204236.16,845140.19,24992.3,23.47,12.2,INR
ORD-101956,19-02-2025,FY2025,Q1,February,West,Consumer Goods,Calculator,Consumer,Neha,4,128683.94,85852.65,42831.28,25755.61,17075.67,132105.3,-3421.37,13.27,0.49,INR
ORD-103613,19-02-2025,FY2025,Q1,February,West,Office Supplies,Paper Pack,Consumer,Amit,2,47849.15,34978.12,12871.03,8836.28,4034.75,43602.98,4246.17,8.43,18.35,INR
ORD-101554,19-02-2025,FY2025,Q1,February,East,Furniture,Desk,Consumer,Rohit,2,46147.75,27884.23,18263.52,7706.23,10557.29,44473.04,1674.71,22.88,1.57,INR
ORD-104504,20-02-2025,FY2025,Q1,February,West,Healthcare,BP Monitor,Consumer,Vikas,4,192729.11,145151.26,47577.84,22056.39,25521.45,184378.19,8350.91,13.24,4.57,INR
ORD-102220,20-02-2025,FY2025,Q1,February,Central,Technology,Tablet,Consumer,Rahul,10,273648.03,171646.81,102001.23,31619,70382.22,273148.5,499.53,25.72,7.31,INR
ORD-101593,21-02-2025,FY2025,Q1,February,West,Consumer Goods,Headphones,Consumer,Rahul,20,463023.14,261151.13,201872.01,89652.21,112219.8,493018.99,-29995.85,24.24,-0.1,INR
ORD-101962,21-02-2025,FY2025,Q1,February,South,Healthcare,Gloves,Consumer,Sneha,9,261825.66,182390.33,79435.33,21038.01,58397.31,240295.37,21530.29,22.3,-0.33,INR
ORD-103739,21-02-2025,FY2025,Q1,February,West,Technology,Printer,Small Business,Rohit,13,317050.81,172369.94,144680.87,46581.21,98099.65,337543.39,-20492.58,30.94,23.28,INR
ORD-101746,22-02-2025,FY2025,Q1,February,North,Furniture,Bookshelf,Consumer,Anjali,10,382237.36,283305.33,98932.03,46909.58,52022.45,346749.12,35488.24,13.61,22.07,INR
ORD-102848,22-02-2025,FY2025,Q1,February,North,Consumer Goods,Travel Bag,Consumer,Vikas,7,54423.66,30538.2,23885.46,8092.46,15793.01,53248.46,1175.2,29.02,-0.83,INR
ORD-104261,22-02-2025,FY2025,Q1,February,South,Furniture,Office Chair,Consumer,Vikas,20,985829.21,765666.24,220162.97,160596.01,59566.96,1087651.78,-101822.56,6.04,14.66,INR
ORD-100500,22-02-2025,FY2025,Q1,February,Central,Furniture,Bookshelf,Corporate,Rahul,14,108250.07,69069.84,39180.23,13656.28,25523.95,106867.77,1382.3,23.58,7.5,INR
ORD-104202,22-02-2025,FY2025,Q1,February,South,Technology,Smartphone,Corporate,Rohit,10,294166.22,161779.05,132387.17,25085.57,107301.6,308187.91,-14021.69,36.48,21.16,INR
ORD-104079,23-02-2025,FY2025,Q1,February,North,Furniture,Conference Table,Consumer,Anjali,5,205530.73,142960.92,62569.82,23135.85,39433.97,190216.05,15314.69,19.19,-1.03,INR
ORD-100270,23-02-2025,FY2025,Q1,February,East,Healthcare,Gloves,Consumer,Amit,17,498150.63,314297.58,183853.05,76792.1,107060.95,548648.57,-50497.94,21.49,12.61,INR
ORD-101834,23-02-2025,FY2025,Q1,February,East,Healthcare,Medical Kit,Consumer,Vikas,13,53315.61,35621.01,17694.6,11121.33,6573.27,53584.04,-268.43,12.33,9.16,INR
ORD-100610,23-02-2025,FY2025,Q1,February,North,Office Supplies,Pen Set,Corporate,Amit,4,195684.63,116390.81,79293.82,41840.4,37453.43,177390.35,18294.28,19.14,9.78,INR
ORD-103098,23-02-2025,FY2025,Q1,February,Central,Technology,Tablet,Corporate,Sneha,10,316385.4,228767.8,87617.6,58599.24,29018.36,345041.91,-28656.52,9.17,5.9,INR
ORD-104410,23-02-2025,FY2025,Q1,February,North,Consumer Goods,Water Bottle,Consumer,Anjali,5,80435.32,59706.53,20728.79,12931.57,7797.22,89627.04,-9191.72,9.69,19.59,INR
ORD-100759,23-02-2025,FY2025,Q1,February,West,Office Supplies,Notebook,Consumer,Amit,4,131140.12,78036.64,53103.48,21229.48,31874,144132.92,-12992.8,24.31,15.21,INR
ORD-102580,24-02-2025,FY2025,Q1,February,East,Technology,Printer,Consumer,Rohit,15,334326.94,225372.68,108954.26,55199.81,53754.45,313633.89,20693.04,16.08,-6.15,INR
ORD-102375,25-02-2025,FY2025,Q1,February,Central,Office Supplies,Pen Set,Small Business,Neha,5,130591.6,80747.79,49843.8,17557.47,32286.34,143817.89,-13226.29,24.72,1.75,INR
ORD-101615,25-02-2025,FY2025,Q1,February,South,Office Supplies,Stapler,Consumer,Amit,13,305645.42,174085.57,131559.84,32939.68,98620.16,338413.73,-32768.32,32.27,5.32,INR
ORD-102618,25-02-2025,FY2025,Q1,February,West,Technology,Printer,Small Business,Rahul,7,253044.77,175924.99,77119.78,53958.7,23161.08,265930.34,-12885.57,9.15,-0.8,INR
ORD-104806,26-02-2025,FY2025,Q1,February,East,Technology,Smartphone,Consumer,Rahul,18,858565.15,659229.25,199335.9,167238.2,32097.71,778213.82,80351.33,3.74,13.51,INR
ORD-104355,26-02-2025,FY2025,Q1,February,South,Furniture,Desk,Consumer,Anjali,14,291008.57,219398.37,71610.21,23371.97,48238.24,284505.36,6503.21,16.58,11.85,INR
ORD-104834,26-02-2025,FY2025,Q1,February,West,Consumer Goods,Calculator,Consumer,Anjali,17,410820.62,226672.37,184148.25,60127.98,124020.27,428014.21,-17193.59,30.19,19.59,INR
ORD-101612,27-02-2025,FY2025,Q1,February,Central,Technology,Tablet,Consumer,Anjali,19,725071.76,399688.75,325383.01,128503.48,196879.53,740089.51,-15017.74,27.15,11.37,INR
ORD-101897,27-02-2025,FY2025,Q1,February,West,Consumer Goods,Travel Bag,Corporate,Sneha,4,97550.08,60012.77,37537.32,13825.07,23712.25,108362.03,-10811.94,24.31,24.62,INR
ORD-103989,27-02-2025,FY2025,Q1,February,West,Office Supplies,Stapler,Consumer,Sneha,17,418351.63,254649.71,163701.92,39568.62,124133.3,446863.82,-28512.19,29.67,-7.52,INR
ORD-101970,28-02-2025,FY2025,Q1,February,South,Healthcare,First Aid Box,Consumer,Anjali,9,168794.54,112282.26,56512.27,24186.15,32326.12,153553.93,15240.61,19.15,7.25,INR
ORD-103777,28-02-2025,FY2025,Q1,February,South,Healthcare,Thermometer,Consumer,Sneha,19,86324.88,52447.68,33877.2,9857.53,24019.67,78643.6,7681.28,27.82,24.66,INR
ORD-100338,28-02-2025,FY2025,Q1,February,West,Office Supplies,Stapler,Consumer,Rahul,2,70194.33,51316.05,18878.28,11375.97,7502.31,76469.87,-6275.54,10.69,8.85,INR
ORD-103760,28-02-2025,FY2025,Q1,February,East,Technology,Monitor,Corporate,Rahul,4,31960.66,24231.32,7729.33,3510.95,4218.38,32880.96,-920.3,13.2,12.12,INR
ORD-102980,28-02-2025,FY2025,Q1,February,Central,Office Supplies,Stapler,Small Business,Neha,13,300645.78,180556.98,120088.8,49309.45,70779.35,292132.07,8513.71,23.54,14.83,INR
ORD-103030,01-03-2025,FY2025,Q1,March,North,Office Supplies,Notebook,Consumer,Anjali,5,137345.53,83327.78,54017.75,11202.97,42814.77,142434.98,-5089.45,31.17,13,INR
ORD-104828,01-03-2025,FY2025,Q1,March,Central,Technology,Smartphone,Corporate,Vikas,10,421915.5,300039.75,121875.75,68350.77,53524.99,456042.09,-34126.6,12.69,22.61,INR
ORD-104496,01-03-2025,FY2025,Q1,March,South,Office Supplies,Pen Set,Small Business,Neha,9,138191.03,100159.17,38031.87,16719.89,21311.98,146074.02,-7882.98,15.42,14.3,INR
ORD-103558,01-03-2025,FY2025,Q1,March,North,Furniture,Office Chair,Small Business,Sneha,19,686362.01,393818.19,292543.81,101197.41,191346.41,694593.79,-8231.78,27.88,0.89,INR
ORD-100327,01-03-2025,FY2025,Q1,March,West,Technology,Monitor,Consumer,Amit,14,319772.53,196209.44,123563.1,36285.15,87277.95,333023.41,-13250.88,27.29,20.88,INR
ORD-100367,02-03-2025,FY2025,Q1,March,East,Office Supplies,Pen Set,Small Business,Rohit,16,644585.8,448310.01,196275.8,97820.22,98455.58,721387.15,-76801.35,15.27,20.69,INR
ORD-102127,02-03-2025,FY2025,Q1,March,West,Technology,Laptop,Consumer,Anjali,13,18918.5,10328.98,8589.53,3977.76,4611.76,17525.1,1393.41,24.38,20.6,INR
ORD-101310,02-03-2025,FY2025,Q1,March,West,Furniture,Desk,Corporate,Sneha,19,143403.18,96589.99,46813.19,14212.12,32601.07,156028.4,-12625.22,22.73,-4.54,INR
ORD-104115,02-03-2025,FY2025,Q1,March,North,Healthcare,BP Monitor,Consumer,Neha,15,276056.55,146719.29,129337.26,53458.15,75879.11,269330.71,6725.84,27.49,8.27,INR
ORD-100068,02-03-2025,FY2025,Q1,March,West,Consumer Goods,Backpack,Consumer,Rahul,17,602925.19,329117.48,273807.71,49529.04,224278.67,550893.16,52032.04,37.2,1.21,INR
ORD-101608,03-03-2025,FY2025,Q1,March,South,Consumer Goods,Water Bottle,Small Business,Anjali,8,46740.62,31479.21,15261.41,7703.9,7557.5,43431.66,3308.96,16.17,11.79,INR
ORD-102791,03-03-2025,FY2025,Q1,March,North,Technology,Laptop,Corporate,Neha,10,216716.51,122540.65,94175.86,34990.86,59185,234439.28,-17722.78,27.31,16.8,INR
ORD-101309,03-03-2025,FY2025,Q1,March,Central,Consumer Goods,Headphones,Consumer,Rahul,20,326711.77,239674.95,87036.82,30943.24,56093.58,356673.67,-29961.9,17.17,9.11,INR
ORD-101783,03-03-2025,FY2025,Q1,March,Central,Technology,Tablet,Consumer,Amit,5,186945.38,130182.18,56763.2,32643.66,24119.53,175363.78,11581.6,12.9,-6.48,INR
ORD-100828,04-03-2025,FY2025,Q1,March,East,Consumer Goods,Calculator,Small Business,Rohit,2,33101.54,24347.86,8753.69,3622.28,5131.4,31616.95,1484.6,15.5,2.48,INR
ORD-102911,04-03-2025,FY2025,Q1,March,Central,Office Supplies,Paper Pack,Consumer,Amit,18,342281.66,214296.01,127985.65,34221.33,93764.32,377301.74,-35020.07,27.39,18.05,INR
ORD-103457,04-03-2025,FY2025,Q1,March,East,Technology,Tablet,Consumer,Vikas,12,283455,148488.23,134966.77,57747.72,77219.05,311054.49,-27599.48,27.24,3.83,INR
ORD-101452,04-03-2025,FY2025,Q1,March,East,Consumer Goods,Travel Bag,Consumer,Priya,4,76984.17,53253.58,23730.58,6764.15,16966.43,77079.35,-95.18,22.04,0.73,INR
ORD-100643,04-03-2025,FY2025,Q1,March,South,Office Supplies,Paper Pack,Consumer,Rahul,6,6759.06,5036.52,1722.54,775.77,946.77,6281.41,477.65,14.01,9.87,INR
ORD-104719,04-03-2025,FY2025,Q1,March,West,Furniture,Cabinet,Consumer,Rohit,20,725402.22,425989.31,299412.91,90752.03,208660.88,724818.79,583.43,28.76,-2.09,INR
ORD-101024,04-03-2025,FY2025,Q1,March,Central,Technology,Tablet,Corporate,Neha,19,288695.54,214818.81,73876.73,27664.55,46212.18,318357.2,-29661.67,16.01,24.01,INR
ORD-102684,04-03-2025,FY2025,Q1,March,South,Technology,Laptop,Consumer,Rahul,14,250802.4,194945.64,55856.76,35877.78,19978.99,274504,-23701.59,7.97,-4.45,INR
ORD-100542,05-03-2025,FY2025,Q1,March,Central,Technology,Printer,Consumer,Vikas,9,83011.73,45605.15,37406.58,13938.55,23468.03,78167.73,4844,28.27,-1.68,INR
ORD-104328,05-03-2025,FY2025,Q1,March,South,Healthcare,Thermometer,Consumer,Anjali,13,99810.12,73832.18,25977.94,18391.14,7586.8,99623.77,186.35,7.6,-5.08,INR
ORD-100109,05-03-2025,FY2025,Q1,March,West,Consumer Goods,Backpack,Corporate,Rahul,7,267642.28,198973.06,68669.22,29913.24,38755.98,251299.82,16342.46,14.48,16.52,INR
ORD-100454,05-03-2025,FY2025,Q1,March,East,Consumer Goods,Headphones,Corporate,Vikas,6,37660.43,22503.23,15157.2,4033.02,11124.18,39250.47,-1590.05,29.54,-2.87,INR
ORD-101201,06-03-2025,FY2025,Q1,March,South,Technology,Laptop,Consumer,Vikas,7,192569.18,133335.56,59233.62,28009.65,31223.97,177171.94,15397.24,16.21,3.36,INR
ORD-103934,06-03-2025,FY2025,Q1,March,West,Furniture,Desk,Corporate,Vikas,13,580549.21,399498.14,181051.07,77951.96,103099.11,600018.88,-19469.66,17.76,-2.2,INR
ORD-100130,06-03-2025,FY2025,Q1,March,Central,Technology,Laptop,Corporate,Sneha,20,40218.97,27085.78,13133.2,4893.75,8239.45,41650.78,-1431.8,20.49,2.6,INR
ORD-104238,06-03-2025,FY2025,Q1,March,South,Consumer Goods,Water Bottle,Small Business,Priya,17,73988.58,52525.88,21462.69,11399.77,10062.92,68946.93,5041.64,13.6,6.48,INR
ORD-103310,06-03-2025,FY2025,Q1,March,South,Office Supplies,Stapler,Consumer,Amit,15,706445.21,406396.04,300049.17,147009.58,153039.59,761749.29,-55304.08,21.66,-0.1,INR
ORD-101503,07-03-2025,FY2025,Q1,March,South,Technology,Printer,Corporate,Neha,7,5550.43,3861.25,1689.17,655.67,1033.51,5967.86,-417.44,18.62,24.67,INR
ORD-102951,07-03-2025,FY2025,Q1,March,Central,Healthcare,BP Monitor,Small Business,Rahul,3,129259.37,77125.13,52134.24,23799.71,28334.54,121756.21,7503.16,21.92,-6.06,INR
ORD-100606,07-03-2025,FY2025,Q1,March,East,Technology,Smartphone,Consumer,Neha,17,564618.54,316109.17,248509.37,75136.2,173373.17,611707.91,-47089.37,30.71,9.59,INR
ORD-102583,07-03-2025,FY2025,Q1,March,North,Office Supplies,Paper Pack,Consumer,Vikas,11,423876.41,295008.42,128867.99,55942.58,72925.41,416552.56,7323.85,17.2,12.21,INR
ORD-101294,07-03-2025,FY2025,Q1,March,East,Healthcare,Gloves,Corporate,Rahul,6,42314.77,25592.47,16722.3,8769.6,7952.7,47359.21,-5044.44,18.79,2.79,INR
ORD-104245,07-03-2025,FY2025,Q1,March,North,Office Supplies,File Folder,Small Business,Rohit,12,589670.28,429768.45,159901.83,125664.22,34237.61,572391.21,17279.07,5.81,-7.6,INR
ORD-100530,08-03-2025,FY2025,Q1,March,North,Consumer Goods,Headphones,Corporate,Rohit,2,87404.5,55772.55,31631.95,16156.72,15475.23,95730.16,-8325.66,17.71,1.64,INR
ORD-104126,08-03-2025,FY2025,Q1,March,Central,Technology,Tablet,Consumer,Rohit,15,255580.03,197015.31,58564.72,37976.46,20588.26,281336.51,-25756.48,8.06,19.95,INR
ORD-104506,08-03-2025,FY2025,Q1,March,South,Technology,Smartphone,Consumer,Anjali,12,402076.97,270858.31,131218.66,52971.59,78247.07,439688.78,-37611.81,19.46,19.89,INR
ORD-100594,08-03-2025,FY2025,Q1,March,Central,Consumer Goods,Travel Bag,Consumer,Sneha,14,553653.45,289195.45,264458.01,109749.94,154708.07,590378.8,-36725.35,27.94,21.56,INR
ORD-100232,08-03-2025,FY2025,Q1,March,North,Healthcare,First Aid Box,Consumer,Vikas,16,601687.7,423015.06,178672.64,85615.59,93057.05,644266.01,-42578.31,15.47,-2.92,INR
ORD-100771,08-03-2025,FY2025,Q1,March,West,Office Supplies,Pen Set,Consumer,Neha,18,863504.83,578202.56,285302.28,175689.75,109612.53,888616.94,-25112.11,12.69,15.29,INR
ORD-104833,09-03-2025,FY2025,Q1,March,Central,Technology,Monitor,Consumer,Neha,20,110151.91,65026.65,45125.25,23861.92,21263.33,118393.76,-8241.86,19.3,20.43,INR
ORD-103605,09-03-2025,FY2025,Q1,March,East,Furniture,Conference Table,Corporate,Anjali,20,233655.24,153462.92,80192.32,32733.22,47459.09,220859.44,12795.8,20.31,17.61,INR
ORD-101744,10-03-2025,FY2025,Q1,March,East,Consumer Goods,Travel Bag,Consumer,Rahul,5,240529.73,152901.47,87628.26,42358.49,45269.77,263614.75,-23085.02,18.82,14.03,INR
ORD-104414,10-03-2025,FY2025,Q1,March,Central,Consumer Goods,Backpack,Corporate,Rahul,16,799760.19,597362.07,202398.12,158839.02,43559.11,784625.77,15134.42,5.45,22.62,INR
ORD-100784,10-03-2025,FY2025,Q1,March,Central,Technology,Monitor,Corporate,Amit,10,132480.05,92632.6,39847.45,19975.78,19871.67,138973.76,-6493.71,15,8.46,INR
ORD-100928,10-03-2025,FY2025,Q1,March,Central,Healthcare,Gloves,Consumer,Neha,18,451615.08,341507.49,110107.59,72821.88,37285.71,500085.85,-48470.78,8.26,-6.44,INR
ORD-104101,10-03-2025,FY2025,Q1,March,South,Office Supplies,Pen Set,Corporate,Rahul,5,172655.78,96641.87,76013.9,35098.52,40915.38,190383.73,-17727.95,23.7,13.53,INR
ORD-100214,11-03-2025,FY2025,Q1,March,East,Office Supplies,File Folder,Corporate,Amit,14,274449.17,177501.96,96947.21,43303.59,53643.62,261363.45,13085.72,19.55,21.65,INR
ORD-101350,11-03-2025,FY2025,Q1,March,Central,Furniture,Desk,Consumer,Amit,8,47094.27,31170.56,15923.71,7472.84,8450.87,46633.41,460.86,17.94,0.39,INR
ORD-101545,11-03-2025,FY2025,Q1,March,North,Consumer Goods,Backpack,Consumer,Vikas,8,366471.31,198086.71,168384.6,71427.04,96957.56,355081.9,11389.41,26.46,22.55,INR
ORD-101366,11-03-2025,FY2025,Q1,March,North,Healthcare,BP Monitor,Consumer,Anjali,12,380635.69,272045.24,108590.45,52344.14,56246.31,376677.5,3958.18,14.78,0.94,INR
ORD-102701,12-03-2025,FY2025,Q1,March,Central,Furniture,Conference Table,Consumer,Priya,13,512208.42,368346.5,143861.92,81096.86,62765.06,533554.67,-21346.25,12.25,21.31,INR
ORD-101900,12-03-2025,FY2025,Q1,March,East,Technology,Smartphone,Consumer,Anjali,2,22444.69,13035.52,9409.16,2181.51,7227.66,20784.42,1660.27,32.2,6.8,INR
ORD-100332,12-03-2025,FY2025,Q1,March,East,Consumer Goods,Backpack,Corporate,Vikas,11,115115.72,77730.28,37385.44,14940.18,22445.26,124722.18,-9606.46,19.5,16.96,INR
ORD-100360,12-03-2025,FY2025,Q1,March,Central,Consumer Goods,Travel Bag,Corporate,Rahul,20,504540.04,353927.99,150612.05,72323.45,78288.6,486403.96,18136.09,15.52,17.61,INR
ORD-103954,12-03-2025,FY2025,Q1,March,Central,Furniture,Bookshelf,Consumer,Rahul,15,123540.84,90539.19,33001.65,18299.74,14701.9,134352.41,-10811.57,11.9,6.61,INR
ORD-103223,12-03-2025,FY2025,Q1,March,Central,Consumer Goods,Backpack,Corporate,Rohit,6,152787.49,84388.05,68399.44,31325.77,37073.67,156080.07,-3292.58,24.26,23.12,INR
ORD-104991,12-03-2025,FY2025,Q1,March,West,Technology,Smartphone,Consumer,Anjali,14,157126.12,97718.51,59407.6,15273.77,44133.83,162006.62,-4880.51,28.09,15.91,INR
ORD-103285,12-03-2025,FY2025,Q1,March,East,Technology,Laptop,Corporate,Anjali,20,756271.22,569886.04,186385.17,153620.69,32764.48,795384.47,-39113.26,4.33,-0.54,INR
ORD-103622,13-03-2025,FY2025,Q1,March,North,Furniture,Cabinet,Consumer,Anjali,14,581720.42,416357.44,165362.97,124908.66,40454.31,624550.19,-42829.77,6.95,13.23,INR
ORD-103614,13-03-2025,FY2025,Q1,March,East,Office Supplies,Paper Pack,Consumer,Amit,12,476069.43,279567.15,196502.28,92377.91,104124.37,525407.44,-49338.01,21.87,10.86,INR
ORD-103350,13-03-2025,FY2025,Q1,March,West,Consumer Goods,Backpack,Consumer,Sneha,9,132781.44,99152.41,33629.03,22288.96,11340.07,134801.81,-2020.37,8.54,-5.1,INR
ORD-103536,14-03-2025,FY2025,Q1,March,East,Furniture,Desk,Consumer,Priya,20,593895.07,432404.8,161490.27,102468.4,59021.86,587466.69,6428.38,9.94,0.21,INR
ORD-104237,14-03-2025,FY2025,Q1,March,West,Consumer Goods,Headphones,Consumer,Vikas,2,62028.52,38617.47,23411.04,9485.48,13925.57,65700.95,-3672.44,22.45,8.63,INR
ORD-104924,14-03-2025,FY2025,Q1,March,Central,Furniture,Conference Table,Corporate,Rahul,12,574932.96,328076.31,246856.64,67182.76,179673.89,557228.43,17704.52,31.25,10.03,INR
ORD-100655,14-03-2025,FY2025,Q1,March,South,Consumer Goods,Headphones,Small Business,Sneha,5,67988.36,46866.15,21122.21,6672.94,14449.28,75933.03,-7944.67,21.25,22.28,INR
ORD-101670,15-03-2025,FY2025,Q1,March,North,Consumer Goods,Backpack,Small Business,Vikas,11,176577.34,109723.27,66854.07,22006.11,44847.96,180618.94,-4041.59,25.4,4.5,INR
ORD-101101,15-03-2025,FY2025,Q1,March,East,Consumer Goods,Water Bottle,Consumer,Rahul,15,19467.1,13998.99,5468.11,3976.27,1491.84,21158.25,-1691.16,7.66,-6.52,INR
ORD-101431,15-03-2025,FY2025,Q1,March,North,Technology,Printer,Consumer,Neha,13,478446.73,363170.71,115276.01,55778.52,59497.5,441021.63,37425.1,12.44,-0.31,INR
ORD-103689,15-03-2025,FY2025,Q1,March,North,Furniture,Conference Table,Small Business,Neha,4,92786.01,57913.58,34872.43,9595.29,25277.15,85521.1,7264.91,27.24,-2.07,INR
ORD-100972,15-03-2025,FY2025,Q1,March,West,Healthcare,Medical Kit,Corporate,Rohit,11,499258.37,368611.36,130647.01,62762.56,67884.46,465107.24,34151.13,13.6,0.72,INR
ORD-100995,15-03-2025,FY2025,Q1,March,East,Healthcare,Gloves,Consumer,Sneha,7,278806.1,217367.97,61438.13,27428.57,34009.56,283029.17,-4223.07,12.2,5.43,INR
ORD-100097,15-03-2025,FY2025,Q1,March,West,Technology,Monitor,Consumer,Anjali,2,45822.79,31638.62,14184.17,5291.18,8893,42785.72,3037.07,19.41,2.94,INR
ORD-100592,16-03-2025,FY2025,Q1,March,East,Technology,Printer,Small Business,Neha,15,491260.79,288375.29,202885.5,100132.03,102753.47,468193.6,23067.19,20.92,-5.68,INR
ORD-104470,16-03-2025,FY2025,Q1,March,Central,Technology,Tablet,Small Business,Priya,6,241419.15,150343.82,91075.33,20943.62,70131.71,242741.85,-1322.69,29.05,16.11,INR
ORD-100677,16-03-2025,FY2025,Q1,March,West,Technology,Laptop,Consumer,Priya,19,366633.44,281905.1,84728.35,44463.58,40264.76,372456.83,-5823.38,10.98,13.17,INR
ORD-100012,16-03-2025,FY2025,Q1,March,North,Healthcare,Thermometer,Small Business,Neha,17,703837.03,424030.27,279806.76,127220.2,152586.56,757617.67,-53780.64,21.68,3.98,INR
ORD-100815,16-03-2025,FY2025,Q1,March,Central,Technology,Monitor,Consumer,Neha,11,96694.54,54012.25,42682.29,20744.5,21937.79,91397.31,5297.23,22.69,16.94,INR
ORD-101154,17-03-2025,FY2025,Q1,March,West,Technology,Smartphone,Corporate,Rahul,5,73859.33,46378,27481.33,13997.84,13483.49,82028.85,-8169.52,18.26,-6.96,INR
ORD-103366,17-03-2025,FY2025,Q1,March,West,Healthcare,Medical Kit,Consumer,Rohit,8,284284.51,198415.82,85868.69,28219.58,57649.1,266184.35,18100.16,20.28,15.52,INR
ORD-103523,17-03-2025,FY2025,Q1,March,West,Office Supplies,File Folder,Corporate,Priya,9,163531.83,126518.23,37013.59,21513.47,15500.13,167736.67,-4204.84,9.48,-5.45,INR
ORD-101030,17-03-2025,FY2025,Q1,March,East,Healthcare,BP Monitor,Consumer,Rahul,19,715985.88,431609.31,284376.57,68378.18,215998.4,768238.62,-52252.74,30.17,8.78,INR
ORD-104106,18-03-2025,FY2025,Q1,March,East,Technology,Laptop,Consumer,Rahul,20,362009.41,276866.02,85143.39,56807.68,28335.71,346393.43,15615.98,7.83,11.4,INR
ORD-104338,18-03-2025,FY2025,Q1,March,West,Technology,Laptop,Consumer,Priya,17,741672.46,429440.93,312231.53,85614.38,226617.15,801944.88,-60272.42,30.55,6.53,INR
ORD-104153,19-03-2025,FY2025,Q1,March,West,Healthcare,Thermometer,Small Business,Vikas,11,186842.75,141073.4,45769.35,23777.33,21992.02,196312.57,-9469.81,11.77,22.69,INR
ORD-102129,19-03-2025,FY2025,Q1,March,Central,Furniture,Desk,Consumer,Rahul,10,295945.59,179628.79,116316.8,33000.7,83316.1,296202.39,-256.8,28.15,-2.91,INR
ORD-101397,19-03-2025,FY2025,Q1,March,West,Office Supplies,File Folder,Small Business,Vikas,15,345346.25,242887.43,102458.82,73701.59,28757.23,337686.71,7659.54,8.33,12.29,INR
ORD-103726,20-03-2025,FY2025,Q1,March,North,Technology,Printer,Corporate,Vikas,17,571624.55,365527.46,206097.09,64826.43,141270.66,636562.57,-64938.01,24.71,21.84,INR
ORD-102794,20-03-2025,FY2025,Q1,March,North,Technology,Printer,Corporate,Anjali,13,48915.43,36055.4,12860.03,5176.17,7683.86,53176.73,-4261.3,15.71,0.54,INR
ORD-104198,20-03-2025,FY2025,Q1,March,North,Technology,Smartphone,Consumer,Vikas,2,55462,42162.34,13299.65,11582.05,1717.6,54907.88,554.12,3.1,-7.06,INR
ORD-104150,21-03-2025,FY2025,Q1,March,Central,Furniture,Office Chair,Consumer,Rohit,14,68368.1,47155.31,21212.79,10710.43,10502.36,72738.92,-4370.82,15.36,16.33,INR
ORD-100686,22-03-2025,FY2025,Q1,March,East,Technology,Monitor,Small Business,Priya,10,281570,186331.7,95238.3,33519.86,61718.44,285138.8,-3568.8,21.92,24.52,INR
ORD-104677,23-03-2025,FY2025,Q1,March,Central,Consumer Goods,Headphones,Small Business,Priya,20,252938.04,139119.09,113818.95,30789.13,83029.82,248793.67,4144.37,32.83,-6.53,INR
ORD-104731,23-03-2025,FY2025,Q1,March,West,Furniture,Cabinet,Consumer,Priya,13,467900.7,296012.78,171887.92,67379.51,104508.41,493154.03,-25253.34,22.34,9.99,INR
ORD-104665,24-03-2025,FY2025,Q1,March,West,Technology,Monitor,Consumer,Sneha,16,712439.63,395088.65,317350.98,74480.86,242870.11,643038.26,69401.37,34.09,-7.54,INR
ORD-100945,24-03-2025,FY2025,Q1,March,East,Furniture,Conference Table,Consumer,Rohit,16,262748.18,159548.35,103199.83,47483.35,55716.48,274958.69,-12210.51,21.21,-7.41,INR
ORD-102276,24-03-2025,FY2025,Q1,March,East,Technology,Tablet,Consumer,Neha,14,151381.26,87243.27,64137.99,16855.88,47282.11,154748.98,-3367.72,31.23,20.56,INR
ORD-101122,24-03-2025,FY2025,Q1,March,East,Office Supplies,Paper Pack,Corporate,Priya,13,202428.96,121946.95,80482.01,20374.31,60107.69,190243.79,12185.17,29.69,7.18,INR
ORD-101544,24-03-2025,FY2025,Q1,March,East,Consumer Goods,Calculator,Consumer,Neha,10,160502.08,107098.55,53403.53,30501.23,22902.3,171462.63,-10960.55,14.27,2.33,INR
ORD-100858,24-03-2025,FY2025,Q1,March,North,Furniture,Conference Table,Consumer,Priya,5,31236.46,21167.95,10068.52,4612.09,5456.42,28822.64,2413.82,17.47,23.5,INR
ORD-100489,25-03-2025,FY2025,Q1,March,Central,Furniture,Cabinet,Small Business,Sneha,17,244305.26,159284.31,85020.95,31984.06,53036.9,230658.62,13646.63,21.71,-3.43,INR
ORD-100964,25-03-2025,FY2025,Q1,March,North,Healthcare,Thermometer,Corporate,Anjali,11,445243.48,297884.12,147359.36,46902.69,100456.67,411740.15,33503.33,22.56,20.58,INR
ORD-100835,25-03-2025,FY2025,Q1,March,East,Technology,Tablet,Consumer,Sneha,10,466984.02,250971.34,216012.68,89574.43,126438.25,491010.63,-24026.61,27.08,10.89,INR
ORD-100816,25-03-2025,FY2025,Q1,March,North,Healthcare,Thermometer,Consumer,Sneha,7,147091.98,93105.04,53986.93,23352.74,30634.19,146898.96,193.01,20.83,1.55,INR
ORD-100060,26-03-2025,FY2025,Q1,March,West,Technology,Smartphone,Corporate,Rahul,6,59557.55,37185.12,22372.43,11214.04,11158.39,57102.64,2454.92,18.74,24.08,INR
ORD-103937,26-03-2025,FY2025,Q1,March,West,Technology,Tablet,Corporate,Rohit,18,405541.79,289531.83,116009.97,64680.72,51329.25,437488.72,-31946.93,12.66,-1.56,INR
ORD-100238,26-03-2025,FY2025,Q1,March,Central,Healthcare,Thermometer,Small Business,Rahul,3,70424.67,39540.32,30884.35,14682.09,16202.26,75550.02,-5125.35,23.01,0.62,INR
ORD-101217,26-03-2025,FY2025,Q1,March,East,Technology,Laptop,Corporate,Amit,13,62797.68,34796.75,28000.94,5479.33,22521.61,60205.96,2591.73,35.86,9.71,INR
ORD-100196,26-03-2025,FY2025,Q1,March,East,Office Supplies,Paper Pack,Consumer,Anjali,7,147976.09,99590.92,48385.17,22128.12,26257.05,136807.24,11168.86,17.74,10.48,INR
ORD-101586,26-03-2025,FY2025,Q1,March,Central,Technology,Tablet,Small Business,Sneha,13,599487.65,395645.58,203842.07,125824.76,78017.31,664288.08,-64800.43,13.01,3.92,INR
ORD-100216,26-03-2025,FY2025,Q1,March,Central,Consumer Goods,Water Bottle,Consumer,Rahul,11,21223.13,15987.87,5235.25,4005.19,1230.07,20368.08,855.05,5.8,24.42,INR
ORD-102470,27-03-2025,FY2025,Q1,March,North,Consumer Goods,Travel Bag,Small Business,Vikas,13,236677.66,128450.76,108226.9,36079.49,72147.41,237964.01,-1286.35,30.48,22.42,INR
ORD-101062,27-03-2025,FY2025,Q1,March,West,Consumer Goods,Travel Bag,Consumer,Amit,17,352894.21,206206.88,146687.33,35269.84,111417.49,333057.86,19836.35,31.57,2.36,INR
ORD-103449,27-03-2025,FY2025,Q1,March,Central,Technology,Printer,Consumer,Neha,12,376188.92,213208.5,162980.42,64936.22,98044.2,375502.01,686.92,26.06,-1.53,INR
ORD-103917,27-03-2025,FY2025,Q1,March,Central,Technology,Tablet,Consumer,Neha,11,486264.7,349017.48,137247.21,93622.61,43624.6,470511.06,15753.64,8.97,24.6,INR
ORD-101148,27-03-2025,FY2025,Q1,March,South,Consumer Goods,Calculator,Corporate,Sneha,5,47872.45,26271.23,21601.22,9738.7,11862.52,49171.64,-1299.18,24.78,-0.94,INR
ORD-103252,27-03-2025,FY2025,Q1,March,South,Technology,Tablet,Consumer,Sneha,16,73136.99,51689.92,21447.08,12718.04,8729.03,79934.01,-6797.01,11.94,5.81,INR
ORD-102554,27-03-2025,FY2025,Q1,March,North,Technology,Monitor,Small Business,Rahul,19,547627.65,337016.36,210611.29,79512,131099.29,505484.45,42143.2,23.94,20.69,INR
ORD-102759,28-03-2025,FY2025,Q1,March,West,Consumer Goods,Backpack,Consumer,Vikas,7,144173.72,87238.34,56935.38,24694.87,32240.51,150224.92,-6051.2,22.36,12.01,INR
ORD-104323,28-03-2025,FY2025,Q1,March,East,Office Supplies,Notebook,Corporate,Priya,5,191616.05,140114.5,51501.55,16479.81,35021.74,204292.29,-12676.25,18.28,1.04,INR
ORD-102771,29-03-2025,FY2025,Q1,March,North,Office Supplies,File Folder,Small Business,Amit,3,116269.37,90470.55,25798.82,24399.91,1398.9,127085.88,-10816.51,1.2,0.54,INR
ORD-104968,29-03-2025,FY2025,Q1,March,Central,Technology,Laptop,Corporate,Rohit,10,344846.34,244721.18,100125.17,45681.29,54443.87,338314.62,6531.73,15.79,23.67,INR
ORD-102473,29-03-2025,FY2025,Q1,March,Central,Furniture,Cabinet,Corporate,Amit,16,566864.74,359747.85,207116.89,115017.1,92099.79,604379.95,-37515.21,16.25,13.23,INR
ORD-104020,29-03-2025,FY2025,Q1,March,South,Furniture,Desk,Small Business,Vikas,9,434611.16,271017.88,163593.28,77179.89,86413.39,401259.97,33351.18,19.88,-2.42,INR
ORD-101022,29-03-2025,FY2025,Q1,March,West,Furniture,Bookshelf,Small Business,Priya,19,748919.76,431074.41,317845.35,84866.59,232978.76,728623.62,20296.14,31.11,18.96,INR
ORD-102639,30-03-2025,FY2025,Q1,March,North,Furniture,Conference Table,Small Business,Rohit,14,565680.44,337788.41,227892.03,46713.05,181178.98,633364.37,-67683.93,32.03,8.92,INR
ORD-102424,30-03-2025,FY2025,Q1,March,Central,Technology,Tablet,Consumer,Amit,4,122813.84,72159.03,50654.81,10694.49,39960.32,124071.2,-1257.36,32.54,14.98,INR
ORD-102387,30-03-2025,FY2025,Q1,March,Central,Office Supplies,Stapler,Consumer,Neha,11,30352.29,22408.37,7943.91,4069.97,3873.94,27563.87,2788.42,12.76,-0.98,INR
ORD-101836,30-03-2025,FY2025,Q1,March,Central,Office Supplies,Stapler,Small Business,Rahul,2,99309.42,60298.81,39010.61,17066.94,21943.67,97447.13,1862.29,22.1,9.11,INR
ORD-101837,30-03-2025,FY2025,Q1,March,East,Technology,Tablet,Consumer,Sneha,10,482241.84,347428.06,134813.78,81756.21,53057.57,535306.36,-53064.52,11,20.4,INR
ORD-104530,30-03-2025,FY2025,Q1,March,North,Furniture,Desk,Consumer,Vikas,18,130948.37,77545.55,53402.82,22039.79,31363.03,140481.08,-9532.71,23.95,-4.79,INR
ORD-103237,31-03-2025,FY2025,Q1,March,West,Office Supplies,Notebook,Consumer,Neha,6,262062.51,145918.72,116143.78,52277.73,63866.05,287140.96,-25078.45,24.37,-5.82,INR
ORD-101013,31-03-2025,FY2025,Q1,March,North,Technology,Smartphone,Consumer,Amit,9,388460.42,220899.78,167560.64,51316.61,116244.02,368186.47,20273.95,29.92,10.78,INR
ORD-102389,31-03-2025,FY2025,Q1,March,South,Technology,Laptop,Consumer,Sneha,7,132897.05,82978.83,49918.22,21139.3,28778.92,126755.05,6142,21.66,-5.12,INR
ORD-100794,31-03-2025,FY2025,Q1,March,West,Office Supplies,File Folder,Small Business,Amit,13,45011.67,34988.35,10023.31,9674.28,349.03,46855.51,-1843.84,0.78,16.89,INR
ORD-102595,31-03-2025,FY2025,Q1,March,South,Furniture,Conference Table,Consumer,Amit,12,105285.24,73413.39,31871.85,10206.37,21665.48,108436.33,-3151.09,20.58,14.75,INR
ORD-103450,31-03-2025,FY2025,Q1,March,West,Technology,Printer,Small Business,Priya,2,80386.12,42438.3,37947.82,17063.87,20883.95,74605.71,5780.41,25.98,-0.41,INR
ORD-100211,01-04-2025,FY2025,Q2,April,West,Technology,Tablet,Small Business,Neha,15,372092.46,245293.8,126798.66,54551.53,72247.13,394621.04,-22528.57,19.42,8.77,INR
ORD-101564,01-04-2025,FY2025,Q2,April,Central,Furniture,Cabinet,Corporate,Vikas,4,150820.02,115095.03,35724.99,18346.47,17378.52,158927.97,-8107.95,11.52,9.83,INR
ORD-103330,01-04-2025,FY2025,Q2,April,South,Furniture,Conference Table,Corporate,Neha,14,139920.72,82369.13,57551.59,14674.5,42877.09,142523.03,-2602.31,30.64,22.09,INR
ORD-102049,01-04-2025,FY2025,Q2,April,East,Office Supplies,Notebook,Consumer,Amit,6,119466.8,91528.82,27937.99,21149.84,6788.15,115846.35,3620.45,5.68,5.48,INR
ORD-101790,01-04-2025,FY2025,Q2,April,Central,Technology,Smartphone,Consumer,Priya,4,110956.27,62071.48,48884.79,23821.84,25062.95,120670,-9713.73,22.59,-2.8,INR
ORD-101785,01-04-2025,FY2025,Q2,April,North,Furniture,Cabinet,Small Business,Rahul,13,547128.91,383823.18,163305.73,97067.96,66237.77,547884.74,-755.83,12.11,17.97,INR
ORD-102821,01-04-2025,FY2025,Q2,April,Central,Office Supplies,Pen Set,Consumer,Rahul,10,283616.62,184723.05,98893.58,50538.35,48355.22,312220.06,-28603.43,17.05,4.51,INR
ORD-103913,01-04-2025,FY2025,Q2,April,East,Office Supplies,Notebook,Consumer,Rohit,19,443339.08,336022.23,107316.86,71461.96,35854.89,469365.26,-26026.17,8.09,9.56,INR
ORD-100548,02-04-2025,FY2025,Q2,April,East,Furniture,Conference Table,Corporate,Neha,6,102881.63,74425.66,28455.97,10221.19,18234.77,101514.37,1367.26,17.72,7.61,INR
ORD-100711,02-04-2025,FY2025,Q2,April,North,Technology,Tablet,Consumer,Vikas,14,161576.39,116290.08,45286.31,24242.25,21044.06,169158.38,-7581.99,13.02,17.13,INR
ORD-103333,02-04-2025,FY2025,Q2,April,Central,Technology,Monitor,Consumer,Vikas,16,519847.99,303022.53,216825.47,114067.29,102758.18,559922.91,-40074.92,19.77,17.97,INR
ORD-100953,02-04-2025,FY2025,Q2,April,East,Furniture,Desk,Consumer,Rohit,3,63343.97,46429.24,16914.73,11439.59,5475.15,66571.78,-3227.81,8.64,23.55,INR
ORD-100315,02-04-2025,FY2025,Q2,April,South,Technology,Printer,Small Business,Rahul,13,617776.72,461222.54,156554.18,108479.17,48075.01,562775.08,55001.64,7.78,1.99,INR
ORD-100481,03-04-2025,FY2025,Q2,April,West,Furniture,Cabinet,Consumer,Sneha,17,418347.78,248186.68,170161.1,45807.2,124353.89,462997.48,-44649.7,29.73,-5.52,INR
ORD-103015,03-04-2025,FY2025,Q2,April,West,Office Supplies,Pen Set,Corporate,Amit,5,196971.3,105343.29,91628.01,15895.54,75732.47,213238.92,-16267.62,38.45,16.22,INR
ORD-100529,03-04-2025,FY2025,Q2,April,North,Furniture,Desk,Consumer,Rohit,20,436388.98,304502.54,131886.44,68788.79,63097.65,431333.78,5055.19,14.46,5.76,INR
ORD-103386,04-04-2025,FY2025,Q2,April,West,Furniture,Desk,Small Business,Amit,8,118447.19,87315.29,31131.89,20157.03,10974.87,109003.05,9444.13,9.27,13.08,INR
ORD-103490,04-04-2025,FY2025,Q2,April,East,Healthcare,First Aid Box,Small Business,Sneha,7,231789.06,132243.36,99545.71,28376.15,71169.56,234405.58,-2616.51,30.7,-2.43,INR
ORD-101162,04-04-2025,FY2025,Q2,April,East,Healthcare,Gloves,Corporate,Anjali,11,267139.32,153734.67,113404.65,27911.75,85492.9,243532.86,23606.46,32,-6.38,INR
ORD-103771,04-04-2025,FY2025,Q2,April,East,Furniture,Desk,Small Business,Priya,14,88189.17,59609.11,28580.06,8921.53,19658.53,93063.67,-4874.51,22.29,-1.01,INR
ORD-103718,04-04-2025,FY2025,Q2,April,West,Furniture,Office Chair,Consumer,Anjali,11,393344.29,243837.08,149507.21,54437.14,95070.07,388098.19,5246.1,24.17,-4.84,INR
ORD-100861,04-04-2025,FY2025,Q2,April,South,Healthcare,Medical Kit,Consumer,Priya,19,389218.22,209223.87,179994.35,42515.42,137478.93,390390.81,-1172.59,35.32,22.6,INR
ORD-103061,04-04-2025,FY2025,Q2,April,West,Technology,Monitor,Consumer,Neha,19,752976.32,525128.99,227847.33,111580.54,116266.79,697114.45,55861.86,15.44,-7.88,INR
ORD-103134,05-04-2025,FY2025,Q2,April,East,Technology,Laptop,Corporate,Sneha,5,238188.17,150760,87428.18,44199.33,43228.85,224504.75,13683.43,18.15,12.54,INR
ORD-101228,05-04-2025,FY2025,Q2,April,North,Office Supplies,Paper Pack,Consumer,Amit,13,443312.53,309672.35,133640.17,91456.51,42183.67,410870.77,32441.75,9.52,3.92,INR
ORD-104102,05-04-2025,FY2025,Q2,April,East,Technology,Laptop,Corporate,Rahul,9,29749.01,18275.29,11473.72,2772.77,8700.95,32759.98,-3010.97,29.25,-7.77,INR
ORD-100395,05-04-2025,FY2025,Q2,April,Central,Consumer Goods,Headphones,Corporate,Anjali,5,47163.04,33583.14,13579.9,4219.41,9360.49,49320.74,-2157.7,19.85,10.14,INR
ORD-103834,06-04-2025,FY2025,Q2,April,South,Office Supplies,Stapler,Consumer,Anjali,1,14014.05,7349.08,6664.97,1791.36,4873.61,13560.31,453.74,34.78,9.5,INR
ORD-104886,06-04-2025,FY2025,Q2,April,East,Consumer Goods,Headphones,Corporate,Amit,1,7271.7,5410.65,1861.05,1103.2,757.85,7576.77,-305.07,10.42,9.51,INR
ORD-101088,06-04-2025,FY2025,Q2,April,Central,Office Supplies,Stapler,Small Business,Sneha,12,22508.92,11946.94,10561.98,3633.52,6928.45,23849.66,-1340.74,30.78,23.74,INR
ORD-100541,06-04-2025,FY2025,Q2,April,Central,Technology,Tablet,Small Business,Rohit,11,313782.04,181003.43,132778.61,34492.25,98286.36,323715.19,-9933.15,31.32,18.96,INR
ORD-104218,06-04-2025,FY2025,Q2,April,Central,Office Supplies,Pen Set,Small Business,Neha,18,437555.46,255703.61,181851.85,90215.52,91636.33,394137.64,43417.82,20.94,14.4,INR
ORD-101571,07-04-2025,FY2025,Q2,April,West,Office Supplies,Stapler,Consumer,Rahul,19,410209.82,315644.88,94564.94,69945.16,24619.78,425669.93,-15460.1,6,21.86,INR
ORD-103590,07-04-2025,FY2025,Q2,April,Central,Consumer Goods,Travel Bag,Corporate,Amit,13,531857.21,376017.32,155839.89,110091.28,45748.61,571340.29,-39483.07,8.6,12.99,INR
ORD-102251,07-04-2025,FY2025,Q2,April,South,Technology,Monitor,Small Business,Anjali,10,100204.52,73334.69,26869.83,19041.98,7827.85,101546.55,-1342.03,7.81,19.42,INR
ORD-100845,07-04-2025,FY2025,Q2,April,East,Office Supplies,Notebook,Small Business,Rahul,12,117104.83,89850.23,27254.6,20040.74,7213.86,128004.61,-10899.78,6.16,21.95,INR
ORD-101700,07-04-2025,FY2025,Q2,April,East,Consumer Goods,Backpack,Consumer,Amit,12,434627.53,326391.91,108235.63,55540,52695.62,404276.28,30351.26,12.12,-3.81,INR
ORD-100278,07-04-2025,FY2025,Q2,April,South,Healthcare,BP Monitor,Consumer,Rahul,9,172318.63,104898.27,67420.36,31998.62,35421.74,172056.13,262.5,20.56,14.39,INR
ORD-103370,08-04-2025,FY2025,Q2,April,East,Furniture,Cabinet,Corporate,Neha,4,108921.65,61146.8,47774.85,9977.01,37797.84,114348.52,-5426.87,34.7,-5.29,INR
ORD-100474,08-04-2025,FY2025,Q2,April,South,Furniture,Cabinet,Small Business,Amit,18,137290.62,105591.86,31698.76,18048.86,13649.9,124977.92,12312.7,9.94,-3.92,INR
ORD-103804,09-04-2025,FY2025,Q2,April,West,Furniture,Cabinet,Consumer,Vikas,15,684883.98,450802.51,234081.47,142574.41,91507.07,721244.67,-36360.69,13.36,19.08,INR
ORD-104269,09-04-2025,FY2025,Q2,April,West,Healthcare,Gloves,Consumer,Vikas,5,107395.46,81454.76,25940.7,23450.01,2490.69,97111.26,10284.21,2.32,21.15,INR
ORD-103704,09-04-2025,FY2025,Q2,April,Central,Consumer Goods,Water Bottle,Small Business,Sneha,20,438248.78,334773.67,103475.11,70848.91,32626.2,408920.41,29328.37,7.44,21.42,INR
ORD-100651,10-04-2025,FY2025,Q2,April,Central,Consumer Goods,Headphones,Consumer,Rohit,4,69084.46,47827.29,21257.18,14830.44,6426.74,69607.64,-523.18,9.3,10.72,INR
ORD-100323,10-04-2025,FY2025,Q2,April,West,Technology,Monitor,Consumer,Neha,9,37355.2,25934.99,11420.21,4244.9,7175.31,34526.05,2829.15,19.21,-4.65,INR
ORD-103783,10-04-2025,FY2025,Q2,April,West,Healthcare,Gloves,Small Business,Vikas,12,390067.5,270353.7,119713.8,59302.03,60411.76,361344.14,28723.36,15.49,21.25,INR
ORD-104258,10-04-2025,FY2025,Q2,April,North,Office Supplies,File Folder,Consumer,Anjali,15,211401.14,161965.46,49435.69,42046.92,7388.77,203512.5,7888.65,3.5,18.14,INR
ORD-102088,10-04-2025,FY2025,Q2,April,Central,Technology,Monitor,Consumer,Anjali,18,808033.09,490767.09,317266,96685.17,220580.83,852064.77,-44031.68,27.3,3.78,INR
ORD-103193,10-04-2025,FY2025,Q2,April,West,Technology,Monitor,Consumer,Rohit,20,36790.05,20834.5,15955.55,5200.07,10755.48,34491.64,2298.41,29.23,12.12,INR
ORD-100925,10-04-2025,FY2025,Q2,April,North,Technology,Printer,Corporate,Rohit,16,52819.95,34532.96,18286.99,6889.48,11397.51,55164.15,-2344.2,21.58,20.18,INR
ORD-100031,11-04-2025,FY2025,Q2,April,North,Technology,Smartphone,Consumer,Priya,19,410719.92,260109.07,150610.84,65619.85,84991,424473.38,-13753.47,20.69,3.5,INR
ORD-103440,11-04-2025,FY2025,Q2,April,Central,Consumer Goods,Travel Bag,Corporate,Amit,15,139194.83,100428.27,38766.56,24366.92,14399.64,140941.4,-1746.57,10.34,23.27,INR
ORD-104972,11-04-2025,FY2025,Q2,April,North,Healthcare,Thermometer,Corporate,Anjali,3,98820.98,71536.92,27284.05,18644.25,8639.81,97761.95,1059.03,8.74,-4.09,INR
ORD-102963,12-04-2025,FY2025,Q2,April,South,Furniture,Desk,Corporate,Rohit,6,8332.18,4651.45,3680.73,692.21,2988.52,7842.06,490.12,35.87,15.04,INR
ORD-103300,12-04-2025,FY2025,Q2,April,South,Technology,Tablet,Corporate,Sneha,9,241216.76,171984.53,69232.23,50156.68,19075.55,267117.58,-25900.82,7.91,-0.33,INR
ORD-100934,12-04-2025,FY2025,Q2,April,Central,Technology,Printer,Corporate,Neha,11,453541.23,348076.98,105464.25,90935.34,14528.91,507386.24,-53845.01,3.2,13.31,INR
ORD-101788,12-04-2025,FY2025,Q2,April,East,Office Supplies,File Folder,Consumer,Sneha,20,87785.87,51112.95,36672.92,14025.31,22647.61,87950.72,-164.86,25.8,-7.88,INR
ORD-102559,12-04-2025,FY2025,Q2,April,West,Technology,Tablet,Consumer,Rahul,5,165725.63,97356.02,68369.61,16140.19,52229.42,156242.32,9483.31,31.52,8.38,INR
ORD-103666,12-04-2025,FY2025,Q2,April,Central,Healthcare,Medical Kit,Corporate,Sneha,7,133883.16,90208.91,43674.25,16975.6,26698.65,127121.08,6762.08,19.94,22.61,INR
ORD-102548,12-04-2025,FY2025,Q2,April,West,Furniture,Office Chair,Corporate,Anjali,4,91674.46,51430.52,40243.94,15140.66,25103.28,101818.51,-10144.05,27.38,0.32,INR
ORD-103494,13-04-2025,FY2025,Q2,April,East,Furniture,Conference Table,Consumer,Rohit,6,297529.15,165065.55,132463.6,43855.14,88608.47,278326.64,19202.52,29.78,17.01,INR
ORD-100289,13-04-2025,FY2025,Q2,April,West,Consumer Goods,Calculator,Consumer,Rohit,6,189197.58,107932.31,81265.27,24504.76,56760.51,192696.86,-3499.28,30,20.12,INR
ORD-104758,13-04-2025,FY2025,Q2,April,East,Furniture,Cabinet,Consumer,Rahul,9,128237.62,75408.26,52829.36,17622.65,35206.71,120197.49,8040.13,27.45,6.38,INR
ORD-101759,14-04-2025,FY2025,Q2,April,North,Healthcare,BP Monitor,Corporate,Anjali,6,160776.22,92061.66,68714.56,29458.24,39256.33,164880.64,-4104.43,24.42,-0.94,INR
ORD-104149,14-04-2025,FY2025,Q2,April,South,Consumer Goods,Backpack,Small Business,Priya,6,253391.57,161768.39,91623.19,43217.63,48405.56,278341.14,-24949.56,19.1,22.52,INR
ORD-103041,15-04-2025,FY2025,Q2,April,Central,Technology,Smartphone,Corporate,Vikas,2,77882.86,53862.14,24020.73,8381.9,15638.83,74540.47,3342.4,20.08,17.34,INR
ORD-100154,15-04-2025,FY2025,Q2,April,Central,Consumer Goods,Backpack,Consumer,Vikas,13,253572.77,152182.63,101390.14,27884.9,73505.24,232624.5,20948.27,28.99,22.62,INR
ORD-100736,15-04-2025,FY2025,Q2,April,West,Technology,Smartphone,Corporate,Vikas,19,801020.31,561823.14,239197.17,89968.75,149228.42,790973.7,10046.61,18.63,13.09,INR
ORD-101944,15-04-2025,FY2025,Q2,April,East,Office Supplies,Paper Pack,Corporate,Amit,7,140536.43,97084.72,43451.7,21497.4,21954.3,130216.09,10320.34,15.62,4.59,INR
ORD-102607,15-04-2025,FY2025,Q2,April,Central,Consumer Goods,Travel Bag,Corporate,Priya,10,338663.61,200979.67,137683.93,27673.19,110010.75,334670.17,3993.44,32.48,24.04,INR
ORD-101462,16-04-2025,FY2025,Q2,April,South,Furniture,Conference Table,Consumer,Rahul,16,59062.26,32850.26,26211.99,10388.78,15823.21,53930.89,5131.36,26.79,-5.47,INR
ORD-102314,16-04-2025,FY2025,Q2,April,North,Technology,Laptop,Corporate,Neha,11,222627.75,143697.05,78930.7,36032.43,42898.27,223832.88,-1205.12,19.27,23.3,INR
ORD-102667,16-04-2025,FY2025,Q2,April,West,Technology,Tablet,Small Business,Priya,4,187772.58,106640.99,81131.59,17960.76,63170.83,186537.17,1235.41,33.64,4.98,INR
ORD-101510,16-04-2025,FY2025,Q2,April,East,Technology,Tablet,Consumer,Sneha,13,183182.37,133846.73,49335.64,26352.87,22982.77,166936.4,16245.97,12.55,-7.42,INR
ORD-102105,16-04-2025,FY2025,Q2,April,South,Furniture,Bookshelf,Consumer,Neha,18,560970.56,313748.41,247222.16,92008.42,155213.74,590861.88,-29891.31,27.67,18.51,INR
ORD-102561,16-04-2025,FY2025,Q2,April,West,Office Supplies,Stapler,Corporate,Vikas,7,84794.43,50891.17,33903.26,16984.13,16919.13,90368.6,-5574.17,19.95,-1.7,INR
ORD-104419,16-04-2025,FY2025,Q2,April,South,Furniture,Conference Table,Consumer,Priya,7,122252.52,78271.53,43980.99,26095.19,17885.8,126942.46,-4689.93,14.63,21.39,INR
ORD-100299,17-04-2025,FY2025,Q2,April,East,Office Supplies,File Folder,Small Business,Priya,10,200439.74,128095.12,72344.62,22543.6,49801.02,212425.09,-11985.35,24.85,23.78,INR
ORD-100997,17-04-2025,FY2025,Q2,April,Central,Consumer Goods,Calculator,Consumer,Amit,15,433810.49,251193.22,182617.27,91975.41,90641.86,419098.74,14711.75,20.89,-2.34,INR
ORD-100636,17-04-2025,FY2025,Q2,April,East,Furniture,Desk,Consumer,Rohit,3,53162.25,28404.78,24757.47,7002.9,17754.57,47872.01,5290.24,33.4,19.15,INR
ORD-101471,17-04-2025,FY2025,Q2,April,North,Healthcare,BP Monitor,Consumer,Priya,8,202519.43,146896.67,55622.76,44504.22,11118.54,195547.92,6971.51,5.49,-7.15,INR
ORD-103578,17-04-2025,FY2025,Q2,April,East,Consumer Goods,Travel Bag,Consumer,Amit,14,204545.2,156869.33,47675.87,37369.65,10306.22,186820.52,17724.67,5.04,23.69,INR
ORD-104257,17-04-2025,FY2025,Q2,April,North,Office Supplies,Paper Pack,Consumer,Priya,6,154218.3,90935.82,63282.48,21142.46,42140.02,155499.45,-1281.15,27.32,14.35,INR
ORD-104639,18-04-2025,FY2025,Q2,April,West,Office Supplies,Pen Set,Consumer,Vikas,8,92542.22,67690.83,24851.39,15530.05,9321.34,90585.13,1957.09,10.07,17.21,INR
ORD-103668,18-04-2025,FY2025,Q2,April,South,Healthcare,Medical Kit,Small Business,Vikas,17,149664.95,87973.57,61691.38,16362.48,45328.9,138376.52,11288.43,30.29,21.44,INR
ORD-103157,19-04-2025,FY2025,Q2,April,East,Healthcare,Thermometer,Small Business,Rohit,6,199428,132888.2,66539.8,16202.89,50336.91,187212.69,12215.31,25.24,12.05,INR
ORD-104715,19-04-2025,FY2025,Q2,April,North,Consumer Goods,Water Bottle,Small Business,Neha,17,810397.66,487833.48,322564.18,139967.48,182596.7,897770.07,-87372.41,22.53,1.38,INR
ORD-102356,19-04-2025,FY2025,Q2,April,Central,Technology,Monitor,Consumer,Amit,1,33950.66,18306.9,15643.76,3717.49,11926.27,34369.24,-418.58,35.13,22.73,INR
ORD-102664,19-04-2025,FY2025,Q2,April,Central,Office Supplies,File Folder,Consumer,Priya,4,94431.06,57733.18,36697.88,7882.2,28815.68,93435.54,995.53,30.52,15.19,INR
ORD-104169,20-04-2025,FY2025,Q2,April,Central,Office Supplies,Paper Pack,Small Business,Rahul,11,175153.28,136325.6,38827.67,31097.06,7730.62,181418.04,-6264.76,4.41,3.97,INR
ORD-102146,20-04-2025,FY2025,Q2,April,East,Consumer Goods,Travel Bag,Consumer,Rohit,6,199200.38,115710.05,83490.32,40004.44,43485.89,208074.74,-8874.36,21.83,-2.29,INR
ORD-104274,20-04-2025,FY2025,Q2,April,South,Office Supplies,Notebook,Corporate,Rahul,4,155725.9,103191.12,52534.78,12674.65,39860.13,153935.24,1790.65,25.6,-0.19,INR
ORD-104775,20-04-2025,FY2025,Q2,April,South,Office Supplies,Stapler,Consumer,Sneha,4,162283.02,121816.96,40466.06,16774.09,23691.97,158996.23,3286.78,14.6,14.78,INR
ORD-100034,20-04-2025,FY2025,Q2,April,East,Furniture,Desk,Corporate,Amit,17,73968.8,49338.9,24629.89,12492.64,12137.25,71387.32,2581.48,16.41,13.25,INR
ORD-102190,21-04-2025,FY2025,Q2,April,South,Consumer Goods,Headphones,Corporate,Vikas,20,300413.77,229444.46,70969.3,38323.07,32646.24,289211.07,11202.7,10.87,10.22,INR
ORD-103260,21-04-2025,FY2025,Q2,April,Central,Consumer Goods,Travel Bag,Corporate,Amit,12,201823.39,133353.24,68470.15,18520.73,49949.41,188584.81,13238.58,24.75,-6.15,INR
ORD-102195,21-04-2025,FY2025,Q2,April,East,Healthcare,Thermometer,Small Business,Sneha,18,512776.53,310328.42,202448.11,104652.97,97795.14,539224.7,-26448.17,19.07,15.12,INR
ORD-101580,21-04-2025,FY2025,Q2,April,North,Technology,Tablet,Consumer,Vikas,11,463668.45,303998.1,159670.35,52389.32,107281.03,421194.09,42474.36,23.14,4.17,INR
ORD-103509,22-04-2025,FY2025,Q2,April,West,Healthcare,Thermometer,Consumer,Rahul,6,252823.11,174208.14,78614.97,37978.22,40636.74,228412.67,24410.44,16.07,3.62,INR
ORD-104903,22-04-2025,FY2025,Q2,April,Central,Technology,Printer,Corporate,Vikas,9,332818.15,250646.97,82171.18,46765.85,35405.33,313759.71,19058.45,10.64,17.41,INR
ORD-100709,22-04-2025,FY2025,Q2,April,Central,Consumer Goods,Headphones,Consumer,Priya,11,290512.38,155596.47,134915.91,57404.94,77510.97,300630.09,-10117.71,26.68,23.48,INR
ORD-104196,23-04-2025,FY2025,Q2,April,East,Healthcare,Gloves,Corporate,Amit,7,239207.9,150791.12,88416.78,22898.39,65518.39,252199.53,-12991.63,27.39,3.6,INR
ORD-103539,23-04-2025,FY2025,Q2,April,West,Office Supplies,File Folder,Consumer,Sneha,5,232641.95,123540.58,109101.37,47507.71,61593.66,210428.21,22213.74,26.48,15.89,INR
ORD-103069,23-04-2025,FY2025,Q2,April,North,Office Supplies,Pen Set,Consumer,Neha,13,259042.66,183754.69,75287.97,25916.65,49371.32,273205.74,-14163.08,19.06,-3.62,INR
ORD-104581,23-04-2025,FY2025,Q2,April,East,Healthcare,Thermometer,Consumer,Priya,18,641906.7,404082.12,237824.57,76120.19,161704.39,602909.77,38996.93,25.19,22.93,INR
ORD-100823,23-04-2025,FY2025,Q2,April,West,Office Supplies,Notebook,Corporate,Anjali,9,179122.4,128472.63,50649.76,14803.77,35846,192322.78,-13200.38,20.01,-2.07,INR
ORD-104023,23-04-2025,FY2025,Q2,April,East,Furniture,Cabinet,Corporate,Anjali,17,88835.73,68757.56,20078.17,11988.77,8089.4,80488.03,8347.7,9.11,7.05,INR
ORD-101484,23-04-2025,FY2025,Q2,April,West,Furniture,Cabinet,Consumer,Vikas,14,283295.28,207359.11,75936.17,61557.77,14378.4,287086.24,-3790.96,5.08,16.41,INR
ORD-104339,24-04-2025,FY2025,Q2,April,West,Office Supplies,Notebook,Small Business,Vikas,10,328776.53,200989.34,127787.19,58691.01,69096.18,322059.08,6717.45,21.02,13.43,INR
ORD-103814,24-04-2025,FY2025,Q2,April,North,Office Supplies,Paper Pack,Consumer,Sneha,4,122112.71,73052.59,49060.12,25528.12,23532.01,121334.64,778.07,19.27,14.5,INR
ORD-103791,24-04-2025,FY2025,Q2,April,West,Healthcare,First Aid Box,Small Business,Rohit,9,181694,117462.51,64231.49,27445.78,36785.72,189298.94,-7604.94,20.25,8.75,INR
ORD-100748,24-04-2025,FY2025,Q2,April,East,Office Supplies,Paper Pack,Corporate,Amit,5,143549.52,111114.05,32435.47,29265.65,3169.82,141077.77,2471.75,2.21,9.76,INR
ORD-101915,24-04-2025,FY2025,Q2,April,Central,Healthcare,BP Monitor,Corporate,Rahul,12,371414.43,252929.14,118485.29,71016.51,47468.77,375318.62,-3904.19,12.78,24.51,INR
ORD-102345,24-04-2025,FY2025,Q2,April,Central,Office Supplies,Pen Set,Consumer,Rohit,5,74911.22,52461.87,22449.35,6463.58,15985.77,70681.87,4229.35,21.34,3.64,INR
ORD-101967,25-04-2025,FY2025,Q2,April,West,Furniture,Conference Table,Consumer,Sneha,4,22119.21,15889.14,6230.06,2287.39,3942.68,21083.62,1035.58,17.82,2.66,INR
ORD-104370,25-04-2025,FY2025,Q2,April,West,Consumer Goods,Headphones,Corporate,Amit,16,485150.54,368076.35,117074.19,64166.26,52907.93,528943.67,-43793.13,10.91,13.07,INR
ORD-101806,25-04-2025,FY2025,Q2,April,Central,Furniture,Conference Table,Corporate,Vikas,14,678280.09,409790.41,268489.68,136917.78,131571.89,612770.25,65509.84,19.4,-1.41,INR
ORD-103172,25-04-2025,FY2025,Q2,April,South,Technology,Laptop,Consumer,Priya,14,445251.3,277851.05,167400.25,72685.72,94714.54,448531.92,-3280.61,21.27,13.82,INR
ORD-100731,26-04-2025,FY2025,Q2,April,West,Furniture,Conference Table,Corporate,Priya,1,15585.71,11998.72,3586.99,1964.05,1622.94,16960.27,-1374.57,10.41,16.8,INR
ORD-102744,26-04-2025,FY2025,Q2,April,North,Consumer Goods,Backpack,Consumer,Anjali,11,473849.67,282595.27,191254.39,78280.03,112974.36,495816.3,-21966.63,23.84,22.33,INR
ORD-102536,26-04-2025,FY2025,Q2,April,West,Office Supplies,File Folder,Corporate,Sneha,1,4120.41,3016.11,1104.3,743.08,361.22,3843.34,277.07,8.77,14.86,INR
ORD-104407,26-04-2025,FY2025,Q2,April,East,Office Supplies,Paper Pack,Small Business,Anjali,17,216809.59,143771.53,73038.06,21559.39,51478.67,205216.82,11592.77,23.74,7.46,INR
ORD-104957,27-04-2025,FY2025,Q2,April,Central,Office Supplies,File Folder,Corporate,Anjali,18,474895.54,247098.71,227796.83,52707.33,175089.5,463891.51,11004.03,36.87,-4.57,INR
ORD-104378,27-04-2025,FY2025,Q2,April,West,Healthcare,Thermometer,Corporate,Rohit,12,374266.58,227466.95,146799.63,62112.19,84687.44,382235.87,-7969.29,22.63,-6.44,INR
ORD-102255,27-04-2025,FY2025,Q2,April,South,Furniture,Conference Table,Consumer,Rahul,16,596790.94,457136.52,139654.41,59370.12,80284.29,593139.81,3651.12,13.45,21.15,INR
ORD-103367,27-04-2025,FY2025,Q2,April,West,Technology,Printer,Consumer,Neha,19,827037.59,563686.28,263351.31,141127.81,122223.5,879063.09,-52025.49,14.78,-3.03,INR
ORD-100620,27-04-2025,FY2025,Q2,April,North,Furniture,Cabinet,Corporate,Priya,2,5058.58,3843.53,1215.05,936.47,278.58,5329.81,-271.23,5.51,13.35,INR
ORD-102955,27-04-2025,FY2025,Q2,April,South,Technology,Tablet,Consumer,Neha,4,38504.64,28321.92,10182.72,7986.93,2195.79,35600.39,2904.25,5.7,-1.73,INR
ORD-103785,28-04-2025,FY2025,Q2,April,West,Furniture,Conference Table,Corporate,Rohit,6,70335.05,43566.51,26768.54,6897.39,19871.15,72029.42,-1694.36,28.25,20.42,INR
ORD-104053,28-04-2025,FY2025,Q2,April,West,Consumer Goods,Calculator,Consumer,Amit,3,83409.26,51225,32184.26,8105.36,24078.89,77386.41,6022.85,28.87,8.75,INR
ORD-100897,28-04-2025,FY2025,Q2,April,Central,Healthcare,Medical Kit,Consumer,Amit,5,207423.79,154737.43,52686.36,29392.71,23293.64,197772.93,9650.86,11.23,-0.63,INR
ORD-103873,28-04-2025,FY2025,Q2,April,North,Consumer Goods,Calculator,Small Business,Rohit,5,199578.56,145962.37,53616.19,32417.55,21198.63,221699.99,-22121.43,10.62,23.02,INR
ORD-103807,28-04-2025,FY2025,Q2,April,East,Office Supplies,File Folder,Corporate,Amit,14,181741.75,131899.96,49841.78,18661.91,31179.88,188320.98,-6579.23,17.16,8.24,INR
ORD-101299,28-04-2025,FY2025,Q2,April,Central,Consumer Goods,Backpack,Small Business,Amit,3,75665,46779.17,28885.83,15875.05,13010.79,79828.75,-4163.76,17.2,23.65,INR
ORD-100386,28-04-2025,FY2025,Q2,April,North,Office Supplies,Pen Set,Corporate,Anjali,3,22061.99,15474.77,6587.22,3598.11,2989.11,20680.2,1381.79,13.55,20.02,INR
ORD-104152,28-04-2025,FY2025,Q2,April,North,Healthcare,BP Monitor,Corporate,Rohit,20,242708.84,175113.69,67595.15,53264.27,14330.87,222686.69,20022.14,5.9,20.55,INR
ORD-102495,29-04-2025,FY2025,Q2,April,West,Technology,Printer,Consumer,Sneha,16,192035.24,137081.02,54954.22,27030.16,27924.05,214581.78,-22546.54,14.54,-4.64,INR
ORD-104675,29-04-2025,FY2025,Q2,April,South,Healthcare,BP Monitor,Corporate,Neha,20,566342.18,368277.32,198064.86,109090.84,88974.02,614667.58,-48325.4,15.71,11.25,INR
ORD-101175,29-04-2025,FY2025,Q2,April,North,Healthcare,Gloves,Consumer,Neha,3,95498.49,57146.96,38351.53,19567.26,18784.27,87721.04,7777.45,19.67,-0.66,INR
ORD-102752,29-04-2025,FY2025,Q2,April,North,Technology,Printer,Consumer,Priya,3,105902.69,67123.82,38778.87,11290.69,27488.18,100061.4,5841.28,25.96,-4.51,INR
ORD-104673,29-04-2025,FY2025,Q2,April,Central,Furniture,Bookshelf,Corporate,Anjali,15,673623.06,438931.45,234691.6,84494.23,150197.37,633860.62,39762.44,22.3,-7.59,INR
ORD-103130,30-04-2025,FY2025,Q2,April,Central,Technology,Smartphone,Consumer,Neha,15,584475.21,420614.88,163860.33,92654.67,71205.66,653541.05,-69065.84,12.18,5.18,INR
ORD-100774,30-04-2025,FY2025,Q2,April,West,Office Supplies,Notebook,Corporate,Priya,4,147296.73,98470.57,48826.17,29834.95,18991.21,162842.34,-15545.61,12.89,1.84,INR
ORD-101563,30-04-2025,FY2025,Q2,April,South,Furniture,Bookshelf,Corporate,Priya,10,324055.02,191784.4,132270.62,27520.85,104749.77,305014.96,19040.07,32.32,-5.3,INR
ORD-100428,30-04-2025,FY2025,Q2,April,South,Office Supplies,File Folder,Corporate,Amit,6,26691.63,20777.96,5913.67,2453.72,3459.94,27858.7,-1167.07,12.96,20.15,INR
ORD-104845,01-05-2025,FY2025,Q2,May,Central,Furniture,Cabinet,Corporate,Anjali,13,28589.65,18319.47,10270.18,5498.32,4771.86,31016.11,-2426.46,16.69,16.26,INR
ORD-104434,01-05-2025,FY2025,Q2,May,Central,Healthcare,Thermometer,Consumer,Rahul,8,57341.5,43910.86,13430.64,10896.65,2533.99,58972.28,-1630.78,4.42,19.44,INR
ORD-103979,01-05-2025,FY2025,Q2,May,Central,Furniture,Cabinet,Corporate,Sneha,17,619441.08,379797.73,239643.35,100769.3,138874.04,588538.48,30902.6,22.42,16.36,INR
ORD-100373,01-05-2025,FY2025,Q2,May,North,Office Supplies,File Folder,Small Business,Vikas,12,197816,113435.78,84380.22,38005.53,46374.68,198345.41,-529.41,23.44,17.61,INR
ORD-103970,01-05-2025,FY2025,Q2,May,Central,Furniture,Conference Table,Small Business,Neha,10,328669.27,221373.14,107296.14,40106.88,67189.26,309818.86,18850.41,20.44,-7.35,INR
ORD-100539,02-05-2025,FY2025,Q2,May,East,Healthcare,Gloves,Consumer,Rohit,5,227181.64,146444.5,80737.15,29057.99,51679.16,235586.94,-8405.3,22.75,10.1,INR
ORD-100585,02-05-2025,FY2025,Q2,May,West,Consumer Goods,Calculator,Consumer,Priya,7,316185.93,186267.21,129918.72,60634.17,69284.55,290587.53,25598.4,21.91,-1.3,INR
ORD-103315,02-05-2025,FY2025,Q2,May,Central,Technology,Monitor,Corporate,Neha,20,220294.26,165278.25,55016.01,22905.74,32110.27,208035.93,12258.33,14.58,13.59,INR
ORD-102191,02-05-2025,FY2025,Q2,May,West,Consumer Goods,Backpack,Corporate,Sneha,10,343256.16,231526.4,111729.76,52413.95,59315.81,318351.95,24904.21,17.28,-5.15,INR
ORD-102166,02-05-2025,FY2025,Q2,May,East,Furniture,Cabinet,Consumer,Rohit,12,414820.6,310506.01,104314.59,50321.52,53993.07,399798.14,15022.45,13.02,21.53,INR
ORD-100266,03-05-2025,FY2025,Q2,May,East,Technology,Tablet,Small Business,Amit,11,334300.99,182782.42,151518.57,60620.18,90898.39,352676.75,-18375.76,27.19,20.43,INR
ORD-102437,03-05-2025,FY2025,Q2,May,Central,Furniture,Office Chair,Consumer,Rohit,13,401841.27,260740.39,141100.88,80848.19,60252.69,430475.48,-28634.21,14.99,9.42,INR
ORD-100977,03-05-2025,FY2025,Q2,May,South,Technology,Laptop,Small Business,Rohit,2,68552.49,35982.56,32569.93,8657.59,23912.34,73725.74,-5173.25,34.88,-7.22,INR
ORD-100291,03-05-2025,FY2025,Q2,May,East,Office Supplies,Paper Pack,Consumer,Rahul,5,35482.77,26343.75,9139.02,6677.34,2461.68,31947.79,3534.98,6.94,11.07,INR
ORD-102333,04-05-2025,FY2025,Q2,May,North,Office Supplies,File Folder,Consumer,Sneha,8,135669.75,75210.78,60458.97,20653.84,39805.13,144729.06,-9059.31,29.34,23.26,INR
ORD-103644,04-05-2025,FY2025,Q2,May,East,Healthcare,First Aid Box,Consumer,Rahul,18,141914.67,99605.29,42309.38,29585.96,12723.42,132554,9360.67,8.97,23.62,INR
ORD-104403,04-05-2025,FY2025,Q2,May,North,Office Supplies,Paper Pack,Consumer,Amit,18,500953.88,364090.82,136863.06,64181.72,72681.34,491646.3,9307.58,14.51,-4.2,INR
ORD-100149,04-05-2025,FY2025,Q2,May,West,Consumer Goods,Headphones,Consumer,Priya,18,173562.16,92833.19,80728.97,33261.83,47467.13,174387.25,-825.1,27.35,2.87,INR
ORD-102472,05-05-2025,FY2025,Q2,May,West,Technology,Monitor,Consumer,Priya,7,102659.67,65804.57,36855.1,19083.32,17771.78,96107.57,6552.1,17.31,-6.74,INR
ORD-103916,05-05-2025,FY2025,Q2,May,Central,Healthcare,Medical Kit,Consumer,Neha,17,604082.87,323650.39,280432.48,115994.52,164437.96,616624.34,-12541.47,27.22,9.66,INR
ORD-101907,05-05-2025,FY2025,Q2,May,Central,Furniture,Conference Table,Consumer,Priya,12,336818.3,232443.26,104375.04,60744.97,43630.06,306281.24,30537.06,12.95,17.52,INR
ORD-103444,05-05-2025,FY2025,Q2,May,West,Furniture,Office Chair,Consumer,Anjali,18,341032.53,238373.41,102659.12,70293.58,32365.54,333793.64,7238.89,9.49,6.96,INR
ORD-102361,05-05-2025,FY2025,Q2,May,North,Consumer Goods,Backpack,Corporate,Amit,3,32524.72,20375.21,12149.51,5538.98,6610.53,35140.76,-2616.04,20.32,13.65,INR
ORD-101245,05-05-2025,FY2025,Q2,May,North,Healthcare,First Aid Box,Consumer,Anjali,13,287383.46,152074.24,135309.22,55655.5,79653.72,275664.69,11718.76,27.72,22.84,INR
ORD-101658,06-05-2025,FY2025,Q2,May,North,Office Supplies,Stapler,Consumer,Anjali,4,104180.11,78362.36,25817.75,10861.56,14956.19,102456.6,1723.52,14.36,20.48,INR
ORD-103662,06-05-2025,FY2025,Q2,May,West,Furniture,Office Chair,Corporate,Anjali,5,146238.99,80137.73,66101.26,12180.23,53921.03,148278.94,-2039.95,36.87,20.75,INR
ORD-104035,06-05-2025,FY2025,Q2,May,East,Office Supplies,Notebook,Small Business,Rahul,16,634480.22,354508.8,279971.42,138177.98,141793.44,583007.73,51472.49,22.35,22.04,INR
ORD-100020,06-05-2025,FY2025,Q2,May,North,Technology,Printer,Small Business,Neha,15,181940.56,119482.92,62457.64,20488,41969.64,180167.49,1773.07,23.07,-2.44,INR
ORD-103557,07-05-2025,FY2025,Q2,May,Central,Furniture,Office Chair,Small Business,Rahul,11,436302.23,297609.7,138692.53,70300.27,68392.26,432787.16,3515.07,15.68,1.9,INR
ORD-102845,07-05-2025,FY2025,Q2,May,East,Consumer Goods,Travel Bag,Corporate,Priya,1,25735.5,15315.82,10419.68,2438.72,7980.97,25693.99,41.51,31.01,11.2,INR
ORD-104454,07-05-2025,FY2025,Q2,May,West,Consumer Goods,Calculator,Small Business,Rahul,8,295075.3,177977.56,117097.74,49722.57,67375.18,277834.57,17240.74,22.83,2.35,INR
ORD-103535,07-05-2025,FY2025,Q2,May,West,Consumer Goods,Water Bottle,Consumer,Vikas,8,335000.88,190536.34,144464.54,39470.06,104994.48,375138.87,-40137.98,31.34,2.35,INR
ORD-104110,07-05-2025,FY2025,Q2,May,East,Office Supplies,Pen Set,Consumer,Neha,17,228854.87,177185.39,51669.48,24484.34,27185.13,242413.81,-13558.94,11.88,16.3,INR
ORD-103610,08-05-2025,FY2025,Q2,May,East,Consumer Goods,Backpack,Consumer,Amit,1,16344.94,10237.72,6107.21,3437.92,2669.29,17987.11,-1642.17,16.33,14.1,INR
ORD-101779,08-05-2025,FY2025,Q2,May,South,Consumer Goods,Travel Bag,Consumer,Rahul,10,314263.09,177356.15,136906.94,35571.35,101335.58,303506.97,10756.12,32.25,2.61,INR
ORD-100595,08-05-2025,FY2025,Q2,May,West,Office Supplies,Notebook,Corporate,Amit,3,76376.65,55224.55,21152.1,9806.12,11345.98,84720.4,-8343.75,14.86,5.71,INR
ORD-101653,08-05-2025,FY2025,Q2,May,Central,Consumer Goods,Headphones,Consumer,Sneha,19,166537.85,91732.01,74805.84,26830.84,47975,149958.24,16579.6,28.81,11.75,INR
ORD-102490,08-05-2025,FY2025,Q2,May,East,Consumer Goods,Water Bottle,Corporate,Priya,9,341689.93,218505.65,123184.28,52708.54,70475.74,320902.15,20787.78,20.63,13.25,INR
ORD-103269,09-05-2025,FY2025,Q2,May,East,Consumer Goods,Backpack,Consumer,Rohit,16,106532.09,79111.21,27420.88,11921.8,15499.08,106086.48,445.61,14.55,11.2,INR
ORD-103343,09-05-2025,FY2025,Q2,May,Central,Consumer Goods,Water Bottle,Consumer,Anjali,18,784213.45,423763.4,360450.05,120146.11,240303.95,839055.49,-54842.04,30.64,3,INR
ORD-101994,09-05-2025,FY2025,Q2,May,West,Office Supplies,Pen Set,Small Business,Priya,10,356569.5,196346.82,160222.67,55607.26,104615.41,398222.28,-41652.79,29.34,5.37,INR
ORD-100339,10-05-2025,FY2025,Q2,May,South,Technology,Monitor,Consumer,Neha,2,41294.61,31356.56,9938.05,4249.26,5688.79,45826.67,-4532.07,13.78,-1.78,INR
ORD-100001,10-05-2025,FY2025,Q2,May,West,Furniture,Desk,Corporate,Priya,13,160616.21,102307.4,58308.81,32300.99,26007.81,176143.48,-15527.27,16.19,25,INR
ORD-103000,10-05-2025,FY2025,Q2,May,Central,Technology,Monitor,Consumer,Priya,13,87917.02,67079.64,20837.38,10109.11,10728.27,97925.84,-10008.82,12.2,2.38,INR
ORD-104577,11-05-2025,FY2025,Q2,May,East,Technology,Printer,Small Business,Priya,15,361945.26,208269.71,153675.55,33480.21,120195.34,392988.23,-31042.97,33.21,-7.62,INR
ORD-104962,11-05-2025,FY2025,Q2,May,East,Furniture,Desk,Corporate,Priya,5,181569.06,125843.43,55725.63,37141.52,18584.12,173302.45,8266.61,10.24,12.69,INR
ORD-101426,11-05-2025,FY2025,Q2,May,Central,Office Supplies,Paper Pack,Small Business,Rahul,14,78056.74,44054.95,34001.8,8055.41,25946.38,84093.01,-6036.26,33.24,24.48,INR
ORD-101485,11-05-2025,FY2025,Q2,May,West,Consumer Goods,Calculator,Corporate,Anjali,1,13547.66,7432.71,6114.95,2251.43,3863.52,13786.18,-238.51,28.52,-0.27,INR
ORD-103748,11-05-2025,FY2025,Q2,May,South,Technology,Smartphone,Consumer,Priya,7,46242.03,34117.62,12124.41,3783.3,8341.11,49580.85,-3338.82,18.04,8.89,INR
ORD-102316,11-05-2025,FY2025,Q2,May,South,Technology,Tablet,Consumer,Amit,13,55251.88,32009.16,23242.73,6885.18,16357.55,56484.76,-1232.88,29.61,-0.01,INR
ORD-103057,12-05-2025,FY2025,Q2,May,West,Consumer Goods,Travel Bag,Small Business,Anjali,9,258941.4,167628.65,91312.76,33837.08,57475.68,285167.34,-26225.94,22.2,0.37,INR
ORD-103900,12-05-2025,FY2025,Q2,May,North,Technology,Printer,Consumer,Rohit,4,2814.41,1780.44,1033.97,578.31,455.66,3051.53,-237.12,16.19,17.64,INR
ORD-102902,12-05-2025,FY2025,Q2,May,South,Technology,Monitor,Consumer,Sneha,17,586981.37,308287.27,278694.11,86591.36,192102.74,554652.83,32328.54,32.73,9.89,INR
ORD-102935,12-05-2025,FY2025,Q2,May,South,Healthcare,BP Monitor,Consumer,Rahul,1,45122.75,26574.88,18547.87,7257.94,11289.93,41184.48,3938.27,25.02,9.39,INR
ORD-100114,13-05-2025,FY2025,Q2,May,North,Furniture,Office Chair,Consumer,Vikas,17,602942.87,337514.38,265428.49,131382.57,134045.91,638650.5,-35707.63,22.23,3.5,INR
ORD-103128,13-05-2025,FY2025,Q2,May,South,Office Supplies,Pen Set,Small Business,Amit,8,107224.68,68643.19,38581.49,23367.97,15213.52,108780.48,-1555.79,14.19,16.46,INR
ORD-102640,13-05-2025,FY2025,Q2,May,Central,Office Supplies,Pen Set,Consumer,Vikas,14,107851.92,64878.25,42973.66,18155.63,24818.04,105308.87,2543.05,23.01,12.73,INR
ORD-100174,13-05-2025,FY2025,Q2,May,East,Technology,Tablet,Corporate,Priya,19,469313.12,280079.23,189233.89,81963.08,107270.81,522078.17,-52765.05,22.86,7.23,INR
ORD-103311,14-05-2025,FY2025,Q2,May,North,Furniture,Cabinet,Consumer,Neha,20,500834.5,290963.37,209871.12,46832.13,163038.99,477587.5,23247,32.55,-4.19,INR
ORD-104503,14-05-2025,FY2025,Q2,May,West,Furniture,Bookshelf,Corporate,Neha,2,31919.74,19294.42,12625.32,2759.44,9865.88,33138.69,-1218.95,30.91,-5.82,INR
ORD-100814,14-05-2025,FY2025,Q2,May,Central,Consumer Goods,Water Bottle,Small Business,Vikas,3,10171.27,7476.6,2694.67,863.33,1831.34,10505.99,-334.72,18.01,17.29,INR
ORD-104409,14-05-2025,FY2025,Q2,May,North,Furniture,Bookshelf,Consumer,Vikas,19,525039.71,375746.76,149292.95,56532.22,92760.73,580139.69,-55099.98,17.67,13.72,INR
ORD-102462,14-05-2025,FY2025,Q2,May,North,Furniture,Cabinet,Corporate,Anjali,20,990659.23,698717.01,291942.22,166727.86,125214.36,901974.51,88684.72,12.64,21.08,INR
ORD-102610,15-05-2025,FY2025,Q2,May,North,Healthcare,Thermometer,Corporate,Rohit,20,794882.46,540412.24,254470.22,128780.04,125690.18,821738.54,-26856.08,15.81,12.35,INR
ORD-101440,15-05-2025,FY2025,Q2,May,West,Healthcare,Thermometer,Small Business,Neha,3,124880.52,65210.89,59669.64,16344.33,43325.31,126769.27,-1888.74,34.69,4.41,INR
ORD-101242,15-05-2025,FY2025,Q2,May,East,Office Supplies,Notebook,Consumer,Neha,19,700313.03,541076.91,159236.12,78040.94,81195.18,771845.33,-71532.3,11.59,17.15,INR
ORD-101058,15-05-2025,FY2025,Q2,May,East,Office Supplies,Stapler,Consumer,Rohit,5,35453.15,19297.72,16155.43,5521.62,10633.81,31949.83,3503.32,29.99,1.09,INR
ORD-102451,16-05-2025,FY2025,Q2,May,East,Technology,Laptop,Corporate,Neha,15,426734.9,224920.95,201813.95,45107.05,156706.9,429762.25,-3027.34,36.72,7.35,INR
ORD-100412,16-05-2025,FY2025,Q2,May,South,Furniture,Office Chair,Small Business,Rohit,2,2324.25,1343.35,980.9,461.27,519.62,2558.76,-234.51,22.36,23.93,INR
ORD-101451,16-05-2025,FY2025,Q2,May,East,Furniture,Conference Table,Consumer,Rahul,17,503612.31,356787,146825.31,101513.53,45311.78,464684.14,38928.17,9,-5.72,INR
ORD-100314,16-05-2025,FY2025,Q2,May,West,Healthcare,Thermometer,Consumer,Neha,15,513125.74,318233.94,194891.8,59087.39,135804.41,515565.51,-2439.78,26.47,5.98,INR
ORD-101577,16-05-2025,FY2025,Q2,May,South,Furniture,Cabinet,Consumer,Amit,1,21244.39,14805.86,6438.53,4054.06,2384.47,20960.53,283.85,11.22,17.52,INR
ORD-103572,17-05-2025,FY2025,Q2,May,West,Technology,Laptop,Consumer,Vikas,10,19273.41,10876.91,8396.5,1938.77,6457.73,19354.69,-81.28,33.51,-3.02,INR
ORD-102081,17-05-2025,FY2025,Q2,May,North,Technology,Tablet,Small Business,Vikas,10,356204.87,233547.51,122657.36,34527.94,88129.42,344732,11472.87,24.74,-3.97,INR
ORD-103243,17-05-2025,FY2025,Q2,May,West,Furniture,Cabinet,Consumer,Amit,10,378281.11,281826.41,96454.69,70632.44,25822.26,376048.13,2232.97,6.83,7.51,INR
ORD-102833,17-05-2025,FY2025,Q2,May,East,Technology,Printer,Consumer,Priya,12,160738.46,118825.33,41913.13,18783.16,23129.97,174593.39,-13854.94,14.39,14.6,INR
ORD-100512,18-05-2025,FY2025,Q2,May,North,Office Supplies,Paper Pack,Small Business,Neha,19,389916.4,266436.67,123479.73,84655.05,38824.67,363016.89,26899.51,9.96,-1.14,INR
ORD-101304,18-05-2025,FY2025,Q2,May,East,Consumer Goods,Water Bottle,Consumer,Vikas,11,85995.5,50064.89,35930.61,16263.75,19666.86,90864.97,-4869.47,22.87,24.71,INR
ORD-103075,18-05-2025,FY2025,Q2,May,North,Consumer Goods,Backpack,Corporate,Priya,20,912122.78,703904.36,208218.41,171773.72,36444.69,912964.71,-841.93,4,-0.81,INR
ORD-103102,18-05-2025,FY2025,Q2,May,South,Healthcare,Thermometer,Consumer,Neha,18,513241.53,395629.36,117612.17,79799.23,37812.94,481854.27,31387.26,7.37,19.69,INR
ORD-103299,19-05-2025,FY2025,Q2,May,North,Technology,Monitor,Consumer,Rahul,18,16848.83,12389.82,4459.01,2391.16,2067.85,15429.42,1419.41,12.27,13.8,INR
ORD-104016,19-05-2025,FY2025,Q2,May,South,Healthcare,Medical Kit,Consumer,Rahul,4,51882.3,40397.55,11484.74,9114.35,2370.4,50163.52,1718.78,4.57,-7.59,INR
ORD-104860,19-05-2025,FY2025,Q2,May,North,Healthcare,BP Monitor,Consumer,Neha,10,411795.48,250132.74,161662.74,82886.73,78776.01,405753.94,6041.54,19.13,10.36,INR
ORD-102946,19-05-2025,FY2025,Q2,May,Central,Furniture,Cabinet,Small Business,Anjali,17,96588.31,62880.98,33707.33,9027.4,24679.93,91480.26,5108.05,25.55,20.64,INR
ORD-101371,20-05-2025,FY2025,Q2,May,South,Technology,Laptop,Consumer,Rahul,3,69968.25,43400.32,26567.94,8777.75,17790.19,64100.88,5867.38,25.43,-6.09,INR
ORD-104366,20-05-2025,FY2025,Q2,May,North,Office Supplies,Stapler,Corporate,Rohit,8,131185.21,97895.25,33289.97,22499.73,10790.23,142377.99,-11192.78,8.23,-0.33,INR
ORD-103920,20-05-2025,FY2025,Q2,May,West,Consumer Goods,Headphones,Consumer,Vikas,9,343305.17,226035.28,117269.89,60676.98,56592.91,366366.72,-23061.56,16.48,0.02,INR
ORD-102050,20-05-2025,FY2025,Q2,May,Central,Technology,Printer,Corporate,Sneha,11,23212.4,14286.45,8925.94,3239.68,5686.27,24531.66,-1319.26,24.5,-5.41,INR
ORD-100108,20-05-2025,FY2025,Q2,May,South,Consumer Goods,Backpack,Corporate,Priya,1,17931.32,11443.6,6487.72,2652.32,3835.4,17402.85,528.47,21.39,8.78,INR
ORD-104840,20-05-2025,FY2025,Q2,May,South,Office Supplies,Stapler,Corporate,Amit,17,83038.1,52801.78,30236.32,17705.94,12530.38,78756.97,4281.13,15.09,13.39,INR
ORD-103865,20-05-2025,FY2025,Q2,May,South,Consumer Goods,Water Bottle,Consumer,Rahul,16,532351.69,300797.53,231554.16,103787.99,127766.16,515329.66,17022.03,24,-0.06,INR
ORD-102796,20-05-2025,FY2025,Q2,May,Central,Healthcare,Gloves,Corporate,Anjali,13,491079.29,362758.27,128321.02,52244.77,76076.25,461388.11,29691.18,15.49,5.64,INR
ORD-104779,21-05-2025,FY2025,Q2,May,Central,Consumer Goods,Travel Bag,Corporate,Sneha,9,404170.45,295941.29,108229.16,49652.91,58576.25,418440.76,-14270.31,14.49,-3.85,INR
ORD-100008,21-05-2025,FY2025,Q2,May,West,Office Supplies,Stapler,Consumer,Neha,18,740529.42,539551.75,200977.66,114344.25,86633.42,735681.72,4847.7,11.7,-2.67,INR
ORD-104002,21-05-2025,FY2025,Q2,May,South,Furniture,Desk,Consumer,Anjali,10,37810.37,27317.06,10493.31,4178.32,6314.99,37968.69,-158.32,16.7,-1.92,INR
ORD-100831,21-05-2025,FY2025,Q2,May,Central,Furniture,Office Chair,Consumer,Neha,18,532957.96,415237.15,117720.81,90016.51,27704.3,506720.14,26237.81,5.2,-0.34,INR
ORD-100179,21-05-2025,FY2025,Q2,May,West,Consumer Goods,Water Bottle,Consumer,Neha,19,280973.9,150998.38,129975.52,55096.64,74878.88,286779.72,-5805.82,26.65,-4.52,INR
ORD-102976,21-05-2025,FY2025,Q2,May,South,Technology,Monitor,Small Business,Priya,8,123742.49,94439.76,29302.72,10955.21,18347.51,122799.05,943.43,14.83,17.23,INR
ORD-100413,22-05-2025,FY2025,Q2,May,South,Office Supplies,Stapler,Consumer,Anjali,13,203509.82,117178.15,86331.67,26189.4,60142.26,212978.95,-9469.13,29.55,16.04,INR
ORD-100769,22-05-2025,FY2025,Q2,May,South,Office Supplies,Paper Pack,Consumer,Vikas,14,105663.96,70778.24,34885.73,12050.84,22834.89,102785.66,2878.3,21.61,24.81,INR
ORD-104784,22-05-2025,FY2025,Q2,May,Central,Furniture,Cabinet,Corporate,Anjali,20,202026.49,106902.47,95124.02,23989.22,71134.8,183972.74,18053.75,35.21,-2.89,INR
ORD-101417,22-05-2025,FY2025,Q2,May,West,Consumer Goods,Headphones,Consumer,Rohit,1,6138.33,4685.88,1452.45,1114.81,337.64,6168.87,-30.54,5.5,24.75,INR
ORD-102754,22-05-2025,FY2025,Q2,May,Central,Office Supplies,Pen Set,Corporate,Rohit,19,320213.43,199184.64,121028.79,58691.93,62336.86,298405.34,21808.09,19.47,21.4,INR
ORD-102800,22-05-2025,FY2025,Q2,May,Central,Consumer Goods,Backpack,Consumer,Rohit,19,670252.97,355579.06,314673.91,71953.41,242720.49,686789.61,-16536.65,36.21,6.09,INR
ORD-103031,23-05-2025,FY2025,Q2,May,South,Technology,Smartphone,Small Business,Anjali,9,211846.58,160296.75,51549.83,37497.1,14052.73,226331.08,-14484.5,6.63,-1.54,INR
ORD-101398,23-05-2025,FY2025,Q2,May,North,Office Supplies,Stapler,Corporate,Anjali,12,104900.73,72480.8,32419.94,22805.91,9614.03,98927.6,5973.13,9.16,12.2,INR
ORD-102019,23-05-2025,FY2025,Q2,May,South,Furniture,Bookshelf,Small Business,Anjali,17,343713.46,231138.08,112575.39,32664.8,79910.59,321193.8,22519.66,23.25,1.22,INR
ORD-104992,23-05-2025,FY2025,Q2,May,North,Consumer Goods,Headphones,Small Business,Neha,12,450845.39,264299.82,186545.56,88207.23,98338.33,457280.14,-6434.76,21.81,5.69,INR
ORD-103995,24-05-2025,FY2025,Q2,May,East,Office Supplies,Stapler,Consumer,Vikas,15,396480.92,308325.02,88155.9,73225.95,14929.95,363903.13,32577.78,3.77,15.25,INR
ORD-102149,24-05-2025,FY2025,Q2,May,West,Furniture,Office Chair,Small Business,Amit,19,925607.31,503708.8,421898.5,129183.32,292715.18,911329.56,14277.75,31.62,18.05,INR
ORD-103329,24-05-2025,FY2025,Q2,May,West,Office Supplies,Stapler,Consumer,Rahul,7,129205.36,88940.74,40264.62,17839.32,22425.3,134055.53,-4850.18,17.36,-0.26,INR
ORD-103692,25-05-2025,FY2025,Q2,May,North,Healthcare,Gloves,Consumer,Sneha,7,265969.65,178706.15,87263.5,36549.36,50714.14,262139.87,3829.78,19.07,11.65,INR
ORD-104121,25-05-2025,FY2025,Q2,May,East,Technology,Smartphone,Consumer,Sneha,8,95999.38,68608.47,27390.91,12434.96,14955.95,99478.11,-3478.73,15.58,4.73,INR
ORD-100883,25-05-2025,FY2025,Q2,May,North,Technology,Monitor,Corporate,Sneha,15,66733.62,38388.29,28345.33,8016.18,20329.16,64892.06,1841.57,30.46,10.25,INR
ORD-102136,25-05-2025,FY2025,Q2,May,South,Technology,Monitor,Consumer,Neha,13,529758.67,319685.22,210073.45,98413.87,111659.58,482396.63,47362.04,21.08,4.93,INR
ORD-100463,25-05-2025,FY2025,Q2,May,North,Healthcare,Gloves,Small Business,Neha,9,315841.79,194394.67,121447.11,57222.17,64224.94,306341,9500.79,20.33,20.28,INR
ORD-100704,26-05-2025,FY2025,Q2,May,East,Healthcare,Thermometer,Consumer,Rohit,5,66543.46,36430.2,30113.26,12694.65,17418.61,70551.5,-4008.04,26.18,21.63,INR
ORD-103055,26-05-2025,FY2025,Q2,May,North,Technology,Smartphone,Small Business,Priya,13,501823.44,370149.68,131673.76,104094.54,27579.23,469040.75,32782.69,5.5,15.82,INR
ORD-100310,26-05-2025,FY2025,Q2,May,South,Consumer Goods,Headphones,Consumer,Sneha,13,330108.46,200166.64,129941.82,59874.11,70067.71,344383.28,-14274.82,21.23,5.14,INR
ORD-104451,26-05-2025,FY2025,Q2,May,South,Furniture,Office Chair,Consumer,Sneha,1,23749.35,16528.75,7220.6,3153.5,4067.1,22723.55,1025.8,17.13,-7.82,INR
ORD-102257,26-05-2025,FY2025,Q2,May,Central,Technology,Laptop,Consumer,Anjali,6,39898.8,22884.36,17014.44,7555.34,9459.11,42396.51,-2497.7,23.71,14.43,INR
ORD-100531,26-05-2025,FY2025,Q2,May,Central,Office Supplies,Pen Set,Corporate,Rohit,4,167679.69,123035.94,44643.75,13701.56,30942.19,182462.21,-14782.52,18.45,14.2,INR
ORD-103806,26-05-2025,FY2025,Q2,May,West,Technology,Printer,Consumer,Priya,5,46137.91,28587.36,17550.55,7074.65,10475.9,49664.08,-3526.17,22.71,-6.33,INR
ORD-103985,27-05-2025,FY2025,Q2,May,East,Consumer Goods,Backpack,Corporate,Amit,18,521859.02,370757.96,151101.06,97791.54,53309.51,476924.25,44934.76,10.22,15.52,INR
ORD-104976,27-05-2025,FY2025,Q2,May,South,Consumer Goods,Travel Bag,Consumer,Rohit,15,661881.78,448291.74,213590.04,98641.15,114948.89,638481.1,23400.69,17.37,2.35,INR
ORD-100209,27-05-2025,FY2025,Q2,May,South,Healthcare,First Aid Box,Corporate,Vikas,19,765261.43,423949.41,341312.01,89492.39,251819.63,698549.78,66711.64,32.91,-7.67,INR
ORD-100066,28-05-2025,FY2025,Q2,May,West,Consumer Goods,Water Bottle,Consumer,Amit,14,133235.61,102193.78,31041.82,19870.51,11171.32,139119.08,-5883.48,8.38,19.99,INR
ORD-101284,28-05-2025,FY2025,Q2,May,South,Office Supplies,Stapler,Consumer,Rahul,17,117281.23,61011.08,56270.15,25653.58,30616.57,115494.07,1787.16,26.11,4.18,INR
ORD-100234,28-05-2025,FY2025,Q2,May,West,Office Supplies,File Folder,Consumer,Rahul,15,391046.78,257385.73,133661.05,67367.29,66293.76,388059.28,2987.51,16.95,-3.85,INR
ORD-104104,29-05-2025,FY2025,Q2,May,West,Office Supplies,File Folder,Small Business,Anjali,11,447940.4,236634.82,211305.57,54405.13,156900.44,465425.45,-17485.06,35.03,7.32,INR
ORD-100564,30-05-2025,FY2025,Q2,May,Central,Office Supplies,Notebook,Corporate,Sneha,11,54204.57,40488.71,13715.87,11322.26,2393.61,54525.98,-321.4,4.42,16.66,INR
ORD-103369,30-05-2025,FY2025,Q2,May,South,Office Supplies,Paper Pack,Consumer,Sneha,1,36180.76,24089.76,12091,4788.87,7302.14,39189.14,-3008.38,20.18,5.79,INR
ORD-100188,30-05-2025,FY2025,Q2,May,North,Healthcare,Thermometer,Small Business,Neha,13,588772.33,384401.94,204370.39,58326.1,146044.29,658563.43,-69791.11,24.8,18.07,INR
ORD-102458,30-05-2025,FY2025,Q2,May,Central,Furniture,Desk,Consumer,Rahul,5,128143.09,82133.79,46009.3,17104.98,28904.31,142057.79,-13914.7,22.56,24.49,INR
ORD-102555,30-05-2025,FY2025,Q2,May,Central,Consumer Goods,Water Bottle,Consumer,Rahul,2,29364.62,18479.73,10884.89,3369.09,7515.8,31644.97,-2280.35,25.59,-6.76,INR
ORD-102401,30-05-2025,FY2025,Q2,May,South,Technology,Smartphone,Corporate,Rohit,5,61594.69,39871.29,21723.4,12047.55,9675.86,67092.49,-5497.8,15.71,-4.1,INR
ORD-100726,30-05-2025,FY2025,Q2,May,East,Furniture,Office Chair,Consumer,Neha,20,743505.32,567202.55,176302.77,139175.71,37127.05,710570.3,32935.02,4.99,-3.04,INR
ORD-103248,30-05-2025,FY2025,Q2,May,East,Consumer Goods,Travel Bag,Consumer,Sneha,11,97645.86,53280.93,44364.93,21070.95,23293.98,91637.49,6008.37,23.86,23.42,INR
ORD-104329,30-05-2025,FY2025,Q2,May,West,Technology,Smartphone,Corporate,Neha,13,250822.28,148766.42,102055.86,24930.35,77125.51,259352.32,-8530.03,30.75,20.95,INR
ORD-104594,30-05-2025,FY2025,Q2,May,Central,Technology,Printer,Corporate,Sneha,18,806639.67,536683.81,269955.86,166755.59,103200.28,800708.94,5930.73,12.79,4.34,INR
ORD-102225,30-05-2025,FY2025,Q2,May,North,Furniture,Cabinet,Consumer,Anjali,16,720105.28,516216.17,203889.11,130449.49,73439.62,797531.93,-77426.65,10.2,19.5,INR
ORD-102662,30-05-2025,FY2025,Q2,May,Central,Furniture,Office Chair,Corporate,Anjali,13,477481.59,299951.81,177529.78,85939.73,91590.06,529868.04,-52386.45,19.18,-1.69,INR
ORD-104128,31-05-2025,FY2025,Q2,May,East,Furniture,Bookshelf,Corporate,Anjali,6,271406.1,170656.14,100749.96,41148.13,59601.82,277030.76,-5624.67,21.96,-7.52,INR
ORD-102950,01-06-2025,FY2025,Q2,June,North,Consumer Goods,Travel Bag,Small Business,Rahul,1,11150.27,6892.76,4257.51,2396.57,1860.94,10755.35,394.92,16.69,11.77,INR
ORD-101829,01-06-2025,FY2025,Q2,June,Central,Office Supplies,File Folder,Corporate,Neha,2,32008.48,23351.74,8656.74,4441.22,4215.52,35511.09,-3502.62,13.17,4.81,INR
ORD-101086,01-06-2025,FY2025,Q2,June,North,Consumer Goods,Travel Bag,Consumer,Neha,12,167370.08,117512.49,49857.6,33247.76,16609.84,178283.13,-10913.05,9.92,-0.41,INR
ORD-103155,01-06-2025,FY2025,Q2,June,Central,Consumer Goods,Backpack,Corporate,Rohit,2,3560.84,2054.53,1506.31,500.83,1005.48,3447.42,113.42,28.24,2.66,INR
ORD-103897,01-06-2025,FY2025,Q2,June,Central,Technology,Tablet,Small Business,Amit,20,481690.87,318089.04,163601.83,98437.79,65164.04,470228.25,11462.62,13.53,21.72,INR
ORD-100671,01-06-2025,FY2025,Q2,June,North,Furniture,Cabinet,Corporate,Priya,2,95501.61,61072.09,34429.53,12235.9,22193.63,105012.25,-9510.64,23.24,18.38,INR
ORD-100524,01-06-2025,FY2025,Q2,June,North,Office Supplies,Notebook,Consumer,Priya,17,54109.98,34849.04,19260.94,8751.21,10509.73,54630.17,-520.19,19.42,-3.23,INR
ORD-102635,01-06-2025,FY2025,Q2,June,Central,Furniture,Office Chair,Corporate,Neha,4,58790.87,37085.45,21705.42,6422.8,15282.62,54546.06,4244.81,25.99,14.96,INR
ORD-100161,02-06-2025,FY2025,Q2,June,East,Office Supplies,Pen Set,Corporate,Neha,9,135271.33,71238.21,64033.12,17773.05,46260.07,135971.47,-700.14,34.2,-6.2,INR
ORD-104174,02-06-2025,FY2025,Q2,June,East,Technology,Smartphone,Corporate,Vikas,5,108342.99,75733.65,32609.34,20096.81,12512.52,108015.56,327.43,11.55,11.24,INR
ORD-103982,02-06-2025,FY2025,Q2,June,East,Furniture,Office Chair,Corporate,Anjali,14,83557.74,44024.43,39533.31,8964.02,30569.28,80330.61,3227.13,36.58,5.74,INR
ORD-102840,02-06-2025,FY2025,Q2,June,West,Technology,Laptop,Small Business,Rohit,19,595603.58,373774.78,221828.79,60361.28,161467.52,653983.45,-58379.87,27.11,2.61,INR
ORD-102212,02-06-2025,FY2025,Q2,June,East,Consumer Goods,Water Bottle,Corporate,Anjali,15,9114.03,6271.63,2842.4,1491.26,1351.15,8801.16,312.87,14.82,5.15,INR
ORD-101296,02-06-2025,FY2025,Q2,June,East,Technology,Smartphone,Consumer,Vikas,4,145624.33,97084.33,48540,16905.15,31634.86,157662.83,-12038.5,21.72,6.19,INR
ORD-100312,02-06-2025,FY2025,Q2,June,Central,Office Supplies,Notebook,Consumer,Anjali,13,588057.94,318834.81,269223.14,110035.67,159187.47,544173.37,43884.57,27.07,16.08,INR
ORD-103720,03-06-2025,FY2025,Q2,June,West,Technology,Tablet,Consumer,Rohit,10,470496.23,268370.9,202125.33,67308.35,134816.98,517901.22,-47404.99,28.65,13.62,INR
ORD-101160,03-06-2025,FY2025,Q2,June,West,Furniture,Office Chair,Corporate,Neha,20,900483.49,549805.1,350678.39,130520.17,220158.22,825272.79,75210.7,24.45,23.52,INR
ORD-100430,03-06-2025,FY2025,Q2,June,North,Furniture,Cabinet,Corporate,Vikas,19,784744.63,513738.85,271005.78,64217.97,206787.81,721566.1,63178.53,26.35,23.76,INR
ORD-104844,04-06-2025,FY2025,Q2,June,Central,Furniture,Office Chair,Consumer,Neha,10,494166.4,268577.89,225588.52,97842.02,127746.49,528629.61,-34463.21,25.85,8.1,INR
ORD-100491,04-06-2025,FY2025,Q2,June,West,Furniture,Conference Table,Small Business,Rahul,14,497499.81,355864.42,141635.38,98433.15,43202.23,473747.29,23752.52,8.68,11.54,INR
ORD-102947,04-06-2025,FY2025,Q2,June,North,Healthcare,Medical Kit,Consumer,Rahul,14,665236.27,502399.36,162836.9,78378.49,84458.42,718401.11,-53164.85,12.7,-3.84,INR
ORD-101491,04-06-2025,FY2025,Q2,June,East,Technology,Printer,Consumer,Vikas,15,403043.91,280209.91,122834,61133.93,61700.07,405114.09,-2070.18,15.31,-2.67,INR
ORD-101266,04-06-2025,FY2025,Q2,June,East,Technology,Smartphone,Small Business,Rohit,4,161909.44,106831.97,55077.47,16518.75,38558.73,147728.2,14181.24,23.81,13.64,INR
ORD-103577,05-06-2025,FY2025,Q2,June,South,Consumer Goods,Headphones,Consumer,Neha,14,40249.91,30549.06,9700.84,8831.47,869.37,41838.45,-1588.55,2.16,24.73,INR
ORD-103860,05-06-2025,FY2025,Q2,June,West,Furniture,Conference Table,Consumer,Amit,7,80422.09,59776.95,20645.14,12468.96,8176.18,88821.98,-8399.89,10.17,20.59,INR
ORD-104693,05-06-2025,FY2025,Q2,June,South,Furniture,Bookshelf,Corporate,Anjali,20,392045.06,226856.72,165188.34,39227.66,125960.68,375734.58,16310.49,32.13,24.99,INR
ORD-104085,05-06-2025,FY2025,Q2,June,Central,Technology,Monitor,Consumer,Neha,1,4887.56,3464.06,1423.49,993.56,429.94,4628.52,259.04,8.8,-2.61,INR
ORD-101641,05-06-2025,FY2025,Q2,June,South,Furniture,Cabinet,Consumer,Amit,1,6111.67,4289.91,1821.76,1053.41,768.35,6218.11,-106.44,12.57,6.8,INR
ORD-104310,05-06-2025,FY2025,Q2,June,West,Consumer Goods,Calculator,Consumer,Amit,12,589741.68,364663.82,225077.86,56737.84,168340.03,595107.58,-5365.9,28.54,-1.74,INR
ORD-101377,05-06-2025,FY2025,Q2,June,South,Furniture,Cabinet,Consumer,Anjali,2,77534.01,52287.79,25246.22,12489.7,12756.52,76752.75,781.26,16.45,-1.62,INR
ORD-101293,05-06-2025,FY2025,Q2,June,West,Technology,Tablet,Consumer,Neha,13,319035.22,242130.97,76904.25,25814.68,51089.57,335323.53,-16288.31,16.01,-5.4,INR
ORD-103657,06-06-2025,FY2025,Q2,June,North,Technology,Laptop,Small Business,Priya,4,30387.32,19638.37,10748.95,5973.62,4775.33,27417.99,2969.33,15.71,2.84,INR
ORD-100850,06-06-2025,FY2025,Q2,June,East,Furniture,Conference Table,Consumer,Priya,14,447046.05,246841.73,200204.32,55345.67,144858.65,496014.51,-48968.45,32.4,-0.99,INR
ORD-101974,06-06-2025,FY2025,Q2,June,East,Office Supplies,Pen Set,Corporate,Neha,9,24470.3,12947.12,11523.18,4829.66,6693.53,24510.87,-40.57,27.35,15.22,INR
ORD-103175,06-06-2025,FY2025,Q2,June,East,Furniture,Bookshelf,Corporate,Priya,13,631470.52,360729.73,270740.79,123874.59,146866.2,600656.4,30814.12,23.26,-6.88,INR
ORD-102350,06-06-2025,FY2025,Q2,June,West,Technology,Laptop,Corporate,Sneha,7,335510.81,178408.21,157102.6,43409.46,113693.15,320337.61,15173.2,33.89,17.05,INR
ORD-103141,07-06-2025,FY2025,Q2,June,West,Office Supplies,Notebook,Consumer,Rohit,13,627154.8,425955.82,201198.98,61266.94,139932.05,701637.52,-74482.72,22.31,-1.55,INR
ORD-102763,07-06-2025,FY2025,Q2,June,West,Technology,Printer,Consumer,Vikas,6,173960.25,112789.25,61171,36554.06,24616.94,191655.09,-17694.84,14.15,1.57,INR
ORD-102982,07-06-2025,FY2025,Q2,June,Central,Technology,Monitor,Consumer,Rahul,6,82340.24,46997.99,35342.25,7404.85,27937.4,77411.15,4929.08,33.93,-1.61,INR
ORD-104938,07-06-2025,FY2025,Q2,June,South,Furniture,Cabinet,Consumer,Amit,4,177064.69,93607.22,83457.47,17127.12,66330.35,190172.54,-13107.84,37.46,19.5,INR
ORD-101356,07-06-2025,FY2025,Q2,June,North,Office Supplies,Paper Pack,Consumer,Rohit,4,104823.51,55679.15,49144.35,12637.55,36506.81,97088.35,7735.16,34.83,18.78,INR
ORD-104649,07-06-2025,FY2025,Q2,June,North,Technology,Tablet,Consumer,Priya,2,57173,32892.47,24280.53,8882.44,15398.09,54993.79,2179.21,26.93,18.57,INR
ORD-103991,07-06-2025,FY2025,Q2,June,North,Furniture,Conference Table,Consumer,Sneha,19,845280.74,644334.7,200946.05,127651.87,73294.18,830926.13,14354.62,8.67,12.21,INR
ORD-103992,08-06-2025,FY2025,Q2,June,North,Furniture,Conference Table,Small Business,Amit,4,3519.61,2721.8,797.81,431.83,365.98,3657.05,-137.44,10.4,-5.7,INR
ORD-104614,08-06-2025,FY2025,Q2,June,North,Furniture,Cabinet,Small Business,Neha,11,187587.24,132350.15,55237.09,23177.78,32059.31,189258.03,-1670.79,17.09,-0.49,INR
ORD-100435,09-06-2025,FY2025,Q2,June,West,Consumer Goods,Headphones,Consumer,Sneha,15,531531.83,353234.61,178297.21,91944.02,86353.19,550220.74,-18688.92,16.25,21.37,INR
ORD-101472,09-06-2025,FY2025,Q2,June,South,Technology,Printer,Consumer,Rohit,6,58422.05,30758.77,27663.28,11780.64,15882.63,59617.87,-1195.82,27.19,2.45,INR
ORD-103151,09-06-2025,FY2025,Q2,June,Central,Technology,Laptop,Corporate,Anjali,16,760326.83,578689.72,181637.11,144649.72,36987.38,845476.18,-85149.35,4.86,14.38,INR
ORD-101599,09-06-2025,FY2025,Q2,June,Central,Healthcare,Thermometer,Corporate,Neha,20,423758.33,247445.48,176312.85,57453.22,118859.63,394936.15,28822.18,28.05,22.91,INR
ORD-104025,09-06-2025,FY2025,Q2,June,Central,Technology,Laptop,Consumer,Rohit,6,258543.73,166633.8,91909.93,38569.93,53340,263180.66,-4636.93,20.63,9.12,INR
ORD-101639,09-06-2025,FY2025,Q2,June,South,Office Supplies,File Folder,Small Business,Amit,16,422400.34,304311.37,118088.97,73815.94,44273.03,451146.43,-28746.09,10.48,-4.93,INR
ORD-103242,09-06-2025,FY2025,Q2,June,North,Furniture,Office Chair,Consumer,Sneha,4,11946.91,7250.71,4696.19,2178.16,2518.03,13031.47,-1084.57,21.08,-6.5,INR
ORD-104699,09-06-2025,FY2025,Q2,June,North,Furniture,Cabinet,Corporate,Rohit,16,219137.23,128520.1,90617.12,19200.2,71416.93,242830.65,-23693.42,32.59,-4.95,INR
ORD-104592,09-06-2025,FY2025,Q2,June,West,Consumer Goods,Headphones,Small Business,Anjali,7,111943.06,78830.39,33112.66,24169.48,8943.18,121831.8,-9888.75,7.99,-0.52,INR
ORD-101528,10-06-2025,FY2025,Q2,June,East,Consumer Goods,Backpack,Corporate,Amit,3,35292.68,24262.88,11029.8,2887.99,8141.81,35081.46,211.22,23.07,24.76,INR
ORD-104916,10-06-2025,FY2025,Q2,June,Central,Technology,Monitor,Small Business,Priya,20,195161.91,143628.89,51533.02,17973.96,33559.06,176610.96,18550.95,17.2,18.61,INR
ORD-100113,10-06-2025,FY2025,Q2,June,West,Furniture,Office Chair,Consumer,Rohit,7,230101.41,158650.23,71451.18,50303.68,21147.5,215415.26,14686.15,9.19,-7.2,INR
ORD-101959,10-06-2025,FY2025,Q2,June,Central,Consumer Goods,Headphones,Consumer,Anjali,18,349749.66,240716.57,109033.09,62949.46,46083.63,357531.66,-7782,13.18,16.59,INR
ORD-102461,10-06-2025,FY2025,Q2,June,East,Technology,Smartphone,Consumer,Neha,3,18336.05,12924.65,5411.4,2964.79,2446.61,19408.46,-1072.41,13.34,5.89,INR
ORD-102801,10-06-2025,FY2025,Q2,June,Central,Furniture,Bookshelf,Consumer,Vikas,16,659604.07,405956.78,253647.28,113776.35,139870.93,699185.22,-39581.15,21.21,20.57,INR
ORD-104225,10-06-2025,FY2025,Q2,June,Central,Office Supplies,Paper Pack,Small Business,Neha,20,967502.47,556269.97,411232.5,157504.89,253727.61,931414.85,36087.63,26.23,13.33,INR
ORD-103587,11-06-2025,FY2025,Q2,June,East,Office Supplies,Paper Pack,Consumer,Anjali,16,67916.86,45443.34,22473.52,14426.32,8047.2,70948.15,-3031.29,11.85,-5.37,INR
ORD-101181,11-06-2025,FY2025,Q2,June,South,Furniture,Desk,Consumer,Vikas,9,187083.66,131322.72,55760.94,25869.8,29891.14,172813.68,14269.98,15.98,19.8,INR
ORD-103600,11-06-2025,FY2025,Q2,June,North,Consumer Goods,Headphones,Consumer,Priya,11,94150.26,60950.02,33200.24,10526.36,22673.88,89357.77,4792.49,24.08,5.04,INR
ORD-104027,11-06-2025,FY2025,Q2,June,Central,Technology,Smartphone,Consumer,Neha,19,578095.33,370868.41,207226.91,99674.19,107552.73,534362.54,43732.79,18.6,11.17,INR
ORD-104761,11-06-2025,FY2025,Q2,June,North,Office Supplies,Notebook,Small Business,Rohit,18,496583.64,333797.9,162785.74,60885,101900.74,540888.61,-44304.97,20.52,21.96,INR
ORD-102320,11-06-2025,FY2025,Q2,June,West,Furniture,Conference Table,Consumer,Amit,7,314344.43,211497.17,102847.26,25217.56,77629.7,286086.58,28257.86,24.7,4.79,INR
ORD-104879,12-06-2025,FY2025,Q2,June,Central,Furniture,Desk,Consumer,Anjali,7,135451.56,84354.38,51097.18,28734.86,22362.32,125670.6,9780.96,16.51,22.98,INR
ORD-104194,12-06-2025,FY2025,Q2,June,West,Furniture,Bookshelf,Corporate,Sneha,19,943004.52,669253.12,273751.4,164457.74,109293.66,1002381.3,-59376.78,11.59,20.57,INR
ORD-104849,12-06-2025,FY2025,Q2,June,South,Furniture,Cabinet,Consumer,Anjali,3,50781.75,36458.78,14322.97,8347.59,5975.38,55451.99,-4670.24,11.77,19.2,INR
ORD-101114,12-06-2025,FY2025,Q2,June,South,Healthcare,First Aid Box,Small Business,Neha,5,207263.43,138912.77,68350.66,41524.32,26826.34,196815.79,10447.63,12.94,-1.18,INR
ORD-103106,13-06-2025,FY2025,Q2,June,South,Furniture,Desk,Consumer,Amit,1,42646.99,30453.14,12193.86,5410.73,6783.12,41381.28,1265.72,15.91,-1.5,INR
ORD-100475,13-06-2025,FY2025,Q2,June,Central,Technology,Printer,Corporate,Sneha,10,363579.49,269459.51,94119.97,35030.85,59089.12,399819.15,-36239.66,16.25,21.19,INR
ORD-103528,13-06-2025,FY2025,Q2,June,West,Furniture,Cabinet,Corporate,Amit,11,508667.08,367147.22,141519.86,61012.22,80507.63,486127.35,22539.73,15.83,11.72,INR
ORD-101395,13-06-2025,FY2025,Q2,June,East,Technology,Monitor,Small Business,Rahul,15,386856.07,300595.51,86260.56,76955.66,9304.9,366213.79,20642.28,2.41,18.2,INR
ORD-103387,13-06-2025,FY2025,Q2,June,West,Consumer Goods,Calculator,Consumer,Rahul,15,119966.39,78259.08,41707.31,23150.91,18556.4,113993.77,5972.62,15.47,14.63,INR
ORD-102172,13-06-2025,FY2025,Q2,June,West,Technology,Tablet,Corporate,Sneha,15,492767.07,257479.21,235287.86,103167.75,132120.11,482992.25,9774.82,26.81,19.48,INR
ORD-104980,13-06-2025,FY2025,Q2,June,North,Technology,Smartphone,Consumer,Amit,11,369055.4,207413.98,161641.42,47161.34,114480.08,349093.08,19962.32,31.02,15.39,INR
ORD-100371,14-06-2025,FY2025,Q2,June,East,Consumer Goods,Travel Bag,Consumer,Rohit,13,23058.62,16019.44,7039.19,2853.63,4185.56,22326.3,732.32,18.15,8.24,INR
ORD-102312,14-06-2025,FY2025,Q2,June,South,Healthcare,Medical Kit,Corporate,Vikas,7,281341.86,201243.36,80098.5,60830.24,19268.26,254340.07,27001.79,6.85,3.44,INR
ORD-102158,14-06-2025,FY2025,Q2,June,West,Consumer Goods,Travel Bag,Consumer,Rohit,15,112348.65,80880.61,31468.05,20360.83,11107.22,101674.15,10674.5,9.89,23.61,INR
ORD-100190,15-06-2025,FY2025,Q2,June,West,Furniture,Desk,Corporate,Rahul,12,37070.27,23263.56,13806.71,6990.07,6816.64,36741.33,328.94,18.39,15.75,INR
ORD-103935,15-06-2025,FY2025,Q2,June,South,Office Supplies,Paper Pack,Consumer,Amit,15,128540.12,94345.64,34194.47,12979.15,21215.32,131502.96,-2962.84,16.5,0.36,INR
ORD-104036,15-06-2025,FY2025,Q2,June,West,Office Supplies,File Folder,Consumer,Amit,8,12866.98,8733.08,4133.9,2775.19,1358.71,12650.48,216.5,10.56,14.32,INR
ORD-100335,15-06-2025,FY2025,Q2,June,South,Office Supplies,Paper Pack,Corporate,Rohit,3,116463.78,85402.71,31061.08,15200.57,15860.5,121382.91,-4919.13,13.62,13.17,INR
ORD-100043,16-06-2025,FY2025,Q2,June,West,Furniture,Cabinet,Small Business,Amit,10,169061.84,103084.53,65977.32,36546.14,29431.18,175141.68,-6079.83,17.41,12.49,INR
ORD-100755,16-06-2025,FY2025,Q2,June,North,Technology,Monitor,Small Business,Priya,13,127036.4,88132.9,38903.49,20985.88,17917.61,114546.77,12489.62,14.1,20.06,INR
ORD-102807,16-06-2025,FY2025,Q2,June,East,Office Supplies,Paper Pack,Corporate,Sneha,7,322461.21,217824.18,104637.04,69648.7,34988.33,352352.86,-29891.65,10.85,-5.57,INR
ORD-103512,16-06-2025,FY2025,Q2,June,North,Healthcare,BP Monitor,Corporate,Neha,8,212271,131714.2,80556.8,23023.15,57533.65,195024.13,17246.88,27.1,-0.6,INR
ORD-102598,17-06-2025,FY2025,Q2,June,East,Healthcare,Medical Kit,Consumer,Amit,16,295160.39,159690,135470.39,58060.45,77409.94,298395.8,-3235.41,26.23,-4.9,INR
ORD-102368,17-06-2025,FY2025,Q2,June,North,Healthcare,First Aid Box,Consumer,Anjali,1,39660.72,22386.94,17273.78,4540.47,12733.31,43778.09,-4117.37,32.11,7.95,INR
ORD-103472,17-06-2025,FY2025,Q2,June,East,Technology,Laptop,Corporate,Vikas,11,246967.08,183462.95,63504.13,47040.26,16463.87,275708.9,-28741.82,6.67,17.25,INR
ORD-104880,17-06-2025,FY2025,Q2,June,West,Technology,Tablet,Small Business,Priya,11,109142.94,81620.44,27522.5,18183.09,9339.4,116063.59,-6920.66,8.56,22.07,INR
ORD-101325,17-06-2025,FY2025,Q2,June,Central,Technology,Monitor,Consumer,Vikas,7,273986.4,183787.86,90198.55,28021.88,62176.67,284011.42,-10025.01,22.69,14.04,INR
ORD-101793,17-06-2025,FY2025,Q2,June,West,Furniture,Office Chair,Consumer,Sneha,9,413517.55,289363.74,124153.8,77604.5,46549.3,415476.17,-1958.63,11.26,21.02,INR
ORD-100713,17-06-2025,FY2025,Q2,June,South,Furniture,Office Chair,Consumer,Amit,19,665710.85,349424.91,316285.94,135012.95,181272.98,624319.87,41390.98,27.23,10.93,INR
ORD-103534,17-06-2025,FY2025,Q2,June,North,Office Supplies,Stapler,Corporate,Sneha,15,624662.63,361506.67,263155.95,125332.88,137823.07,591769.91,32892.72,22.06,2.64,INR
ORD-100624,18-06-2025,FY2025,Q2,June,South,Office Supplies,Paper Pack,Consumer,Amit,11,302831.03,218176.02,84655.01,44595.6,40059.41,333060.38,-30229.36,13.23,-1.32,INR
ORD-100607,18-06-2025,FY2025,Q2,June,West,Consumer Goods,Headphones,Consumer,Priya,5,169903.27,98339.7,71563.57,32803.72,38759.85,185187.45,-15284.18,22.81,1.22,INR
ORD-100622,18-06-2025,FY2025,Q2,June,West,Furniture,Office Chair,Consumer,Amit,3,94459.58,72171.05,22288.54,17418.45,4870.09,94431.12,28.46,5.16,9.58,INR
ORD-102067,18-06-2025,FY2025,Q2,June,North,Consumer Goods,Travel Bag,Small Business,Rohit,13,607166.45,467479.89,139686.55,72133.95,67552.6,566165.84,41000.61,11.13,9.12,INR
ORD-103944,18-06-2025,FY2025,Q2,June,North,Office Supplies,Stapler,Consumer,Rahul,6,104595.82,56218.63,48377.19,21498.76,26878.42,109093.43,-4497.61,25.7,12.87,INR
ORD-101392,18-06-2025,FY2025,Q2,June,West,Technology,Monitor,Consumer,Rahul,8,53817.31,36144.24,17673.07,6523.51,11149.56,59845.49,-6028.18,20.72,-7.88,INR
ORD-103649,19-06-2025,FY2025,Q2,June,North,Consumer Goods,Headphones,Consumer,Neha,20,283091.62,150664.03,132427.6,53714.26,78713.33,303925.77,-20834.15,27.8,12.07,INR
ORD-101857,19-06-2025,FY2025,Q2,June,West,Office Supplies,Notebook,Consumer,Neha,17,45189.71,25005.82,20183.89,6385.25,13798.63,42853.59,2336.12,30.53,15.2,INR
ORD-103169,20-06-2025,FY2025,Q2,June,Central,Furniture,Office Chair,Corporate,Sneha,15,476492.84,349971.8,126521.04,68186.76,58334.28,523060.56,-46567.72,12.24,13.41,INR
ORD-104757,20-06-2025,FY2025,Q2,June,South,Office Supplies,File Folder,Corporate,Neha,2,45821.44,31905.42,13916.02,7373.04,6542.98,41336.82,4484.62,14.28,-3.76,INR
ORD-101795,20-06-2025,FY2025,Q2,June,South,Technology,Monitor,Corporate,Rohit,4,45488.32,27305.71,18182.61,6769.52,11413.09,44485.4,1002.92,25.09,11.59,INR
ORD-100750,20-06-2025,FY2025,Q2,June,South,Office Supplies,Stapler,Consumer,Rahul,2,83934.21,58371.62,25562.58,11430.11,14132.47,91029.78,-7095.58,16.84,23.67,INR
ORD-103140,20-06-2025,FY2025,Q2,June,East,Technology,Smartphone,Corporate,Amit,12,278819.72,147806.49,131013.23,26006.77,105006.46,301036.76,-22217.04,37.66,8.32,INR
ORD-104473,20-06-2025,FY2025,Q2,June,North,Furniture,Office Chair,Corporate,Amit,1,39449.7,23111.49,16338.22,8630.88,7707.34,43657.94,-4208.23,19.54,-4.58,INR
ORD-103592,20-06-2025,FY2025,Q2,June,Central,Technology,Monitor,Corporate,Amit,3,147242.07,100008.43,47233.64,12588.68,34644.96,162280.46,-15038.39,23.53,-3.15,INR
ORD-100279,21-06-2025,FY2025,Q2,June,Central,Technology,Printer,Consumer,Vikas,3,84020.14,58876.35,25143.79,8433.12,16710.66,94086.11,-10065.97,19.89,-5.59,INR
ORD-101425,21-06-2025,FY2025,Q2,June,Central,Office Supplies,Paper Pack,Consumer,Anjali,5,167226.63,117293.67,49932.96,21611.01,28321.96,173898.6,-6671.97,16.94,-6.48,INR
ORD-104082,21-06-2025,FY2025,Q2,June,West,Healthcare,BP Monitor,Corporate,Vikas,12,493972.87,287532.39,206440.47,56004.19,150436.28,447982.53,45990.34,30.45,-0.57,INR
ORD-102654,21-06-2025,FY2025,Q2,June,Central,Furniture,Conference Table,Corporate,Priya,5,189066.7,145533.59,43533.12,20200.31,23332.8,193749.02,-4682.32,12.34,1.91,INR
ORD-102139,21-06-2025,FY2025,Q2,June,Central,Office Supplies,Pen Set,Corporate,Rahul,2,20902.16,13767.92,7134.24,2061.96,5072.28,21494.19,-592.03,24.27,20.65,INR
ORD-103573,21-06-2025,FY2025,Q2,June,North,Furniture,Office Chair,Small Business,Rahul,3,136747.96,86232.42,50515.54,18675.88,31839.66,141606.44,-4858.48,23.28,-6.2,INR
ORD-104192,21-06-2025,FY2025,Q2,June,South,Consumer Goods,Calculator,Corporate,Neha,15,219114.9,134680.8,84434.1,36227.44,48206.67,206967.87,12147.03,22,12.13,INR
ORD-103747,22-06-2025,FY2025,Q2,June,East,Office Supplies,Paper Pack,Corporate,Anjali,10,215411.96,140123.67,75288.29,23153.66,52134.63,206732.68,8679.28,24.2,20.63,INR
ORD-104669,22-06-2025,FY2025,Q2,June,North,Office Supplies,Paper Pack,Consumer,Anjali,20,352103.17,230538.24,121564.93,36900.46,84664.47,339520.74,12582.42,24.05,12.54,INR
ORD-103893,22-06-2025,FY2025,Q2,June,Central,Furniture,Desk,Consumer,Neha,10,256113.62,155874.26,100239.35,49984.34,50255.01,235126.42,20987.19,19.62,7.93,INR
ORD-102720,22-06-2025,FY2025,Q2,June,Central,Consumer Goods,Calculator,Consumer,Rohit,5,98382.17,53009.86,45372.32,10418.91,34953.41,107763.15,-9380.98,35.53,-5.27,INR
ORD-104625,22-06-2025,FY2025,Q2,June,Central,Technology,Tablet,Consumer,Amit,5,131129.29,89568.1,41561.19,19962.11,21599.08,123092.49,8036.79,16.47,-2.41,INR
ORD-102247,23-06-2025,FY2025,Q2,June,South,Consumer Goods,Water Bottle,Consumer,Sneha,9,194031.42,110317.57,83713.86,27611.79,56102.07,213669.94,-19638.52,28.91,19.37,INR
ORD-103515,23-06-2025,FY2025,Q2,June,North,Technology,Printer,Consumer,Vikas,14,155176.16,101462.82,53713.34,15587.29,38126.05,160515.2,-5339.04,24.57,-7.01,INR
ORD-104579,23-06-2025,FY2025,Q2,June,North,Consumer Goods,Travel Bag,Corporate,Sneha,8,57645.91,31574.9,26071.01,11102.07,14968.94,55345.42,2300.49,25.97,15.39,INR
ORD-104889,23-06-2025,FY2025,Q2,June,East,Technology,Tablet,Consumer,Anjali,5,74589.5,41398.23,33191.28,6048.1,27143.18,81673.56,-7084.06,36.39,5.64,INR
ORD-100974,23-06-2025,FY2025,Q2,June,West,Technology,Monitor,Consumer,Neha,3,108212.07,71610.24,36601.83,11471.81,25130.02,113984.7,-5772.63,23.22,23.76,INR
ORD-103831,24-06-2025,FY2025,Q2,June,East,Healthcare,Medical Kit,Consumer,Sneha,20,167154.71,114405.1,52749.61,28316.13,24433.48,165433.59,1721.12,14.62,4.69,INR
ORD-102675,24-06-2025,FY2025,Q2,June,West,Furniture,Office Chair,Consumer,Rohit,10,381426.09,208273.43,173152.65,58075.54,115077.11,397899.71,-16473.62,30.17,-3.06,INR
ORD-103736,24-06-2025,FY2025,Q2,June,Central,Technology,Monitor,Consumer,Amit,2,82865.29,58291.86,24573.43,10993.69,13579.74,85241.41,-2376.12,16.39,14.07,INR
ORD-102143,24-06-2025,FY2025,Q2,June,North,Furniture,Conference Table,Consumer,Priya,15,398753.86,242311.08,156442.78,32128.06,124314.72,364091.37,34662.49,31.18,20.02,INR
ORD-102783,24-06-2025,FY2025,Q2,June,West,Office Supplies,Pen Set,Consumer,Vikas,13,166883.72,127735.08,39148.64,24056.38,15092.25,160949.98,5933.73,9.04,15.21,INR
ORD-101015,24-06-2025,FY2025,Q2,June,North,Healthcare,First Aid Box,Small Business,Vikas,3,149954.8,112362.48,37592.32,12445.97,25146.34,139173.16,10781.64,16.77,2.02,INR
ORD-102478,25-06-2025,FY2025,Q2,June,North,Consumer Goods,Calculator,Corporate,Priya,10,370434.76,279713.24,90721.52,67137.25,23584.26,402673.74,-32238.98,6.37,22.77,INR
ORD-104309,25-06-2025,FY2025,Q2,June,East,Technology,Laptop,Corporate,Anjali,18,264833.33,152319.53,112513.8,30013.84,82499.96,254368.84,10464.49,31.15,-4.96,INR
ORD-101282,25-06-2025,FY2025,Q2,June,South,Healthcare,Medical Kit,Corporate,Priya,13,125898.46,83438.26,42460.21,12055.25,30404.96,117356.24,8542.23,24.15,-7.7,INR
ORD-104314,26-06-2025,FY2025,Q2,June,West,Office Supplies,Pen Set,Small Business,Priya,4,37910.82,25680.5,12230.32,8326.04,3904.28,42371.04,-4460.22,10.3,22.11,INR
ORD-101405,27-06-2025,FY2025,Q2,June,East,Technology,Smartphone,Consumer,Anjali,19,455670.68,290907.8,164762.88,79489.82,85273.06,468909.26,-13238.59,18.71,-7.77,INR
ORD-100522,27-06-2025,FY2025,Q2,June,South,Furniture,Desk,Small Business,Neha,6,73356.83,46865.2,26491.63,12361.63,14130,73175.24,181.59,19.26,-0.1,INR
ORD-102609,27-06-2025,FY2025,Q2,June,West,Consumer Goods,Travel Bag,Consumer,Priya,12,20620.13,15355.23,5264.89,2211.42,3053.47,21808.31,-1188.18,14.81,-7.33,INR
ORD-101630,27-06-2025,FY2025,Q2,June,South,Office Supplies,Paper Pack,Small Business,Vikas,1,14592.62,11212.27,3380.34,1718.34,1662.01,13871.12,721.49,11.39,-3.33,INR
ORD-100951,28-06-2025,FY2025,Q2,June,East,Furniture,Office Chair,Corporate,Amit,2,86362.49,58633.67,27728.82,18490.39,9238.42,81577.92,4784.57,10.7,-5.57,INR
ORD-102704,28-06-2025,FY2025,Q2,June,North,Consumer Goods,Calculator,Consumer,Vikas,17,105232.3,63909.82,41322.47,21612.33,19710.15,105026.35,205.94,18.73,1.24,INR
ORD-102510,28-06-2025,FY2025,Q2,June,North,Furniture,Cabinet,Consumer,Rahul,4,53523.35,36484.6,17038.74,6043.32,10995.42,51174.01,2349.34,20.54,4.96,INR
ORD-102692,29-06-2025,FY2025,Q2,June,South,Technology,Smartphone,Corporate,Anjali,18,880801.76,534622.29,346179.47,134569.79,211609.68,970084.1,-89282.34,24.02,17.42,INR
ORD-103852,29-06-2025,FY2025,Q2,June,North,Consumer Goods,Calculator,Consumer,Rohit,13,138612.88,97841.36,40771.52,21954.26,18817.27,129674.27,8938.61,13.58,1.75,INR
ORD-102770,29-06-2025,FY2025,Q2,June,South,Furniture,Cabinet,Consumer,Rohit,20,654113.11,457046,197067.11,87608.32,109458.79,700247.47,-46134.36,16.73,0.13,INR
ORD-102570,29-06-2025,FY2025,Q2,June,South,Technology,Laptop,Consumer,Rahul,14,683694.18,519483.06,164211.12,55984.61,108226.51,618925.56,64768.62,15.83,13.93,INR
ORD-101450,29-06-2025,FY2025,Q2,June,North,Healthcare,First Aid Box,Consumer,Amit,6,179724.16,97139.4,82584.76,17636.23,64948.53,166998.25,12725.91,36.14,-1.88,INR
ORD-100761,29-06-2025,FY2025,Q2,June,Central,Consumer Goods,Calculator,Consumer,Amit,1,4140.91,2461.13,1679.79,479.73,1200.06,3938.33,202.58,28.98,4.01,INR
ORD-103948,30-06-2025,FY2025,Q2,June,West,Office Supplies,Pen Set,Corporate,Amit,2,60703.76,41222.27,19481.49,8700.4,10781.1,59985.88,717.88,17.76,1.07,INR
ORD-101728,30-06-2025,FY2025,Q2,June,North,Office Supplies,File Folder,Consumer,Rohit,11,172881.53,98102.39,74779.14,14326.58,60452.56,167061.62,5819.91,34.97,6.87,INR
ORD-103800,30-06-2025,FY2025,Q2,June,Central,Consumer Goods,Water Bottle,Small Business,Vikas,14,69244.53,42012.72,27231.8,6998.51,20233.29,74925.11,-5680.59,29.22,-2.08,INR
ORD-100351,30-06-2025,FY2025,Q2,June,North,Office Supplies,Stapler,Small Business,Amit,18,422598.52,275786.89,146811.62,47783.56,99028.06,445094.36,-22495.85,23.43,5.43,INR
ORD-104394,30-06-2025,FY2025,Q2,June,North,Healthcare,BP Monitor,Corporate,Anjali,9,25588.54,19478.01,6110.53,5067.6,1042.93,25172.62,415.92,4.08,-6.08,INR
ORD-102726,01-07-2025,FY2025,Q3,July,East,Healthcare,Gloves,Small Business,Anjali,2,31239.68,18469.18,12770.5,5626.72,7143.78,30125.52,1114.15,22.87,15.21,INR
ORD-103864,01-07-2025,FY2025,Q3,July,West,Technology,Monitor,Small Business,Vikas,19,239552.13,172413.16,67138.97,22489.4,44649.57,221212.75,18339.38,18.64,16.65,INR
ORD-102795,01-07-2025,FY2025,Q3,July,East,Technology,Monitor,Corporate,Anjali,6,265458.88,156568.05,108890.83,39195.01,69695.81,261499.8,3959.07,26.25,18.54,INR
ORD-104535,01-07-2025,FY2025,Q3,July,Central,Healthcare,Medical Kit,Consumer,Amit,12,257112.79,166492.21,90620.58,47210.51,43410.07,244455.06,12657.73,16.88,13.68,INR
ORD-100451,01-07-2025,FY2025,Q3,July,South,Consumer Goods,Travel Bag,Consumer,Amit,12,84558.63,62834.46,21724.18,10488.37,11235.81,88571.83,-4013.19,13.29,15.7,INR
ORD-104873,02-07-2025,FY2025,Q3,July,North,Healthcare,Medical Kit,Consumer,Anjali,7,295902.54,215765.82,80136.71,44764.39,35372.32,281379.02,14523.52,11.95,-6.55,INR
ORD-100208,02-07-2025,FY2025,Q3,July,North,Technology,Printer,Small Business,Amit,13,367206.58,254295.64,112910.94,36154.41,76756.54,387579.16,-20372.58,20.9,5.96,INR
ORD-101413,02-07-2025,FY2025,Q3,July,North,Furniture,Office Chair,Consumer,Vikas,18,579097.23,429820.57,149276.66,53038.12,96238.54,643569.19,-64471.96,16.62,3.76,INR
ORD-102550,02-07-2025,FY2025,Q3,July,West,Technology,Tablet,Consumer,Neha,9,160082.99,107039.96,53043.02,32309.24,20733.78,148355.89,11727.1,12.95,7.2,INR
ORD-101197,02-07-2025,FY2025,Q3,July,Central,Technology,Laptop,Corporate,Rohit,10,51641.02,30934.63,20706.39,10864.78,9841.61,49617.29,2023.73,19.06,0.9,INR
ORD-103655,02-07-2025,FY2025,Q3,July,South,Technology,Printer,Corporate,Rahul,6,164236.08,108746.25,55489.83,34475.23,21014.6,177779.15,-13543.07,12.8,21.37,INR
ORD-104698,03-07-2025,FY2025,Q3,July,North,Furniture,Conference Table,Consumer,Amit,11,256463.49,181898.24,74565.25,43700.72,30864.52,279355.02,-22891.54,12.03,18.58,INR
ORD-102074,03-07-2025,FY2025,Q3,July,West,Technology,Smartphone,Consumer,Anjali,15,422354.46,252315.09,170039.37,77966.63,92072.74,422808.22,-453.76,21.8,17.53,INR
ORD-101660,03-07-2025,FY2025,Q3,July,North,Technology,Printer,Small Business,Amit,19,740549.51,405378.77,335170.73,119098.11,216072.63,795248.22,-54698.72,29.18,-1.28,INR
ORD-100960,03-07-2025,FY2025,Q3,July,Central,Technology,Monitor,Consumer,Anjali,1,30997.26,17220.92,13776.34,4484.54,9291.81,32284.76,-1287.5,29.98,23.55,INR
ORD-103268,03-07-2025,FY2025,Q3,July,West,Office Supplies,Stapler,Small Business,Neha,11,105035.73,57186.86,47848.87,22686.99,25161.88,106372.33,-1336.6,23.96,10.08,INR
ORD-101258,04-07-2025,FY2025,Q3,July,Central,Office Supplies,Stapler,Consumer,Rohit,10,334314.29,240426.17,93888.12,65020.91,28867.22,357112.52,-22798.23,8.63,-5.57,INR
ORD-101326,04-07-2025,FY2025,Q3,July,North,Furniture,Bookshelf,Consumer,Anjali,2,61573.3,41086.89,20486.41,11162.73,9323.68,66770.22,-5196.92,15.14,1.25,INR
ORD-104283,04-07-2025,FY2025,Q3,July,South,Consumer Goods,Calculator,Consumer,Neha,9,333156.9,209063.75,124093.15,40964.2,83128.95,314606.39,18550.51,24.95,8.73,INR
ORD-103959,04-07-2025,FY2025,Q3,July,South,Healthcare,BP Monitor,Corporate,Anjali,5,55745.68,35816.91,19928.77,4474.12,15454.64,61605.55,-5859.87,27.72,12.8,INR
ORD-102118,05-07-2025,FY2025,Q3,July,Central,Office Supplies,Paper Pack,Consumer,Rohit,12,544226.3,407163.22,137063.09,119623.12,17439.96,558465.92,-14239.61,3.2,2.19,INR
ORD-101798,05-07-2025,FY2025,Q3,July,Central,Technology,Laptop,Consumer,Anjali,5,156494.15,119806.9,36687.25,18952.79,17734.46,152390.05,4104.1,11.33,24.66,INR
ORD-103101,05-07-2025,FY2025,Q3,July,North,Healthcare,Gloves,Consumer,Neha,9,8766.69,6087.47,2679.21,878.54,1800.68,8285.78,480.9,20.54,9.58,INR
ORD-104368,05-07-2025,FY2025,Q3,July,North,Consumer Goods,Water Bottle,Small Business,Neha,6,130110.67,69147.2,60963.47,22033.42,38930.06,126996.54,3114.14,29.92,-0.02,INR
ORD-101570,05-07-2025,FY2025,Q3,July,West,Office Supplies,Paper Pack,Corporate,Vikas,5,66088.9,49226.71,16862.19,10797.25,6064.94,72046.07,-5957.17,9.18,-4.55,INR
ORD-103241,05-07-2025,FY2025,Q3,July,North,Technology,Smartphone,Corporate,Sneha,7,43764.64,27134.97,16629.67,7514.84,9114.82,40051.12,3713.52,20.83,22.88,INR
ORD-103617,05-07-2025,FY2025,Q3,July,West,Healthcare,Gloves,Consumer,Amit,12,105325.66,72778.48,32547.18,15933.92,16613.27,111320.6,-5994.94,15.77,-6.83,INR
ORD-101369,06-07-2025,FY2025,Q3,July,South,Healthcare,First Aid Box,Small Business,Sneha,8,87032.8,47306.26,39726.54,7316.33,32410.21,95141.39,-8108.6,37.24,-1.62,INR
ORD-100768,06-07-2025,FY2025,Q3,July,East,Technology,Tablet,Corporate,Amit,1,14181.48,9069.9,5111.58,2237.63,2873.95,15812.14,-1630.66,20.27,12.24,INR
ORD-101264,06-07-2025,FY2025,Q3,July,North,Office Supplies,Paper Pack,Corporate,Sneha,20,435892.02,291491.54,144400.48,59617.43,84783.05,450214.93,-14322.91,19.45,3.52,INR
ORD-103224,06-07-2025,FY2025,Q3,July,East,Office Supplies,File Folder,Consumer,Rahul,8,53529.18,36892.83,16636.35,7284.27,9352.09,56659.23,-3130.04,17.47,3.6,INR
ORD-104259,06-07-2025,FY2025,Q3,July,West,Office Supplies,Stapler,Corporate,Anjali,18,857908.89,517859.83,340049.06,118565.39,221483.67,917851.65,-59942.76,25.82,1.13,INR
ORD-103665,06-07-2025,FY2025,Q3,July,East,Technology,Laptop,Consumer,Vikas,13,205968.38,147289.92,58678.46,34853.12,23825.34,186178.92,19789.46,11.57,22.77,INR
ORD-104730,07-07-2025,FY2025,Q3,July,South,Technology,Smartphone,Consumer,Rohit,11,414392.83,248735.05,165657.77,48563.73,117094.04,416702.53,-2309.7,28.26,18.49,INR
ORD-100584,07-07-2025,FY2025,Q3,July,North,Consumer Goods,Calculator,Consumer,Rohit,1,20739.09,12059.56,8679.54,2907.2,5772.34,22890.31,-2151.22,27.83,-6.48,INR
ORD-104726,07-07-2025,FY2025,Q3,July,East,Consumer Goods,Calculator,Small Business,Sneha,17,737222.95,419301.52,317921.43,126847.08,191074.35,726095.84,11127.11,25.92,14.95,INR
ORD-100674,07-07-2025,FY2025,Q3,July,East,Furniture,Office Chair,Corporate,Amit,19,149424.12,98946.63,50477.5,13761.09,36716.41,159069.2,-9645.08,24.57,8.44,INR
ORD-101478,07-07-2025,FY2025,Q3,July,South,Healthcare,BP Monitor,Consumer,Priya,20,408344.32,219095.34,189248.98,60632.09,128616.89,434594.29,-26249.98,31.5,7.42,INR
ORD-101523,07-07-2025,FY2025,Q3,July,Central,Office Supplies,File Folder,Consumer,Amit,3,91880.99,61605.27,30275.72,10704.73,19570.99,89160.76,2720.23,21.3,24.33,INR
ORD-104140,07-07-2025,FY2025,Q3,July,East,Furniture,Office Chair,Corporate,Sneha,18,46374.84,35572.08,10802.76,8850.8,1951.96,46138.87,235.97,4.21,12.15,INR
ORD-104545,08-07-2025,FY2025,Q3,July,West,Consumer Goods,Headphones,Small Business,Vikas,9,49808.37,28177.41,21630.95,6715.06,14915.9,47215.74,2592.63,29.95,22.62,INR
ORD-100402,08-07-2025,FY2025,Q3,July,Central,Consumer Goods,Backpack,Consumer,Amit,11,333045.96,240851.73,92194.24,48220.11,43974.13,370395.63,-37349.67,13.2,17.72,INR
ORD-103955,08-07-2025,FY2025,Q3,July,West,Office Supplies,File Folder,Consumer,Vikas,1,36171.04,21313.68,14857.36,3366.63,11490.73,35537.93,633.11,31.77,6.8,INR
ORD-103626,08-07-2025,FY2025,Q3,July,North,Technology,Smartphone,Consumer,Anjali,8,271992.26,156116.97,115875.29,37068.2,78807.09,267880.8,4111.46,28.97,2.37,INR
ORD-100719,08-07-2025,FY2025,Q3,July,West,Furniture,Desk,Small Business,Anjali,9,398718.82,287360.41,111358.41,78694.84,32663.57,421334.15,-22615.34,8.19,-7.01,INR
ORD-100275,09-07-2025,FY2025,Q3,July,Central,Office Supplies,Notebook,Consumer,Rahul,4,139309.21,92736.79,46572.43,21589.21,24983.22,139955.44,-646.22,17.93,4.81,INR
ORD-104501,09-07-2025,FY2025,Q3,July,West,Office Supplies,Stapler,Corporate,Neha,8,122849.47,86559.69,36289.78,14889.82,21399.96,127299.09,-4449.61,17.42,-3.73,INR
ORD-101187,09-07-2025,FY2025,Q3,July,South,Technology,Monitor,Consumer,Priya,16,140253.19,100120,40133.19,29674.38,10458.81,138539.32,1713.87,7.46,13.5,INR
ORD-101678,09-07-2025,FY2025,Q3,July,South,Furniture,Desk,Consumer,Anjali,15,366456.87,228845.13,137611.74,63930.19,73681.56,406790.12,-40333.25,20.11,-4.4,INR
ORD-102528,09-07-2025,FY2025,Q3,July,East,Healthcare,Thermometer,Consumer,Rohit,17,793514.38,589978.37,203536.01,115047.39,88488.62,742153.95,51360.43,11.15,4.03,INR
ORD-101134,09-07-2025,FY2025,Q3,July,West,Office Supplies,Stapler,Consumer,Amit,19,212636.9,147226.14,65410.75,20114.47,45296.28,213153.21,-516.31,21.3,11.01,INR
ORD-101110,09-07-2025,FY2025,Q3,July,West,Office Supplies,File Folder,Corporate,Rohit,12,473702.89,311244.71,162458.18,60811.68,101646.5,440059.83,33643.06,21.46,-1.78,INR
ORD-101938,09-07-2025,FY2025,Q3,July,West,Office Supplies,Notebook,Consumer,Vikas,10,236529.56,145212.22,91317.34,38737.54,52579.8,236745.25,-215.69,22.23,16.01,INR
ORD-104941,09-07-2025,FY2025,Q3,July,West,Furniture,Office Chair,Consumer,Rahul,20,413283.45,267150.46,146133,60385.9,85747.1,456033.7,-42750.24,20.75,2,INR
ORD-104668,10-07-2025,FY2025,Q3,July,West,Office Supplies,Pen Set,Small Business,Neha,3,25758.44,16238.49,9519.95,4666.44,4853.51,24876.66,881.78,18.84,18.32,INR
ORD-101016,10-07-2025,FY2025,Q3,July,South,Furniture,Office Chair,Consumer,Sneha,20,518922.61,288658.4,230264.21,72624.92,157639.29,487789.23,31133.38,30.38,17.97,INR
ORD-102115,10-07-2025,FY2025,Q3,July,Central,Furniture,Conference Table,Corporate,Neha,9,35549.47,19554.98,15994.48,4791.82,11202.67,37980.47,-2431,31.51,0.41,INR
ORD-102024,11-07-2025,FY2025,Q3,July,North,Furniture,Bookshelf,Small Business,Priya,8,9459.93,6506.55,2953.38,1464.53,1488.84,10497.97,-1038.04,15.74,3.05,INR
ORD-103571,11-07-2025,FY2025,Q3,July,South,Healthcare,First Aid Box,Consumer,Vikas,11,113440.55,85495.46,27945.1,18568.36,9376.74,113045.66,394.89,8.27,23.91,INR
ORD-104360,11-07-2025,FY2025,Q3,July,North,Consumer Goods,Water Bottle,Corporate,Neha,6,122825.38,92151.85,30673.54,9889.74,20783.8,119003.2,3822.19,16.92,13.55,INR
ORD-100803,11-07-2025,FY2025,Q3,July,East,Office Supplies,Pen Set,Small Business,Priya,8,97943.96,66029.9,31914.06,21429.49,10484.57,94382.62,3561.34,10.7,17.74,INR
ORD-103945,11-07-2025,FY2025,Q3,July,East,Office Supplies,Paper Pack,Consumer,Amit,3,94887.71,51956.81,42930.9,18156.41,24774.49,99369.03,-4481.32,26.11,13.43,INR
ORD-103039,12-07-2025,FY2025,Q3,July,North,Office Supplies,Pen Set,Consumer,Priya,1,29131.14,22544.87,6586.27,6294.4,291.87,27690.11,1441.03,1,21.23,INR
ORD-102282,12-07-2025,FY2025,Q3,July,East,Office Supplies,Pen Set,Consumer,Priya,18,431289.02,294231.32,137057.69,64705.27,72352.43,393382.45,37906.57,16.78,17.98,INR
ORD-104177,12-07-2025,FY2025,Q3,July,North,Technology,Laptop,Consumer,Amit,6,238442.89,141512.58,96930.31,46731.6,50198.7,241269.66,-2826.77,21.05,21.72,INR
ORD-104458,12-07-2025,FY2025,Q3,July,Central,Healthcare,BP Monitor,Consumer,Amit,9,34627.53,22388.18,12239.35,5194.25,7045.09,35158.55,-531.02,20.35,-7.56,INR
ORD-101419,12-07-2025,FY2025,Q3,July,West,Technology,Laptop,Consumer,Sneha,7,158232.05,102845.2,55386.85,15604.09,39782.76,155513.09,2718.97,25.14,1.05,INR
ORD-104615,13-07-2025,FY2025,Q3,July,Central,Office Supplies,File Folder,Consumer,Rohit,9,310280.67,189145.27,121135.39,63226.11,57909.28,281606.78,28673.88,18.66,6.92,INR
ORD-103441,13-07-2025,FY2025,Q3,July,Central,Furniture,Cabinet,Corporate,Amit,8,91243.13,59405.89,31837.24,15142.05,16695.19,96792.76,-5549.63,18.3,-0.71,INR
ORD-100521,13-07-2025,FY2025,Q3,July,East,Technology,Smartphone,Consumer,Rahul,18,462990.74,323891.62,139099.12,65902.64,73196.48,423844.89,39145.85,15.81,-6.98,INR
ORD-103139,13-07-2025,FY2025,Q3,July,East,Furniture,Conference Table,Consumer,Vikas,14,449234.19,304779.38,144454.81,54738.15,89716.66,436918.49,12315.7,19.97,19.96,INR
ORD-103530,13-07-2025,FY2025,Q3,July,North,Furniture,Cabinet,Consumer,Sneha,18,808340.86,612677.4,195663.46,74459.6,121203.86,825054.76,-16713.9,14.99,12.72,INR
ORD-103340,13-07-2025,FY2025,Q3,July,East,Consumer Goods,Backpack,Consumer,Anjali,17,371303.98,281271.56,90032.41,57083.45,32948.96,399071.19,-27767.22,8.87,1.51,INR
ORD-100926,13-07-2025,FY2025,Q3,July,West,Office Supplies,Stapler,Consumer,Sneha,20,564652.9,337678.7,226974.2,65362.47,161611.73,602535.4,-37882.5,28.62,19.59,INR
ORD-103727,13-07-2025,FY2025,Q3,July,East,Healthcare,BP Monitor,Consumer,Anjali,19,772664.22,548214.23,224449.99,153484.37,70965.62,844617.99,-71953.77,9.18,9.48,INR
ORD-102562,14-07-2025,FY2025,Q3,July,Central,Furniture,Cabinet,Small Business,Vikas,19,518404.6,363716.36,154688.24,61368.33,93319.91,516022.22,2382.38,18,0.33,INR
ORD-101133,14-07-2025,FY2025,Q3,July,East,Consumer Goods,Travel Bag,Small Business,Rahul,18,773067.87,419671.92,353395.96,144003.39,209392.56,760452.42,12615.45,27.09,0.12,INR
ORD-102135,14-07-2025,FY2025,Q3,July,East,Consumer Goods,Headphones,Consumer,Anjali,8,103200.52,73809.28,29391.24,21453.14,7938.1,102500.77,699.75,7.69,22.43,INR
ORD-103698,14-07-2025,FY2025,Q3,July,West,Technology,Tablet,Corporate,Neha,13,276107.81,200867.17,75240.63,27413.34,47827.3,253795.99,22311.82,17.32,20.99,INR
ORD-104241,14-07-2025,FY2025,Q3,July,East,Technology,Laptop,Consumer,Anjali,11,265340.02,206660.45,58679.58,32799.89,25879.69,296414.29,-31074.26,9.75,8.45,INR
ORD-103882,14-07-2025,FY2025,Q3,July,West,Technology,Monitor,Consumer,Neha,15,176040.02,117133.4,58906.62,20644.73,38261.89,193649.3,-17609.27,21.73,16.11,INR
ORD-104307,15-07-2025,FY2025,Q3,July,Central,Technology,Smartphone,Consumer,Neha,1,25633.98,16634.38,8999.6,4034.25,4965.35,23421.58,2212.4,19.37,6.86,INR
ORD-102080,15-07-2025,FY2025,Q3,July,East,Consumer Goods,Headphones,Corporate,Rahul,10,148370.55,110126.54,38244.01,22851.6,15392.41,150608.39,-2237.84,10.37,8.81,INR
ORD-102267,16-07-2025,FY2025,Q3,July,East,Technology,Smartphone,Corporate,Rahul,13,144278.76,89707.31,54571.46,23532.06,31039.4,149821.7,-5542.93,21.51,-4.19,INR
ORD-100259,16-07-2025,FY2025,Q3,July,East,Furniture,Cabinet,Corporate,Rahul,11,226893.24,166218.59,60674.65,38332.7,22341.95,241228.7,-14335.45,9.85,2.97,INR
ORD-103256,16-07-2025,FY2025,Q3,July,West,Healthcare,BP Monitor,Consumer,Vikas,4,79829.42,46291.59,33537.83,17156.24,16381.59,85387.44,-5558.01,20.52,21.15,INR
ORD-103737,16-07-2025,FY2025,Q3,July,South,Office Supplies,Pen Set,Consumer,Neha,18,287520.9,187796.61,99724.28,30383.14,69341.15,300049.32,-12528.42,24.12,14.88,INR
ORD-102788,17-07-2025,FY2025,Q3,July,North,Furniture,Office Chair,Consumer,Neha,19,899341.77,490655.84,408685.93,118945.17,289740.76,871634.44,27707.33,32.22,9.2,INR
ORD-100517,17-07-2025,FY2025,Q3,July,South,Office Supplies,Pen Set,Corporate,Rohit,12,506762.89,330530.18,176232.71,60531.42,115701.29,538822.99,-32060.1,22.83,-6.62,INR
ORD-102262,17-07-2025,FY2025,Q3,July,Central,Furniture,Conference Table,Consumer,Priya,18,851202,568296.42,282905.59,123170.79,159734.8,770361.87,80840.13,18.77,11.78,INR
ORD-102780,17-07-2025,FY2025,Q3,July,North,Technology,Laptop,Corporate,Sneha,12,545835.54,405996.46,139839.08,45733.07,94106.01,517990.65,27844.89,17.24,0.6,INR
ORD-100176,17-07-2025,FY2025,Q3,July,South,Office Supplies,Notebook,Corporate,Vikas,6,67163.95,46390.3,20773.65,13318.77,7454.87,60691.65,6472.3,11.1,12.53,INR
ORD-100482,17-07-2025,FY2025,Q3,July,South,Healthcare,BP Monitor,Small Business,Vikas,3,138309.3,84183.18,54126.11,23755.13,30370.99,141812.38,-3503.08,21.96,-1.75,INR
ORD-103434,18-07-2025,FY2025,Q3,July,East,Furniture,Desk,Corporate,Amit,12,590624.91,387273.71,203351.2,54580.31,148770.89,648343.64,-57718.73,25.19,14.44,INR
ORD-100092,18-07-2025,FY2025,Q3,July,Central,Furniture,Bookshelf,Consumer,Rohit,11,119777,87571.48,32205.52,11454.41,20751.11,121132.38,-1355.38,17.32,17.11,INR
ORD-102287,18-07-2025,FY2025,Q3,July,South,Furniture,Office Chair,Consumer,Vikas,1,26357.02,20311.35,6045.67,3093.67,2952,28850.39,-2493.38,11.2,8.42,INR
ORD-104534,18-07-2025,FY2025,Q3,July,West,Consumer Goods,Calculator,Corporate,Rohit,8,322115.17,226170.62,95944.55,49415.56,46528.99,335616.63,-13501.47,14.44,15.35,INR
ORD-104778,18-07-2025,FY2025,Q3,July,West,Consumer Goods,Travel Bag,Corporate,Rohit,20,211288.08,152883.82,58404.26,31886.31,26517.95,204088.27,7199.8,12.55,-7.99,INR
ORD-102957,18-07-2025,FY2025,Q3,July,Central,Healthcare,BP Monitor,Consumer,Vikas,19,364169.69,272010.85,92158.84,39421.73,52737.11,356826.46,7343.23,14.48,-1.21,INR
ORD-102558,18-07-2025,FY2025,Q3,July,Central,Healthcare,Thermometer,Consumer,Amit,4,68053.03,42264.23,25788.81,8852.59,16936.22,75891.07,-7838.04,24.89,-6.65,INR
ORD-101781,19-07-2025,FY2025,Q3,July,West,Consumer Goods,Travel Bag,Consumer,Priya,6,252142.68,143698.35,108444.33,38072.86,70371.47,229070.04,23072.63,27.91,14.1,INR
ORD-103713,19-07-2025,FY2025,Q3,July,Central,Consumer Goods,Backpack,Corporate,Rohit,20,538795.25,298331.44,240463.81,102020.74,138443.07,491295.28,47499.97,25.69,7.44,INR
ORD-102125,19-07-2025,FY2025,Q3,July,West,Furniture,Cabinet,Corporate,Priya,8,399184.4,259925.55,139258.85,32124.41,107134.44,388515.35,10669.06,26.84,20.37,INR
ORD-102317,19-07-2025,FY2025,Q3,July,South,Office Supplies,Pen Set,Consumer,Amit,10,304313.81,164258.8,140055,34005.14,106049.87,283076.06,21237.75,34.85,19.41,INR
ORD-101443,20-07-2025,FY2025,Q3,July,West,Consumer Goods,Water Bottle,Corporate,Rohit,9,375442.27,247357.29,128084.97,56229.92,71855.06,419701.63,-44259.37,19.14,5.15,INR
ORD-104273,20-07-2025,FY2025,Q3,July,South,Furniture,Cabinet,Consumer,Vikas,2,70060.51,37212.7,32847.81,14375.46,18472.36,64344.78,5715.73,26.37,0.26,INR
ORD-103850,20-07-2025,FY2025,Q3,July,North,Furniture,Conference Table,Consumer,Rahul,13,44866.91,24792.69,20074.22,5555.69,14518.53,49708.96,-4842.05,32.36,2.95,INR
ORD-103413,20-07-2025,FY2025,Q3,July,West,Office Supplies,Paper Pack,Consumer,Amit,17,351998.48,189463.96,162534.52,61577.8,100956.72,369658.91,-17660.44,28.68,23.77,INR
ORD-102030,20-07-2025,FY2025,Q3,July,South,Furniture,Desk,Consumer,Vikas,7,263166.68,174364.16,88802.53,48102.93,40699.59,278012.01,-14845.33,15.47,13.79,INR
ORD-102545,21-07-2025,FY2025,Q3,July,Central,Consumer Goods,Water Bottle,Consumer,Neha,10,146326.54,91495.37,54831.18,18842.55,35988.62,149145.95,-2819.41,24.59,5.24,INR
ORD-100483,22-07-2025,FY2025,Q3,July,East,Furniture,Desk,Consumer,Sneha,19,589988.81,412036.63,177952.18,123761.41,54190.77,619127.93,-29139.13,9.19,-2.98,INR
ORD-103336,22-07-2025,FY2025,Q3,July,West,Consumer Goods,Headphones,Small Business,Rohit,7,252276.99,170459.43,81817.56,31574.05,50243.52,240711.5,11565.49,19.92,2.99,INR
ORD-101307,22-07-2025,FY2025,Q3,July,East,Office Supplies,Notebook,Corporate,Sneha,12,505734.07,368379.92,137354.15,63069.78,74284.37,475192.01,30542.06,14.69,-0.08,INR
ORD-100973,22-07-2025,FY2025,Q3,July,North,Technology,Tablet,Small Business,Priya,12,523979.14,292724.75,231254.39,108942.17,122312.22,554949.33,-30970.18,23.34,22.27,INR
ORD-102379,22-07-2025,FY2025,Q3,July,South,Consumer Goods,Travel Bag,Small Business,Sneha,5,126454.69,71456.13,54998.57,11495.71,43502.86,117728.09,8726.6,34.4,8.15,INR
ORD-101001,22-07-2025,FY2025,Q3,July,North,Healthcare,First Aid Box,Consumer,Amit,3,120791.97,78684.35,42107.62,20511.56,21596.06,128351.54,-7559.57,17.88,13.42,INR
ORD-101093,23-07-2025,FY2025,Q3,July,South,Technology,Laptop,Consumer,Anjali,16,623183.91,417901.33,205282.59,90738.41,114544.18,664865.63,-41681.71,18.38,0.71,INR
ORD-100440,23-07-2025,FY2025,Q3,July,West,Furniture,Cabinet,Small Business,Anjali,9,289894.93,151518.32,138376.61,36429.42,101947.18,296820.87,-6925.94,35.17,6.38,INR
ORD-101362,24-07-2025,FY2025,Q3,July,North,Consumer Goods,Calculator,Consumer,Amit,7,108324.5,56612.17,51712.33,19383.12,32329.21,105546.42,2778.08,29.84,1.7,INR
ORD-100865,24-07-2025,FY2025,Q3,July,North,Consumer Goods,Calculator,Consumer,Priya,16,229991.15,155261.82,74729.33,42126.62,32602.71,212688.61,17302.54,14.18,2.73,INR
ORD-100316,24-07-2025,FY2025,Q3,July,Central,Office Supplies,File Folder,Consumer,Rohit,16,233240.31,152601.05,80639.26,38499.62,42139.64,255233.36,-21993.05,18.07,2.58,INR
ORD-104415,24-07-2025,FY2025,Q3,July,Central,Consumer Goods,Headphones,Consumer,Sneha,13,213966.66,127251.63,86715.03,42644.98,44070.05,229867.3,-15900.64,20.6,15.07,INR
ORD-102710,24-07-2025,FY2025,Q3,July,Central,Office Supplies,Paper Pack,Consumer,Anjali,5,248037.71,129897.26,118140.45,42509.84,75630.61,232628.11,15409.6,30.49,12.16,INR
ORD-103781,24-07-2025,FY2025,Q3,July,Central,Technology,Laptop,Corporate,Vikas,8,270465.33,187301.29,83164.03,32823.59,50340.45,273304.23,-2838.9,18.61,13.41,INR
ORD-103874,24-07-2025,FY2025,Q3,July,South,Technology,Smartphone,Corporate,Rahul,19,633939.56,386971.97,246967.58,115023.71,131943.88,574379.91,59559.65,20.81,24.8,INR
ORD-101102,24-07-2025,FY2025,Q3,July,South,Consumer Goods,Backpack,Consumer,Vikas,2,3788.33,2394.37,1393.96,789.65,604.31,3478.36,309.98,15.95,20.57,INR
ORD-102381,24-07-2025,FY2025,Q3,July,North,Office Supplies,Notebook,Consumer,Anjali,6,223980.79,138919.28,85061.51,33237.07,51824.44,242048.34,-18067.55,23.14,8.22,INR
ORD-102502,24-07-2025,FY2025,Q3,July,South,Furniture,Desk,Corporate,Rohit,16,768355.51,559926.21,208429.3,89047.58,119381.72,707732.31,60623.2,15.54,-5.77,INR
ORD-101964,24-07-2025,FY2025,Q3,July,West,Consumer Goods,Backpack,Corporate,Anjali,20,666440.4,379767.87,286672.53,110562.19,176110.35,744255.04,-77814.64,26.43,2.5,INR
ORD-102324,24-07-2025,FY2025,Q3,July,South,Office Supplies,Paper Pack,Small Business,Priya,8,51464.58,39189.15,12275.43,4334.32,7941.11,46340.94,5123.64,15.43,5.41,INR
ORD-100871,25-07-2025,FY2025,Q3,July,North,Consumer Goods,Water Bottle,Consumer,Anjali,4,164547.54,110239.07,54308.47,23706.35,30602.12,150830.45,13717.09,18.6,0.06,INR
ORD-102026,25-07-2025,FY2025,Q3,July,North,Healthcare,Gloves,Small Business,Sneha,4,56425.39,34226.68,22198.71,11456.4,10742.32,62638.72,-6213.33,19.04,0.18,INR
ORD-104647,25-07-2025,FY2025,Q3,July,South,Office Supplies,Pen Set,Small Business,Priya,16,690933.34,448997.69,241935.66,82437.12,159498.54,767878.38,-76945.04,23.08,-5.79,INR
ORD-101164,25-07-2025,FY2025,Q3,July,North,Office Supplies,Notebook,Small Business,Neha,5,201055.2,138444.9,62610.3,29020.93,33589.37,189361.49,11693.71,16.71,9.76,INR
ORD-104750,25-07-2025,FY2025,Q3,July,North,Office Supplies,File Folder,Consumer,Priya,1,18237,9930.54,8306.46,1759.31,6547.15,19501.17,-1264.17,35.9,6.95,INR
ORD-104811,26-07-2025,FY2025,Q3,July,South,Technology,Smartphone,Corporate,Priya,3,75334.65,43726.63,31608.02,13810.41,17797.61,68101.82,7232.82,23.62,7.76,INR
ORD-103407,26-07-2025,FY2025,Q3,July,West,Furniture,Bookshelf,Consumer,Amit,8,349183.21,237995.53,111187.68,42576.19,68611.49,390001.33,-40818.12,19.65,16.81,INR
ORD-103538,26-07-2025,FY2025,Q3,July,South,Technology,Tablet,Consumer,Rahul,3,138398.57,104949.86,33448.72,23138.4,10310.32,152111.79,-13713.22,7.45,-0.15,INR
ORD-103087,26-07-2025,FY2025,Q3,July,North,Healthcare,BP Monitor,Consumer,Sneha,9,421162.27,299341.88,121820.39,91786.04,30034.35,440007.39,-18845.12,7.13,5.09,INR
ORD-103845,26-07-2025,FY2025,Q3,July,Central,Office Supplies,Paper Pack,Consumer,Vikas,20,171535.75,102027.34,69508.41,19253.86,50254.55,178549.95,-7014.21,29.3,9.1,INR
ORD-104725,27-07-2025,FY2025,Q3,July,West,Consumer Goods,Water Bottle,Small Business,Anjali,12,355179.99,272702.9,82477.09,59168.35,23308.73,391119.79,-35939.8,6.56,-4.97,INR
ORD-101152,27-07-2025,FY2025,Q3,July,Central,Technology,Monitor,Consumer,Anjali,17,786094.23,536749.78,249344.45,69267.81,180076.64,839912.52,-53818.29,22.91,2.46,INR
ORD-100881,27-07-2025,FY2025,Q3,July,South,Office Supplies,Pen Set,Consumer,Rahul,13,572934.47,434054.35,138880.12,80007.2,58872.92,571265.97,1668.5,10.28,-3.42,INR
ORD-104956,27-07-2025,FY2025,Q3,July,Central,Technology,Monitor,Small Business,Sneha,4,194108.2,113557.21,80550.99,28502.46,52048.54,196737.21,-2629.01,26.81,-3.59,INR
ORD-104692,27-07-2025,FY2025,Q3,July,East,Technology,Monitor,Small Business,Anjali,10,328202.63,197499.12,130703.51,42490.51,88213,313537.78,14664.85,26.88,7.08,INR
ORD-103641,27-07-2025,FY2025,Q3,July,South,Technology,Tablet,Consumer,Amit,16,23995.19,18697.02,5298.16,3095.7,2202.47,25788.2,-1793.02,9.18,19.55,INR
ORD-101050,27-07-2025,FY2025,Q3,July,East,Furniture,Conference Table,Corporate,Amit,7,135321.01,95162.12,40158.89,11679.17,28479.72,132179.81,3141.2,21.05,15.68,INR
ORD-100976,28-07-2025,FY2025,Q3,July,North,Technology,Printer,Small Business,Neha,3,52196.3,36679.73,15516.57,10741.07,4775.5,50178.33,2017.96,9.15,-6.12,INR
ORD-104732,28-07-2025,FY2025,Q3,July,West,Office Supplies,Notebook,Small Business,Sneha,12,579059.06,338828.55,240230.51,110201.19,130029.31,545858.6,33200.46,22.46,-1.48,INR
ORD-104424,28-07-2025,FY2025,Q3,July,West,Furniture,Desk,Consumer,Neha,15,557782.11,375585.4,182196.72,91910.84,90285.87,521463.58,36318.53,16.19,17.48,INR
ORD-103660,28-07-2025,FY2025,Q3,July,Central,Furniture,Bookshelf,Consumer,Neha,16,374464.97,237095.57,137369.4,60747.18,76622.22,359800.77,14664.2,20.46,5.5,INR
ORD-101910,28-07-2025,FY2025,Q3,July,North,Office Supplies,Pen Set,Consumer,Rohit,4,21537.62,14023.74,7513.88,3258.26,4255.63,20323.26,1214.37,19.76,3.4,INR
ORD-102818,28-07-2025,FY2025,Q3,July,East,Consumer Goods,Travel Bag,Corporate,Sneha,18,479494.45,303085.93,176408.52,103382.57,73025.95,526178.02,-46683.56,15.23,1.04,INR
ORD-101456,28-07-2025,FY2025,Q3,July,East,Furniture,Conference Table,Small Business,Neha,1,26097.31,14211.76,11885.54,4033.76,7851.78,24161.78,1935.52,30.09,8.27,INR
ORD-102762,28-07-2025,FY2025,Q3,July,North,Technology,Tablet,Small Business,Amit,12,345893.09,260388.05,85505.04,68736.33,16768.72,343258.28,2634.81,4.85,-2.03,INR
ORD-102660,29-07-2025,FY2025,Q3,July,West,Furniture,Conference Table,Consumer,Sneha,4,132508.18,98038.96,34469.22,23368.22,11101,136951.67,-4443.49,8.38,-4.81,INR
ORD-102057,29-07-2025,FY2025,Q3,July,North,Furniture,Conference Table,Consumer,Vikas,9,32063.87,23596.06,8467.81,4093.76,4374.05,29672.5,2391.37,13.64,16.53,INR
ORD-104381,29-07-2025,FY2025,Q3,July,West,Healthcare,Gloves,Corporate,Anjali,13,10837.55,8130.96,2706.59,2299.6,407,10053.54,784.01,3.76,2.12,INR
ORD-104474,30-07-2025,FY2025,Q3,July,South,Consumer Goods,Calculator,Corporate,Rahul,15,236062.13,124210.78,111851.36,25209.92,86641.44,234885.72,1176.42,36.7,23.77,INR
ORD-102054,30-07-2025,FY2025,Q3,July,West,Furniture,Desk,Consumer,Anjali,14,326878.4,229240.73,97637.67,57223.08,40414.59,336966.35,-10087.95,12.36,18.85,INR
ORD-101582,30-07-2025,FY2025,Q3,July,East,Office Supplies,Pen Set,Corporate,Rohit,17,548352.85,398611.38,149741.47,50877.41,98864.06,550291.92,-1939.07,18.03,15.4,INR
ORD-104556,30-07-2025,FY2025,Q3,July,East,Furniture,Office Chair,Corporate,Rahul,2,81984.49,62100.02,19884.46,6677.18,13207.28,82402.14,-417.66,16.11,19.56,INR
ORD-102601,30-07-2025,FY2025,Q3,July,South,Technology,Tablet,Consumer,Vikas,10,236786.78,154113.14,82673.64,20422.14,62251.51,237712.81,-926.03,26.29,24.76,INR
ORD-102702,30-07-2025,FY2025,Q3,July,West,Furniture,Desk,Consumer,Sneha,19,909435.07,647526.27,261908.8,118175.93,143732.87,952842.66,-43407.59,15.8,15.64,INR
ORD-103703,30-07-2025,FY2025,Q3,July,North,Furniture,Conference Table,Small Business,Neha,3,46076.84,24877.19,21199.65,6630.86,14568.79,46475.62,-398.78,31.62,13.79,INR
ORD-103474,30-07-2025,FY2025,Q3,July,East,Furniture,Desk,Corporate,Sneha,11,174979.39,120249.24,54730.15,26162.8,28567.35,191033.1,-16053.71,16.33,6.31,INR
ORD-102669,31-07-2025,FY2025,Q3,July,South,Healthcare,BP Monitor,Corporate,Vikas,11,368149.76,279117.09,89032.68,73373.09,15659.58,385240.74,-17090.98,4.25,17.72,INR
ORD-102308,31-07-2025,FY2025,Q3,July,West,Consumer Goods,Headphones,Small Business,Rohit,6,201331.22,128809.42,72521.8,21711.32,50810.48,203281.75,-1950.53,25.24,0,INR
ORD-102376,31-07-2025,FY2025,Q3,July,Central,Technology,Tablet,Corporate,Sneha,20,401826.11,239499.2,162326.91,45982.33,116344.57,377246.27,24579.84,28.95,20.64,INR
ORD-103672,31-07-2025,FY2025,Q3,July,South,Technology,Monitor,Consumer,Vikas,5,126535.36,66840.16,59695.2,16572.19,43123.01,133061.11,-6525.75,34.08,1.02,INR
ORD-102295,31-07-2025,FY2025,Q3,July,South,Furniture,Cabinet,Consumer,Rahul,2,29817.64,20114.33,9703.31,2470.28,7233.02,31033.9,-1216.26,24.26,13.53,INR
ORD-101979,31-07-2025,FY2025,Q3,July,Central,Consumer Goods,Backpack,Corporate,Priya,6,86739.45,50973.14,35766.31,11149.32,24616.99,95842.54,-9103.09,28.38,3.37,INR
ORD-102979,01-08-2025,FY2025,Q3,August,West,Office Supplies,Stapler,Consumer,Rohit,15,513142.14,367909.49,145232.65,75537.11,69695.54,537322.41,-24180.27,13.58,12.73,INR
ORD-102155,01-08-2025,FY2025,Q3,August,North,Technology,Tablet,Consumer,Vikas,16,465766.98,346452.76,119314.22,77148.16,42166.05,420839.49,44927.49,9.05,17.61,INR
ORD-101595,01-08-2025,FY2025,Q3,August,East,Technology,Monitor,Corporate,Amit,11,52336.9,28713.61,23623.29,8380.65,15242.64,48328.65,4008.26,29.12,1.78,INR
ORD-103710,01-08-2025,FY2025,Q3,August,Central,Consumer Goods,Headphones,Consumer,Priya,18,646900.78,341097.46,305803.32,105712.41,200090.9,705015.89,-58115.11,30.93,4,INR
ORD-100954,01-08-2025,FY2025,Q3,August,Central,Consumer Goods,Travel Bag,Small Business,Anjali,9,329905,196028.98,133876.02,35916.46,97959.56,326803.21,3101.79,29.69,-3.66,INR
ORD-103284,01-08-2025,FY2025,Q3,August,East,Healthcare,Gloves,Corporate,Amit,2,30735.62,17607.47,13128.15,4542.39,8585.76,28944.91,1790.71,27.93,3.85,INR
ORD-103724,02-08-2025,FY2025,Q3,August,South,Consumer Goods,Calculator,Consumer,Rohit,10,243240.33,176395.29,66845.04,22491.51,44353.53,228827.48,14412.85,18.23,8.26,INR
ORD-104859,02-08-2025,FY2025,Q3,August,East,Healthcare,Thermometer,Consumer,Rahul,17,259377.34,181641.41,77735.93,35558.11,42177.82,253085.26,6292.08,16.26,4.99,INR
ORD-101904,02-08-2025,FY2025,Q3,August,North,Technology,Printer,Small Business,Priya,14,132157.54,81570.03,50587.5,23154.05,27433.46,147418.68,-15261.14,20.76,5.93,INR
ORD-103690,02-08-2025,FY2025,Q3,August,South,Furniture,Cabinet,Consumer,Priya,3,148904.88,92772.76,56132.13,22245.84,33886.28,145881.28,3023.6,22.76,12.15,INR
ORD-101942,03-08-2025,FY2025,Q3,August,East,Healthcare,Medical Kit,Consumer,Priya,10,373948.39,254417.98,119530.41,77356.18,42174.23,348467.41,25480.98,11.28,20.72,INR
ORD-103431,03-08-2025,FY2025,Q3,August,West,Technology,Laptop,Consumer,Priya,19,166693.63,117559.41,49134.22,24464.48,24669.73,150351.49,16342.14,14.8,20.79,INR
ORD-103908,03-08-2025,FY2025,Q3,August,North,Technology,Tablet,Corporate,Neha,20,496800.47,350213.94,146586.53,65161.67,81424.86,532590.36,-35789.9,16.39,3.97,INR
ORD-100453,03-08-2025,FY2025,Q3,August,South,Healthcare,BP Monitor,Consumer,Vikas,11,18317.68,9551.22,8766.47,2739.95,6026.52,18501.76,-184.07,32.9,5.64,INR
ORD-103289,03-08-2025,FY2025,Q3,August,South,Consumer Goods,Calculator,Corporate,Anjali,16,240312.19,170949.25,69362.94,27856.72,41506.22,238238.13,2074.06,17.27,-7.27,INR
ORD-102916,03-08-2025,FY2025,Q3,August,North,Office Supplies,Pen Set,Small Business,Priya,7,267142.86,188995.12,78147.74,33354.72,44793.02,274054.8,-6911.95,16.77,8.34,INR
ORD-100728,04-08-2025,FY2025,Q3,August,North,Healthcare,First Aid Box,Corporate,Amit,3,129844.8,72159.3,57685.5,16518.81,41166.69,128440.13,1404.67,31.7,11.46,INR
ORD-103239,04-08-2025,FY2025,Q3,August,North,Consumer Goods,Calculator,Corporate,Priya,5,79332.48,59134.67,20197.81,13002.96,7194.85,81229.51,-1897.04,9.07,5.22,INR
ORD-103016,04-08-2025,FY2025,Q3,August,West,Furniture,Office Chair,Corporate,Anjali,18,698806.3,382773.19,316033.1,120301.84,195731.27,697406.7,1399.6,28.01,1.06,INR
ORD-103465,04-08-2025,FY2025,Q3,August,East,Office Supplies,Notebook,Corporate,Neha,2,64701.11,36923.24,27777.86,12515.81,15262.05,60857.27,3843.83,23.59,-2.81,INR
ORD-104515,04-08-2025,FY2025,Q3,August,Central,Technology,Laptop,Consumer,Anjali,5,221463.49,149373.59,72089.9,27089.63,45000.27,246616.57,-25153.08,20.32,24.97,INR
ORD-101437,04-08-2025,FY2025,Q3,August,South,Furniture,Conference Table,Small Business,Rahul,3,23034.31,17929.7,5104.61,4609.62,494.98,20886.02,2148.29,2.15,2.57,INR
ORD-101286,04-08-2025,FY2025,Q3,August,Central,Healthcare,Thermometer,Consumer,Rahul,20,591700.22,450862.41,140837.81,113626.47,27211.34,591142.3,557.92,4.6,18.86,INR
ORD-104882,04-08-2025,FY2025,Q3,August,Central,Technology,Tablet,Consumer,Vikas,11,509553.96,306595.08,202958.88,49404.12,153554.76,533938.05,-24384.09,30.14,0.32,INR
ORD-104437,04-08-2025,FY2025,Q3,August,Central,Technology,Smartphone,Consumer,Rohit,11,214062.53,144075.76,69986.78,18308.98,51677.79,236637.13,-22574.59,24.14,23.3,INR
ORD-102597,04-08-2025,FY2025,Q3,August,North,Office Supplies,Notebook,Small Business,Anjali,13,444064.6,330116.7,113947.9,66137,47810.89,445211.57,-1146.97,10.77,2.49,INR
ORD-102367,04-08-2025,FY2025,Q3,August,South,Technology,Printer,Corporate,Sneha,17,103226.59,59502.31,43724.28,9917.96,33806.31,108551.82,-5325.22,32.75,17.5,INR
ORD-100924,04-08-2025,FY2025,Q3,August,North,Consumer Goods,Water Bottle,Consumer,Rohit,9,330433.51,225491.28,104942.23,28518.05,76424.18,357464.17,-27030.66,23.13,7.21,INR
ORD-101277,05-08-2025,FY2025,Q3,August,Central,Technology,Monitor,Consumer,Amit,14,80145.55,56928.61,23216.95,10206.75,13010.2,74052.18,6093.37,16.23,3.86,INR
ORD-101775,05-08-2025,FY2025,Q3,August,West,Consumer Goods,Calculator,Corporate,Rahul,16,601804.72,392307.42,209497.3,88080.36,121416.93,671397.16,-69592.44,20.18,21.25,INR
ORD-100434,05-08-2025,FY2025,Q3,August,South,Healthcare,Thermometer,Consumer,Priya,11,386416.04,254210.42,132205.62,65145.59,67060.03,397945.28,-11529.24,17.35,24.74,INR
ORD-103986,05-08-2025,FY2025,Q3,August,West,Furniture,Cabinet,Small Business,Anjali,14,88187.38,68587.47,19599.91,14260.97,5338.94,96314.3,-8126.92,6.05,13.72,INR
ORD-100819,05-08-2025,FY2025,Q3,August,West,Consumer Goods,Travel Bag,Consumer,Neha,18,192951.32,136712.72,56238.6,40540.81,15697.79,182057.67,10893.65,8.14,2.88,INR
ORD-102341,06-08-2025,FY2025,Q3,August,West,Consumer Goods,Headphones,Small Business,Anjali,9,86412.59,63924.62,22487.97,9725.81,12762.16,78208.89,8203.7,14.77,6.31,INR
ORD-101145,06-08-2025,FY2025,Q3,August,South,Technology,Laptop,Corporate,Rohit,5,102432.35,61753.24,40679.11,15017.71,25661.4,99843.1,2589.25,25.05,1.88,INR
ORD-104533,06-08-2025,FY2025,Q3,August,Central,Technology,Smartphone,Corporate,Sneha,13,455152.12,324681.53,130470.59,40672.11,89798.47,490121.42,-34969.29,19.73,0.11,INR
ORD-103619,07-08-2025,FY2025,Q3,August,West,Technology,Laptop,Small Business,Anjali,6,227767.03,126941.89,100825.14,18525.98,82299.16,235907.65,-8140.62,36.13,-3.86,INR
ORD-103218,07-08-2025,FY2025,Q3,August,North,Furniture,Cabinet,Consumer,Sneha,4,67855.82,40140.64,27715.18,14597.85,13117.33,74937.08,-7081.26,19.33,24.82,INR
ORD-104263,07-08-2025,FY2025,Q3,August,East,Technology,Laptop,Consumer,Vikas,20,652727.44,409811.39,242916.05,66546.43,176369.62,665692.76,-12965.32,27.02,21.4,INR
ORD-102440,08-08-2025,FY2025,Q3,August,East,Office Supplies,Notebook,Small Business,Vikas,17,228440.41,136292.84,92147.57,33319.42,58828.16,210105.4,18335.01,25.75,17.65,INR
ORD-104856,08-08-2025,FY2025,Q3,August,East,Consumer Goods,Calculator,Consumer,Rahul,12,187010.66,144324.77,42685.89,36853.46,5832.44,209188.24,-22177.58,3.12,7.09,INR
ORD-100809,08-08-2025,FY2025,Q3,August,West,Office Supplies,Notebook,Small Business,Vikas,9,308670.65,168623.61,140047.04,57025.15,83021.89,306125.05,2545.6,26.9,-1.63,INR
ORD-102782,08-08-2025,FY2025,Q3,August,South,Technology,Smartphone,Small Business,Amit,8,340585.3,246949.02,93636.28,44230.25,49406.03,380671.27,-40085.97,14.51,13.96,INR
ORD-103506,08-08-2025,FY2025,Q3,August,East,Furniture,Office Chair,Consumer,Rohit,10,383490.01,204068.72,179421.29,72598.18,106823.11,400163.34,-16673.33,27.86,20.43,INR
ORD-101636,09-08-2025,FY2025,Q3,August,East,Office Supplies,Notebook,Consumer,Neha,7,207855.67,113527.06,94328.6,37515.33,56813.27,207719.45,136.21,27.33,3.19,INR
ORD-103709,09-08-2025,FY2025,Q3,August,North,Furniture,Conference Table,Consumer,Rahul,15,572455.21,414638.8,157816.41,52749.41,105066.99,633508.18,-61052.97,18.35,-7.92,INR
ORD-104644,09-08-2025,FY2025,Q3,August,Central,Furniture,Office Chair,Corporate,Rohit,10,398445.59,225032.74,173412.85,59407.01,114005.83,360085.91,38359.68,28.61,-4.87,INR
ORD-102810,09-08-2025,FY2025,Q3,August,North,Healthcare,Thermometer,Consumer,Rahul,8,368841.83,197527.58,171314.26,39495.19,131819.06,356767.66,12074.18,35.74,19.04,INR
ORD-100908,09-08-2025,FY2025,Q3,August,South,Consumer Goods,Calculator,Consumer,Priya,19,69270.78,50227.78,19043,10307.69,8735.31,75034.66,-5763.88,12.61,19.55,INR
ORD-100143,09-08-2025,FY2025,Q3,August,Central,Technology,Smartphone,Small Business,Anjali,15,384855.36,290656,94199.36,71302.43,22896.93,429466.39,-44611.04,5.95,14.82,INR
ORD-101184,09-08-2025,FY2025,Q3,August,Central,Furniture,Office Chair,Corporate,Neha,4,4027.12,2673.5,1353.62,613.48,740.14,4030.06,-2.93,18.38,-2.79,INR
ORD-102310,10-08-2025,FY2025,Q3,August,West,Consumer Goods,Backpack,Corporate,Rahul,8,187874.85,119156,68718.85,28299.21,40419.64,189958.79,-2083.93,21.51,1.56,INR
ORD-104209,10-08-2025,FY2025,Q3,August,Central,Consumer Goods,Backpack,Consumer,Rohit,6,114389.28,76016.91,38372.37,25085.45,13286.92,103253.22,11136.06,11.62,8.14,INR
ORD-103892,10-08-2025,FY2025,Q3,August,Central,Furniture,Bookshelf,Consumer,Anjali,2,57375,42120.69,15254.31,7197.53,8056.78,56299.61,1075.39,14.04,7.88,INR
ORD-104607,11-08-2025,FY2025,Q3,August,East,Technology,Laptop,Corporate,Priya,9,219626.62,156200.59,63426.03,31895.66,31530.38,224899.02,-5272.4,14.36,21.17,INR
ORD-100449,11-08-2025,FY2025,Q3,August,East,Furniture,Bookshelf,Consumer,Anjali,18,628226.25,385402.7,242823.56,130193.74,112629.81,633593.82,-5367.57,17.93,-7.03,INR
ORD-102182,11-08-2025,FY2025,Q3,August,South,Furniture,Bookshelf,Consumer,Anjali,11,536060.71,346424.17,189636.54,95061.31,94575.23,524984.17,11076.53,17.64,15.42,INR
ORD-100882,12-08-2025,FY2025,Q3,August,South,Technology,Laptop,Consumer,Anjali,20,825588.25,516842.01,308746.24,149581.1,159165.14,814469.18,11119.06,19.28,10.82,INR
ORD-101192,12-08-2025,FY2025,Q3,August,East,Technology,Laptop,Consumer,Amit,6,175329.45,113908.04,61421.4,15055.93,46365.47,158421.15,16908.3,26.44,9.8,INR
ORD-100222,12-08-2025,FY2025,Q3,August,South,Office Supplies,Paper Pack,Corporate,Rahul,19,486531.1,301057.28,185473.82,89804.37,95669.44,523113.46,-36582.36,19.66,23.5,INR
ORD-103546,12-08-2025,FY2025,Q3,August,South,Office Supplies,Stapler,Corporate,Anjali,8,95296.49,72845.29,22451.19,20893.12,1558.07,87173.95,8122.54,1.63,12.79,INR
ORD-100171,12-08-2025,FY2025,Q3,August,North,Healthcare,First Aid Box,Consumer,Amit,7,138444.83,94556.3,43888.53,27846.52,16042,137189.93,1254.9,11.59,-3.97,INR
ORD-103708,12-08-2025,FY2025,Q3,August,South,Consumer Goods,Headphones,Corporate,Vikas,14,522201.21,392415.16,129786.05,72396.79,57389.26,471495.27,50705.94,10.99,14.52,INR
ORD-104848,13-08-2025,FY2025,Q3,August,North,Technology,Tablet,Consumer,Priya,14,242347.25,149134.53,93212.71,35683.13,57529.58,225913.09,16434.16,23.74,-7.24,INR
ORD-101333,13-08-2025,FY2025,Q3,August,South,Furniture,Cabinet,Small Business,Neha,18,471648.79,290837.96,180810.83,47462.92,133347.9,495672.5,-24023.71,28.27,8.6,INR
ORD-101435,13-08-2025,FY2025,Q3,August,West,Consumer Goods,Calculator,Small Business,Amit,1,13058.34,7483.82,5574.52,2031.01,3543.52,14112.91,-1054.57,27.14,4.79,INR
ORD-104793,13-08-2025,FY2025,Q3,August,South,Office Supplies,Notebook,Consumer,Priya,1,31987.86,18518.67,13469.19,5161.24,8307.94,34640.97,-2653.11,25.97,13.79,INR
ORD-100014,13-08-2025,FY2025,Q3,August,North,Office Supplies,Paper Pack,Consumer,Amit,1,30049.09,22744.87,7304.22,2958.61,4345.6,33221.09,-3172,14.46,18.57,INR
ORD-100045,13-08-2025,FY2025,Q3,August,South,Furniture,Cabinet,Consumer,Vikas,15,258346.66,197616.22,60730.43,30860.21,29870.22,242375.31,15971.35,11.56,7.46,INR
ORD-101906,13-08-2025,FY2025,Q3,August,Central,Furniture,Cabinet,Small Business,Neha,2,33930.99,19803.92,14127.07,6638.52,7488.55,31702.01,2228.98,22.07,13.74,INR
ORD-101701,13-08-2025,FY2025,Q3,August,Central,Consumer Goods,Water Bottle,Small Business,Sneha,9,90538.19,62096.8,28441.39,19801.16,8640.22,89084.61,1453.58,9.54,4.91,INR
ORD-100376,14-08-2025,FY2025,Q3,August,East,Office Supplies,File Folder,Consumer,Sneha,13,261220.99,149934.24,111286.75,49406.02,61880.73,246622.17,14598.82,23.69,-4.84,INR
ORD-100212,14-08-2025,FY2025,Q3,August,North,Furniture,Conference Table,Small Business,Priya,3,100990.75,77544.76,23445.99,18795.03,4650.95,106102.51,-5111.77,4.61,-3.81,INR
ORD-101428,14-08-2025,FY2025,Q3,August,East,Technology,Tablet,Small Business,Amit,12,197597.63,116104.59,81493.03,43154.39,38338.64,179379.34,18218.29,19.4,-0.72,INR
ORD-101497,14-08-2025,FY2025,Q3,August,South,Healthcare,BP Monitor,Corporate,Priya,19,158239.57,106723.57,51516,14249.32,37266.68,163503.72,-5264.15,23.55,-2.14,INR
ORD-103604,14-08-2025,FY2025,Q3,August,West,Technology,Tablet,Corporate,Vikas,19,715826.95,466338.99,249487.96,129682.65,119805.31,760225.5,-44398.55,16.74,19.95,INR
ORD-101063,14-08-2025,FY2025,Q3,August,West,Furniture,Cabinet,Consumer,Amit,15,735068.56,411237,323831.57,155109.35,168722.21,666427.87,68640.69,22.95,-4.79,INR
ORD-102484,14-08-2025,FY2025,Q3,August,Central,Furniture,Bookshelf,Corporate,Vikas,7,43851.57,25392.67,18458.91,8536.88,9922.02,44846.9,-995.33,22.63,7.51,INR
ORD-100029,15-08-2025,FY2025,Q3,August,East,Technology,Printer,Consumer,Rohit,3,70251.64,39615.94,30635.7,15112.82,15522.88,67626.21,2625.44,22.1,-7.47,INR
ORD-101040,15-08-2025,FY2025,Q3,August,South,Furniture,Bookshelf,Corporate,Neha,1,37459.93,25317.2,12142.72,5996.64,6146.08,36736.83,723.1,16.41,14.54,INR
ORD-100348,15-08-2025,FY2025,Q3,August,East,Furniture,Conference Table,Consumer,Amit,4,146276.44,79498.94,66777.49,13868.6,52908.89,141755.39,4521.05,36.17,18.61,INR
ORD-103424,15-08-2025,FY2025,Q3,August,East,Office Supplies,Pen Set,Small Business,Rohit,6,76688.1,53388.68,23299.42,9435.38,13864.04,73586.18,3101.92,18.08,24.81,INR
ORD-101124,15-08-2025,FY2025,Q3,August,South,Furniture,Desk,Consumer,Priya,18,493676.95,334679.76,158997.19,103388.85,55608.34,446868.82,46808.12,11.26,16.58,INR
ORD-100842,15-08-2025,FY2025,Q3,August,East,Technology,Monitor,Consumer,Neha,15,134701.95,83990.04,50711.91,25682.45,25029.46,137303.27,-2601.33,18.58,0.53,INR
ORD-100027,15-08-2025,FY2025,Q3,August,South,Furniture,Office Chair,Corporate,Priya,4,107749.83,66443.72,41306.12,20435.86,20870.25,100388.13,7361.71,19.37,17.45,INR
ORD-101632,16-08-2025,FY2025,Q3,August,North,Technology,Laptop,Consumer,Anjali,18,109054.6,64864.97,44189.63,22899.01,21290.61,102938.23,6116.37,19.52,1.14,INR
ORD-102506,16-08-2025,FY2025,Q3,August,South,Technology,Laptop,Small Business,Rahul,17,368049.31,202679.31,165369.99,70040.15,95329.84,392241.44,-24192.13,25.9,14.87,INR
ORD-100516,16-08-2025,FY2025,Q3,August,Central,Furniture,Cabinet,Consumer,Amit,15,295425.77,193295.56,102130.21,41267.22,60862.99,276779.09,18646.68,20.6,-4.7,INR
ORD-104151,16-08-2025,FY2025,Q3,August,West,Consumer Goods,Water Bottle,Small Business,Neha,19,33104.06,20374.27,12729.79,4869.19,7860.6,30180.16,2923.9,23.75,-6.24,INR
ORD-104026,17-08-2025,FY2025,Q3,August,West,Consumer Goods,Backpack,Corporate,Sneha,1,43402.58,31047.57,12355.01,8223.27,4131.74,43155.68,246.89,9.52,10.68,INR
ORD-102205,17-08-2025,FY2025,Q3,August,South,Furniture,Cabinet,Corporate,Sneha,8,142425.01,92815.38,49609.63,27344.53,22265.1,128185.44,14239.57,15.63,19.59,INR
ORD-100235,17-08-2025,FY2025,Q3,August,South,Technology,Printer,Consumer,Anjali,18,404821.33,229789.3,175032.04,69122.53,105909.51,434103.42,-29282.09,26.16,8.98,INR
ORD-101322,17-08-2025,FY2025,Q3,August,West,Technology,Printer,Consumer,Rahul,1,6823.28,4401.53,2421.75,914.45,1507.3,7265.21,-441.93,22.09,10.02,INR
ORD-100101,18-08-2025,FY2025,Q3,August,South,Furniture,Bookshelf,Consumer,Amit,7,48885.23,34999.28,13885.95,5348.1,8537.85,47126.8,1758.43,17.47,3.02,INR
ORD-104979,18-08-2025,FY2025,Q3,August,North,Technology,Laptop,Small Business,Rahul,10,200650.73,151754.16,48896.57,41882.01,7014.56,201622.93,-972.2,3.5,-6.32,INR
ORD-103003,18-08-2025,FY2025,Q3,August,East,Furniture,Bookshelf,Consumer,Vikas,11,541943.69,359998.89,181944.81,113786.03,68158.77,564028.33,-22084.63,12.58,6.81,INR
ORD-101581,19-08-2025,FY2025,Q3,August,North,Healthcare,First Aid Box,Corporate,Amit,8,269397.07,147906.21,121490.85,31754.6,89736.26,280141.7,-10744.63,33.31,24.12,INR
ORD-104119,19-08-2025,FY2025,Q3,August,East,Furniture,Bookshelf,Corporate,Anjali,7,256432.73,168669.85,87762.88,24801.59,62961.29,247369.08,9063.65,24.55,22.89,INR
ORD-103470,19-08-2025,FY2025,Q3,August,North,Consumer Goods,Water Bottle,Small Business,Neha,1,16664.61,9250.47,7414.14,3585.29,3828.85,17608.54,-943.93,22.98,23.58,INR
ORD-100267,19-08-2025,FY2025,Q3,August,Central,Furniture,Desk,Consumer,Anjali,4,187273.66,127464.11,59809.55,38720.71,21088.84,195547.93,-8274.27,11.26,-4.48,INR
ORD-101940,19-08-2025,FY2025,Q3,August,South,Healthcare,First Aid Box,Small Business,Amit,16,293135.01,208478.04,84656.97,55582.13,29074.84,264719.18,28415.84,9.92,4.56,INR
ORD-104331,19-08-2025,FY2025,Q3,August,South,Office Supplies,Stapler,Corporate,Vikas,9,273014.4,182035.18,90979.22,39807.98,51171.24,290020.9,-17006.51,18.74,22.4,INR
ORD-103290,20-08-2025,FY2025,Q3,August,Central,Consumer Goods,Backpack,Small Business,Amit,20,266039.14,196206.1,69833.04,22218.24,47614.8,263843.81,2195.33,17.9,1.05,INR
ORD-103127,20-08-2025,FY2025,Q3,August,East,Furniture,Conference Table,Corporate,Rahul,19,447590.22,276213.74,171376.48,95840.55,75535.93,418587.41,29002.81,16.88,-3.32,INR
ORD-101943,20-08-2025,FY2025,Q3,August,South,Consumer Goods,Water Bottle,Corporate,Amit,13,589012.24,349106.35,239905.89,96627.57,143278.32,557453.65,31558.59,24.33,-2.38,INR
ORD-103347,20-08-2025,FY2025,Q3,August,North,Technology,Laptop,Consumer,Amit,10,91230.01,65427.09,25802.92,19951.51,5851.4,89553.26,1676.74,6.41,13.82,INR
ORD-104509,20-08-2025,FY2025,Q3,August,South,Technology,Smartphone,Corporate,Sneha,8,208105.12,110156.45,97948.67,25405.76,72542.9,220870.54,-12765.42,34.86,-4.59,INR
ORD-101616,21-08-2025,FY2025,Q3,August,West,Furniture,Bookshelf,Consumer,Amit,1,32570.42,19927.17,12643.25,4050.6,8592.64,30428.73,2141.69,26.38,23.34,INR
ORD-101800,21-08-2025,FY2025,Q3,August,North,Furniture,Desk,Corporate,Amit,6,33033.25,22356.4,10676.85,6316.17,4360.69,30670.9,2362.35,13.2,8.69,INR
ORD-103351,21-08-2025,FY2025,Q3,August,West,Consumer Goods,Headphones,Small Business,Neha,1,20559.69,11134.12,9425.57,4405.29,5020.28,20795.8,-236.1,24.42,-0.92,INR
ORD-101149,21-08-2025,FY2025,Q3,August,South,Office Supplies,File Folder,Corporate,Neha,3,55790.54,38113.99,17676.55,7847.22,9829.33,56690.64,-900.1,17.62,13.59,INR
ORD-104652,22-08-2025,FY2025,Q3,August,West,Office Supplies,Stapler,Consumer,Rohit,18,578796.19,336483.48,242312.71,96550.66,145762.05,535792.95,43003.24,25.18,2.09,INR
ORD-104262,22-08-2025,FY2025,Q3,August,South,Technology,Laptop,Consumer,Priya,7,129788.82,92672.34,37116.48,12621.16,24495.33,141523.93,-11735.11,18.87,15.36,INR
ORD-104390,22-08-2025,FY2025,Q3,August,North,Furniture,Desk,Consumer,Vikas,17,150067.33,110287.61,39779.72,31845.49,7934.23,161939.14,-11871.81,5.29,24.63,INR
ORD-102272,23-08-2025,FY2025,Q3,August,North,Consumer Goods,Water Bottle,Consumer,Priya,3,128026.18,98110.53,29915.65,21180.94,8734.7,122415.11,5611.07,6.82,12.41,INR
ORD-102187,23-08-2025,FY2025,Q3,August,North,Healthcare,Medical Kit,Consumer,Amit,6,188756.27,98302.18,90454.09,34346.45,56107.64,189300.81,-544.54,29.72,-7.44,INR
ORD-100896,24-08-2025,FY2025,Q3,August,East,Technology,Printer,Corporate,Vikas,16,32155.52,21940.29,10215.22,4115.33,6099.89,32273.86,-118.34,18.97,22.79,INR
ORD-104901,24-08-2025,FY2025,Q3,August,South,Technology,Laptop,Corporate,Anjali,16,223860.02,126744.71,97115.31,44217.62,52897.69,209502.79,14357.24,23.63,20.96,INR
ORD-103941,25-08-2025,FY2025,Q3,August,North,Healthcare,Thermometer,Corporate,Vikas,1,9346.69,5144.75,4201.94,1193.73,3008.21,8598.68,748.02,32.18,19.04,INR
ORD-100501,25-08-2025,FY2025,Q3,August,South,Consumer Goods,Travel Bag,Consumer,Rohit,18,48557.33,26253.7,22303.64,9618.59,12685.04,52496.76,-3939.43,26.12,9.5,INR
ORD-101578,25-08-2025,FY2025,Q3,August,West,Office Supplies,Paper Pack,Consumer,Vikas,19,573993.91,361753.73,212240.18,47966.78,164273.41,625148.58,-51154.67,28.62,20.95,INR
ORD-102332,25-08-2025,FY2025,Q3,August,Central,Furniture,Conference Table,Corporate,Sneha,7,281195.64,166707.88,114487.76,35661.83,78825.93,310408.03,-29212.4,28.03,1.81,INR
ORD-101674,26-08-2025,FY2025,Q3,August,East,Furniture,Office Chair,Corporate,Priya,18,462405.61,352845.36,109560.26,97410.82,12149.43,503277.41,-40871.8,2.63,-4.45,INR
ORD-100867,26-08-2025,FY2025,Q3,August,South,Technology,Smartphone,Consumer,Sneha,13,15438.3,8088.26,7350.04,2255.64,5094.4,16995.01,-1556.71,33,19.88,INR
ORD-101757,26-08-2025,FY2025,Q3,August,East,Consumer Goods,Headphones,Consumer,Rahul,2,42313.29,27659.16,14654.13,8627.4,6026.72,38345.88,3967.41,14.24,23.95,INR
ORD-101499,26-08-2025,FY2025,Q3,August,Central,Technology,Laptop,Small Business,Rahul,3,90901.69,55360.05,35541.65,8487.16,27054.49,99991.59,-9089.9,29.76,-7.54,INR
ORD-100390,27-08-2025,FY2025,Q3,August,West,Office Supplies,Paper Pack,Small Business,Neha,4,138576.98,94137.72,44439.26,29081.66,15357.61,142013.7,-3436.72,11.08,3.74,INR
ORD-104243,27-08-2025,FY2025,Q3,August,North,Office Supplies,Stapler,Consumer,Sneha,13,376601.59,249811.36,126790.23,50109.27,76680.96,344564.63,32036.96,20.36,-6.4,INR
ORD-101558,28-08-2025,FY2025,Q3,August,West,Office Supplies,File Folder,Consumer,Neha,18,525861.92,345179.96,180681.96,113063.76,67618.19,504388.02,21473.89,12.86,5.11,INR
ORD-102092,28-08-2025,FY2025,Q3,August,West,Technology,Smartphone,Corporate,Neha,19,720969.99,559915.62,161054.37,69167.58,91886.78,733055.88,-12085.89,12.74,4.47,INR
ORD-100497,28-08-2025,FY2025,Q3,August,North,Consumer Goods,Water Bottle,Consumer,Amit,8,27313.38,16844.39,10468.99,2197.92,8271.07,28744.48,-1431.09,30.28,19.78,INR
ORD-101400,28-08-2025,FY2025,Q3,August,Central,Office Supplies,File Folder,Corporate,Priya,15,59710.07,45300.97,14409.1,12263.43,2145.67,56552.63,3157.44,3.59,6.16,INR
ORD-100287,29-08-2025,FY2025,Q3,August,North,Consumer Goods,Travel Bag,Corporate,Priya,9,398199.56,229530.24,168669.32,80644.22,88025.1,365839.18,32360.37,22.11,13.52,INR
ORD-100503,29-08-2025,FY2025,Q3,August,East,Technology,Smartphone,Consumer,Neha,17,814248,472729.74,341518.26,170883.66,170634.6,733829.44,80418.56,20.96,16.13,INR
ORD-103780,29-08-2025,FY2025,Q3,August,Central,Consumer Goods,Water Bottle,Small Business,Amit,14,21950.63,15872.28,6078.35,2863.22,3215.13,22653.41,-702.79,14.65,4.31,INR
ORD-101487,29-08-2025,FY2025,Q3,August,East,Healthcare,Medical Kit,Corporate,Rahul,20,26102.42,16332.63,9769.79,3914.8,5854.99,27578.48,-1476.06,22.43,18.02,INR
ORD-101200,30-08-2025,FY2025,Q3,August,East,Technology,Tablet,Consumer,Sneha,10,65711.73,41501.94,24209.79,14001.9,10207.89,61866.48,3845.25,15.53,-2.69,INR
ORD-101202,30-08-2025,FY2025,Q3,August,North,Healthcare,Thermometer,Small Business,Sneha,11,128699.83,81230.87,47468.96,11712.37,35756.59,118565.41,10134.43,27.78,6.14,INR
ORD-104999,30-08-2025,FY2025,Q3,August,South,Consumer Goods,Water Bottle,Consumer,Anjali,16,425536.12,270165.86,155370.26,36877.75,118492.51,404588.33,20947.79,27.85,-0.72,INR
ORD-102109,30-08-2025,FY2025,Q3,August,South,Office Supplies,File Folder,Consumer,Anjali,9,70761.15,46281.21,24479.93,9270.1,15209.83,67567.06,3194.08,21.49,17.29,INR
ORD-102864,30-08-2025,FY2025,Q3,August,West,Technology,Printer,Corporate,Sneha,20,809012.09,565951.62,243060.47,174224.23,68836.24,741669.2,67342.89,8.51,14.84,INR
ORD-104161,30-08-2025,FY2025,Q3,August,West,Healthcare,Gloves,Consumer,Priya,15,476295.25,285174.05,191121.21,86294.54,104826.67,487723.18,-11427.92,22.01,22.61,INR
ORD-100135,30-08-2025,FY2025,Q3,August,South,Consumer Goods,Headphones,Consumer,Amit,6,145506.59,107414.96,38091.64,13762.75,24328.89,155598.52,-10091.93,16.72,16.37,INR
ORD-103688,30-08-2025,FY2025,Q3,August,Central,Office Supplies,Paper Pack,Consumer,Vikas,7,330210.97,197385.72,132825.25,38190.23,94635.02,321220.72,8990.25,28.66,21.63,INR
ORD-104868,30-08-2025,FY2025,Q3,August,Central,Healthcare,Thermometer,Corporate,Priya,2,18486.82,13508.14,4978.67,1811.87,3166.8,20570.29,-2083.47,17.13,-0.73,INR
ORD-104929,30-08-2025,FY2025,Q3,August,Central,Furniture,Cabinet,Corporate,Sneha,16,576710.73,326001.64,250709.09,63426.47,187282.62,564408.63,12302.1,32.47,9.34,INR
ORD-104681,30-08-2025,FY2025,Q3,August,South,Technology,Laptop,Consumer,Amit,6,185577,133137.74,52439.26,35225.01,17214.25,185478.52,98.49,9.28,23.4,INR
ORD-101579,31-08-2025,FY2025,Q3,August,North,Technology,Monitor,Small Business,Amit,8,325537.99,226609.55,98928.43,57052.68,41875.75,333831.69,-8293.71,12.86,20.91,INR
ORD-102650,31-08-2025,FY2025,Q3,August,East,Technology,Laptop,Consumer,Neha,15,18257.85,12208.28,6049.56,1836.9,4212.66,19424.49,-1166.64,23.07,-3.57,INR
ORD-103409,31-08-2025,FY2025,Q3,August,Central,Healthcare,Medical Kit,Small Business,Neha,16,198269.07,129097.3,69171.77,17807.11,51364.66,220340.25,-22071.17,25.91,-2.74,INR
ORD-104947,31-08-2025,FY2025,Q3,August,Central,Healthcare,Gloves,Small Business,Amit,10,162242.31,116726.89,45515.41,27043.53,18471.89,165105.02,-2862.72,11.39,-0.95,INR
ORD-101297,31-08-2025,FY2025,Q3,August,South,Office Supplies,Stapler,Small Business,Neha,3,36706.59,22492.08,14214.51,4960.34,9254.17,38476.38,-1769.79,25.21,14.34,INR
ORD-103335,31-08-2025,FY2025,Q3,August,East,Healthcare,Gloves,Consumer,Anjali,6,157893.77,107436.18,50457.59,15842.65,34614.93,155622.81,2270.96,21.92,-6.88,INR
ORD-103890,31-08-2025,FY2025,Q3,August,West,Consumer Goods,Headphones,Consumer,Rahul,20,354451.28,223903,130548.28,53368.14,77180.14,325864.72,28586.56,21.77,19.37,INR
ORD-102721,31-08-2025,FY2025,Q3,August,South,Technology,Tablet,Consumer,Sneha,12,358765.45,242934.99,115830.46,40365.22,75465.24,335349.47,23415.98,21.03,-7.27,INR
ORD-103575,01-09-2025,FY2025,Q3,September,North,Consumer Goods,Backpack,Small Business,Rahul,18,203669.09,110733.74,92935.35,16771.3,76164.05,189337.9,14331.19,37.4,-6.53,INR
ORD-101592,01-09-2025,FY2025,Q3,September,West,Healthcare,Medical Kit,Corporate,Vikas,11,112478.81,82995.42,29483.4,15644.29,13839.11,125632.36,-13153.54,12.3,20.31,INR
ORD-101194,01-09-2025,FY2025,Q3,September,North,Consumer Goods,Water Bottle,Consumer,Anjali,12,202658.39,144837.48,57820.92,24184.8,33636.12,217539.11,-14880.71,16.6,-2.93,INR
ORD-103987,01-09-2025,FY2025,Q3,September,East,Technology,Printer,Corporate,Neha,1,13839.91,8132.67,5707.24,2570.65,3136.6,15285.43,-1445.52,22.66,21.82,INR
ORD-104620,01-09-2025,FY2025,Q3,September,West,Healthcare,Medical Kit,Consumer,Anjali,10,474783.33,286469.84,188313.49,88577.12,99736.37,464862.41,9920.92,21.01,13.65,INR
ORD-104125,02-09-2025,FY2025,Q3,September,North,Technology,Tablet,Consumer,Neha,11,97898.55,67144.56,30754,13390.86,17363.14,99215.89,-1317.34,17.74,17.57,INR
ORD-101071,02-09-2025,FY2025,Q3,September,South,Furniture,Desk,Consumer,Rahul,19,499750.9,352952.56,146798.34,103935,42863.34,459811.91,39938.99,8.58,2.73,INR
ORD-103706,02-09-2025,FY2025,Q3,September,South,Office Supplies,Stapler,Corporate,Rahul,3,6208.65,4748.22,1460.43,567.31,893.12,5672.69,535.96,14.39,22.02,INR
ORD-100025,02-09-2025,FY2025,Q3,September,West,Consumer Goods,Travel Bag,Consumer,Neha,9,111052.36,59586.73,51465.62,18790.48,32675.14,113927.57,-2875.21,29.42,20.16,INR
ORD-102410,03-09-2025,FY2025,Q3,September,West,Healthcare,Thermometer,Consumer,Vikas,20,434904.1,276758.44,158145.67,40737.24,117408.43,484670.59,-49766.48,27,-1.32,INR
ORD-103094,03-09-2025,FY2025,Q3,September,South,Consumer Goods,Travel Bag,Corporate,Rohit,11,380871.25,246629.85,134241.4,62174.32,72067.08,342940.26,37930.99,18.92,10.88,INR
ORD-103930,03-09-2025,FY2025,Q3,September,East,Technology,Monitor,Consumer,Sneha,4,164157.47,102378.93,61778.54,16493.36,45285.18,178443.15,-14285.68,27.59,3.45,INR
ORD-102631,03-09-2025,FY2025,Q3,September,North,Technology,Monitor,Consumer,Rohit,8,233519.3,127839.16,105680.14,33553.12,72127.02,218202.7,15316.61,30.89,22.22,INR
ORD-104199,04-09-2025,FY2025,Q3,September,Central,Office Supplies,Paper Pack,Consumer,Rahul,19,372798.21,255113.04,117685.17,30526.59,87158.58,384326.93,-11528.72,23.38,24.56,INR
ORD-101401,04-09-2025,FY2025,Q3,September,South,Office Supplies,Stapler,Consumer,Priya,1,44540.66,25470.8,19069.86,9070.63,9999.22,49805.53,-5264.87,22.45,15.49,INR
ORD-101742,04-09-2025,FY2025,Q3,September,West,Furniture,Bookshelf,Corporate,Priya,4,70315.87,40391.94,29923.93,14928.51,14995.41,64561.64,5754.22,21.33,-4.43,INR
ORD-100405,04-09-2025,FY2025,Q3,September,West,Furniture,Bookshelf,Consumer,Neha,7,209131.03,153928.8,55202.22,36066.49,19135.73,228928.36,-19797.34,9.15,-7.37,INR
ORD-103808,05-09-2025,FY2025,Q3,September,South,Healthcare,Thermometer,Consumer,Vikas,14,176654.39,122264.38,54390.01,32334.16,22055.85,181044.5,-4390.12,12.49,20.12,INR
ORD-104154,05-09-2025,FY2025,Q3,September,South,Office Supplies,Stapler,Corporate,Rohit,7,220592.22,130899.62,89692.6,20373.37,69319.22,216505.91,4086.31,31.42,18.19,INR
ORD-102793,05-09-2025,FY2025,Q3,September,East,Consumer Goods,Headphones,Small Business,Neha,14,355948.11,236499.54,119448.57,52950.08,66498.49,323060.8,32887.31,18.68,18.88,INR
ORD-104847,05-09-2025,FY2025,Q3,September,East,Furniture,Bookshelf,Consumer,Priya,16,313767.7,180388.13,133379.57,33715.62,99663.95,282884.28,30883.42,31.76,12.64,INR
ORD-102992,06-09-2025,FY2025,Q3,September,East,Healthcare,Medical Kit,Corporate,Rohit,4,46712.63,31049.12,15663.5,5558.6,10104.9,47575.98,-863.36,21.63,14.48,INR
ORD-102370,06-09-2025,FY2025,Q3,September,South,Consumer Goods,Calculator,Small Business,Rahul,6,134601.27,90111.67,44489.6,24840.97,19648.63,123822.05,10779.22,14.6,6.42,INR
ORD-101731,06-09-2025,FY2025,Q3,September,East,Office Supplies,Stapler,Small Business,Anjali,18,303008.28,187126.4,115881.89,30802.59,85079.3,311665.27,-8656.99,28.08,-6.26,INR
ORD-102888,06-09-2025,FY2025,Q3,September,East,Technology,Laptop,Small Business,Rahul,10,110807.79,70607.7,40200.09,14243.62,25956.46,118045.2,-7237.42,23.42,7.83,INR
ORD-100258,07-09-2025,FY2025,Q3,September,West,Technology,Printer,Consumer,Rahul,16,666030.26,406688.27,259341.98,83439.95,175902.03,611198.47,54831.78,26.41,-5.71,INR
ORD-101017,07-09-2025,FY2025,Q3,September,North,Technology,Tablet,Small Business,Amit,1,8772.33,4851.46,3920.87,1292.76,2628.11,9271.06,-498.73,29.96,16.13,INR
ORD-102304,07-09-2025,FY2025,Q3,September,East,Office Supplies,File Folder,Corporate,Amit,13,242636.9,138804.68,103832.23,39626.57,64205.66,240432.04,2204.86,26.46,7.71,INR
ORD-103790,07-09-2025,FY2025,Q3,September,West,Office Supplies,Paper Pack,Small Business,Amit,1,28862.47,19011.55,9850.92,4364.32,5486.6,31534.02,-2671.55,19.01,-0.81,INR
ORD-101080,07-09-2025,FY2025,Q3,September,North,Consumer Goods,Headphones,Corporate,Anjali,17,514344.49,348962.97,165381.53,82880.12,82501.4,507179,7165.49,16.04,-6.78,INR
ORD-104233,07-09-2025,FY2025,Q3,September,West,Office Supplies,Pen Set,Consumer,Neha,3,126062.74,65930.53,60132.21,24075.96,36056.25,129205.64,-3142.9,28.6,21.19,INR
ORD-102298,08-09-2025,FY2025,Q3,September,South,Technology,Tablet,Consumer,Rahul,11,255599.99,160934.9,94665.1,29401.18,65263.91,247839.49,7760.5,25.53,-3.75,INR
ORD-104068,08-09-2025,FY2025,Q3,September,Central,Office Supplies,Paper Pack,Corporate,Rohit,5,199950.05,120217.93,79732.12,22652.15,57079.96,197700.67,2249.37,28.55,12.12,INR
ORD-101847,08-09-2025,FY2025,Q3,September,North,Furniture,Office Chair,Corporate,Sneha,11,428663.45,315671.98,112991.47,89331.01,23660.46,465981.81,-37318.35,5.52,19.36,INR
ORD-101109,08-09-2025,FY2025,Q3,September,West,Office Supplies,Paper Pack,Consumer,Rohit,8,213379.51,142230.39,71149.12,23025.35,48123.77,198254.67,15124.83,22.55,3.88,INR
ORD-100163,08-09-2025,FY2025,Q3,September,West,Technology,Laptop,Corporate,Rahul,11,20274.04,10820.67,9453.37,3693.48,5759.88,21330.47,-1056.42,28.41,8.07,INR
ORD-102872,09-09-2025,FY2025,Q3,September,South,Technology,Printer,Corporate,Vikas,10,71467.59,54640.26,16827.34,13233.04,3594.29,76629.94,-5162.35,5.03,-0.83,INR
ORD-100860,09-09-2025,FY2025,Q3,September,North,Technology,Monitor,Consumer,Rohit,12,374347.72,242709.79,131637.93,52229.34,79408.59,407997.68,-33649.96,21.21,21.93,INR
ORD-101105,09-09-2025,FY2025,Q3,September,North,Healthcare,First Aid Box,Corporate,Amit,12,353514.98,237016.52,116498.46,52647.5,63850.96,362101.62,-8586.65,18.06,0.84,INR
ORD-101825,09-09-2025,FY2025,Q3,September,East,Healthcare,Gloves,Small Business,Amit,12,302754.47,165755.39,136999.08,28426.47,108572.62,312283.01,-9528.54,35.86,7.72,INR
ORD-104930,10-09-2025,FY2025,Q3,September,West,Office Supplies,File Folder,Consumer,Vikas,17,456624.03,250026.46,206597.56,42684.24,163913.32,487314.94,-30690.91,35.9,-1.71,INR
ORD-101646,10-09-2025,FY2025,Q3,September,East,Office Supplies,Pen Set,Consumer,Priya,19,168982.9,118419.02,50563.87,37035.6,13528.28,159244.92,9737.98,8.01,-0.97,INR
ORD-102163,10-09-2025,FY2025,Q3,September,South,Technology,Tablet,Consumer,Priya,7,258547.8,184352.69,74195.11,22088.37,52106.75,263406.19,-4858.39,20.15,-5.02,INR
ORD-103990,10-09-2025,FY2025,Q3,September,South,Office Supplies,File Folder,Consumer,Anjali,18,9060.14,6434.62,2625.52,1107.24,1518.28,9486.9,-426.76,16.76,12.4,INR
ORD-100600,10-09-2025,FY2025,Q3,September,North,Healthcare,Gloves,Consumer,Rahul,14,72238.85,38423.81,33815.04,9486.28,24328.76,75995.43,-3756.58,33.68,-2.62,INR
ORD-100611,10-09-2025,FY2025,Q3,September,West,Technology,Laptop,Consumer,Priya,15,160191.58,113645.6,46545.98,31111.49,15434.49,178808.43,-18616.85,9.64,5.04,INR
ORD-101193,10-09-2025,FY2025,Q3,September,North,Consumer Goods,Headphones,Corporate,Amit,3,108505.2,78310.5,30194.7,19616.55,10578.16,113267.9,-4762.7,9.75,16.69,INR
ORD-103978,11-09-2025,FY2025,Q3,September,North,Furniture,Bookshelf,Consumer,Neha,8,165896.92,111255.98,54640.95,27106.97,27533.97,173180.87,-7283.95,16.6,-6.73,INR
ORD-101315,11-09-2025,FY2025,Q3,September,East,Healthcare,BP Monitor,Consumer,Sneha,14,590250.79,418650.2,171600.59,121913.65,49686.94,583055.64,7195.15,8.42,4.86,INR
ORD-102132,11-09-2025,FY2025,Q3,September,East,Furniture,Bookshelf,Consumer,Amit,19,123839.43,94320.82,29518.61,18093.55,11425.06,121330.82,2508.6,9.23,18.51,INR
ORD-100843,11-09-2025,FY2025,Q3,September,Central,Consumer Goods,Water Bottle,Consumer,Sneha,9,325309.5,181921.04,143388.47,59484.2,83904.27,339342.11,-14032.6,25.79,24.02,INR
ORD-101969,11-09-2025,FY2025,Q3,September,East,Furniture,Conference Table,Corporate,Vikas,18,691816.04,394194,297622.04,87867.87,209754.17,728165.08,-36349.04,30.32,9.6,INR
ORD-103697,12-09-2025,FY2025,Q3,September,North,Consumer Goods,Travel Bag,Small Business,Rahul,2,16646.81,11215.76,5431.05,3505.21,1925.83,15817.66,829.15,11.57,16.32,INR
ORD-102524,12-09-2025,FY2025,Q3,September,North,Furniture,Bookshelf,Consumer,Rohit,18,450383.42,259724.44,190658.98,66660.93,123998.05,419793.47,30589.94,27.53,23.87,INR
ORD-101103,12-09-2025,FY2025,Q3,September,East,Consumer Goods,Travel Bag,Consumer,Anjali,20,476422.98,370836,105586.98,59788.2,45798.77,469025.6,7397.37,9.61,20.56,INR
ORD-102301,12-09-2025,FY2025,Q3,September,West,Office Supplies,File Folder,Corporate,Rohit,4,140866.99,94888.53,45978.46,30527.95,15450.52,145269.66,-4402.67,10.97,20.56,INR
ORD-104073,12-09-2025,FY2025,Q3,September,West,Technology,Tablet,Consumer,Amit,20,341942.7,198195.7,143747,60012.68,83734.32,326761.67,15181.02,24.49,7.31,INR
ORD-104444,13-09-2025,FY2025,Q3,September,East,Consumer Goods,Headphones,Corporate,Amit,1,20806.68,11465.97,9340.71,2134.96,7205.75,21240.4,-433.72,34.63,6.8,INR
ORD-101542,13-09-2025,FY2025,Q3,September,East,Consumer Goods,Headphones,Consumer,Sneha,1,15474.84,9719.46,5755.39,3054.45,2700.94,16810.59,-1335.75,17.45,-0.7,INR
ORD-101186,14-09-2025,FY2025,Q3,September,South,Healthcare,Thermometer,Small Business,Anjali,6,59160.18,35419.67,23740.51,11913.2,11827.31,65596.56,-6436.38,19.99,14.36,INR
ORD-101672,14-09-2025,FY2025,Q3,September,Central,Technology,Smartphone,Corporate,Priya,6,228281.39,133313.68,94967.71,24045.4,70922.3,212097.8,16183.59,31.07,0.93,INR
ORD-100922,14-09-2025,FY2025,Q3,September,West,Office Supplies,File Folder,Small Business,Rohit,16,735780.36,504336.84,231443.52,72650.62,158792.91,739558.94,-3778.58,21.58,8.36,INR
ORD-102488,14-09-2025,FY2025,Q3,September,East,Healthcare,Thermometer,Small Business,Amit,16,520903.56,302512.75,218390.82,101252.21,117138.6,500168.32,20735.24,22.49,24.65,INR
ORD-103332,14-09-2025,FY2025,Q3,September,West,Technology,Printer,Consumer,Anjali,7,311037.91,172326.38,138711.53,58065.04,80646.49,333743.99,-22706.08,25.93,13.39,INR
ORD-102395,14-09-2025,FY2025,Q3,September,East,Healthcare,Medical Kit,Corporate,Anjali,6,11239.44,7005.69,4233.75,1268.13,2965.62,12197.93,-958.49,26.39,22.92,INR
ORD-101301,15-09-2025,FY2025,Q3,September,South,Consumer Goods,Calculator,Consumer,Sneha,15,214496.19,141284.61,73211.58,40521.44,32690.14,201964.09,12532.1,15.24,0.2,INR
ORD-101807,15-09-2025,FY2025,Q3,September,South,Technology,Smartphone,Corporate,Priya,19,199196.55,137449.68,61746.87,37697.43,24049.45,211346.85,-12150.3,12.07,22.57,INR
ORD-104286,15-09-2025,FY2025,Q3,September,South,Technology,Laptop,Consumer,Rahul,5,245771.99,138611.86,107160.12,50555.45,56604.68,264249.32,-18477.33,23.03,13.63,INR
ORD-101256,15-09-2025,FY2025,Q3,September,Central,Office Supplies,Paper Pack,Consumer,Rohit,5,233675.84,157791.25,75884.59,39167.98,36716.61,237617.64,-3941.8,15.71,-6.39,INR
ORD-102496,16-09-2025,FY2025,Q3,September,North,Healthcare,BP Monitor,Small Business,Rahul,11,37474.64,28150.94,9323.69,4953.92,4369.77,37767.22,-292.58,11.66,1.6,INR
ORD-102928,16-09-2025,FY2025,Q3,September,South,Technology,Monitor,Consumer,Rohit,13,304348.34,161169.64,143178.69,51063.52,92115.18,280112.66,24235.67,30.27,20.47,INR
ORD-101091,16-09-2025,FY2025,Q3,September,South,Technology,Smartphone,Consumer,Vikas,11,287128.26,219033.45,68094.8,29952.66,38142.15,318980.81,-31852.55,13.28,22.6,INR
ORD-100905,16-09-2025,FY2025,Q3,September,South,Technology,Smartphone,Consumer,Rahul,5,91780.42,71093.09,20687.33,19783.56,903.77,96845.73,-5065.31,0.98,19.09,INR
ORD-100579,16-09-2025,FY2025,Q3,September,North,Office Supplies,Stapler,Consumer,Neha,17,605350.32,362762.09,242588.23,59663,182925.23,550983.64,54366.68,30.22,4.94,INR
ORD-103568,16-09-2025,FY2025,Q3,September,South,Consumer Goods,Calculator,Consumer,Amit,19,66171.98,37254.42,28917.57,11518.32,17399.25,63213.44,2958.54,26.29,23.61,INR
ORD-104818,16-09-2025,FY2025,Q3,September,North,Office Supplies,Stapler,Consumer,Vikas,19,649143.59,445973.46,203170.13,80056.79,123113.33,683814.84,-34671.25,18.97,-6.34,INR
ORD-102271,16-09-2025,FY2025,Q3,September,Central,Consumer Goods,Calculator,Consumer,Rohit,17,811719.16,442573.12,369146.04,119470.41,249675.63,780827.4,30891.76,30.76,1.1,INR
ORD-103533,17-09-2025,FY2025,Q3,September,South,Furniture,Cabinet,Consumer,Rohit,16,498610.82,351551.18,147059.64,98385.83,48673.81,449277.19,49333.62,9.76,21.8,INR
ORD-102755,17-09-2025,FY2025,Q3,September,West,Consumer Goods,Calculator,Small Business,Rohit,11,152361.67,97778.21,54583.46,17414.54,37168.92,167734.98,-15373.31,24.4,12.93,INR
ORD-103770,17-09-2025,FY2025,Q3,September,South,Office Supplies,Stapler,Corporate,Priya,2,63955.18,37122.51,26832.66,5833.16,20999.5,63812.23,142.95,32.83,19.59,INR
ORD-104660,18-09-2025,FY2025,Q3,September,South,Technology,Tablet,Consumer,Neha,7,145841,77054.42,68786.58,26820.19,41966.39,148491.48,-2650.48,28.78,2.88,INR
ORD-100311,18-09-2025,FY2025,Q3,September,North,Consumer Goods,Calculator,Consumer,Priya,18,190276.67,103612.03,86664.63,28573.8,58090.84,181425.88,8850.79,30.53,-6.64,INR
ORD-103628,18-09-2025,FY2025,Q3,September,West,Office Supplies,Notebook,Consumer,Rahul,19,124650.4,69185.17,55465.23,10489.64,44975.59,133365.75,-8715.35,36.08,19.26,INR
ORD-101935,18-09-2025,FY2025,Q3,September,Central,Technology,Tablet,Consumer,Amit,19,144547.24,93503.58,51043.66,16649.42,34394.24,134743.21,9804.03,23.79,11.33,INR
ORD-104316,18-09-2025,FY2025,Q3,September,West,Furniture,Office Chair,Consumer,Amit,18,449773.56,305315.03,144458.53,90379.47,54079.07,459595.25,-9821.69,12.02,20.29,INR
ORD-100844,19-09-2025,FY2025,Q3,September,North,Furniture,Bookshelf,Consumer,Anjali,17,417103.79,266925.72,150178.07,64279.53,85898.54,429759.37,-12655.58,20.59,10.11,INR
ORD-103142,19-09-2025,FY2025,Q3,September,Central,Consumer Goods,Travel Bag,Small Business,Amit,6,68036.6,36965.23,31071.37,7163.84,23907.53,73817.5,-5780.9,35.14,16.31,INR
ORD-101661,19-09-2025,FY2025,Q3,September,West,Furniture,Bookshelf,Corporate,Anjali,14,499139.34,312515.69,186623.65,44080.29,142543.37,499385.29,-245.95,28.56,12.57,INR
ORD-100304,19-09-2025,FY2025,Q3,September,South,Furniture,Cabinet,Consumer,Rohit,16,784459.75,509864.4,274595.35,115841.69,158753.66,864249.26,-79789.51,20.24,16.21,INR
ORD-100789,19-09-2025,FY2025,Q3,September,North,Office Supplies,Paper Pack,Small Business,Rohit,9,233373.46,149042.13,84331.34,27581.75,56749.58,240829.09,-7455.63,24.32,-1.63,INR
ORD-100255,19-09-2025,FY2025,Q3,September,West,Technology,Smartphone,Consumer,Priya,2,86099.65,49927.72,36171.92,17218.87,18953.06,90214.1,-4114.45,22.01,1.67,INR
ORD-103047,20-09-2025,FY2025,Q3,September,North,Technology,Printer,Corporate,Amit,8,101467.92,64820.88,36647.04,17782.36,18864.68,97545.49,3922.43,18.59,-7.65,INR
ORD-101252,20-09-2025,FY2025,Q3,September,Central,Consumer Goods,Water Bottle,Corporate,Sneha,8,379244.61,295316.25,83928.36,48377.42,35550.94,392108.61,-12864,9.37,20.04,INR
ORD-103646,20-09-2025,FY2025,Q3,September,South,Office Supplies,Pen Set,Consumer,Vikas,17,267845.33,143741.91,124103.42,38761.14,85342.27,254835.82,13009.5,31.86,7.25,INR
ORD-104666,20-09-2025,FY2025,Q3,September,Central,Office Supplies,Stapler,Consumer,Amit,16,467016.66,251608.89,215407.77,41423.62,173984.16,509195.61,-42178.95,37.25,14.9,INR
ORD-101375,20-09-2025,FY2025,Q3,September,West,Healthcare,Thermometer,Small Business,Rohit,10,487573.86,297779.71,189794.15,42078.84,147715.31,533428.89,-45855.03,30.3,9.49,INR
ORD-101799,20-09-2025,FY2025,Q3,September,East,Furniture,Bookshelf,Corporate,Neha,13,574552.08,350060.36,224491.71,118720.49,105771.22,587175.77,-12623.69,18.41,6.03,INR
ORD-101094,21-09-2025,FY2025,Q3,September,North,Consumer Goods,Calculator,Consumer,Rohit,6,91762.06,66906.09,24855.97,14877.31,9978.66,96205.9,-4443.84,10.87,16.98,INR
ORD-101868,21-09-2025,FY2025,Q3,September,East,Office Supplies,File Folder,Consumer,Neha,16,607485.7,323022.59,284463.11,95209.08,189254.03,593924.45,13561.25,31.15,20.16,INR
ORD-101097,21-09-2025,FY2025,Q3,September,North,Healthcare,First Aid Box,Consumer,Rohit,5,107729.05,56542.64,51186.41,15941.04,35245.37,100343.95,7385.1,32.72,15.03,INR
ORD-100058,22-09-2025,FY2025,Q3,September,North,Technology,Smartphone,Consumer,Rohit,15,572234.49,440014.43,132220.06,123419.36,8800.7,533303.17,38931.32,1.54,0.37,INR
ORD-102612,22-09-2025,FY2025,Q3,September,East,Office Supplies,Notebook,Consumer,Neha,9,157713.28,103504.4,54208.88,25238,28970.89,146248.24,11465.04,18.37,5.12,INR
ORD-100342,23-09-2025,FY2025,Q3,September,Central,Consumer Goods,Calculator,Corporate,Anjali,2,50816.63,29052.98,21763.66,6422.82,15340.83,48049,2767.64,30.19,22.08,INR
ORD-100808,23-09-2025,FY2025,Q3,September,South,Furniture,Conference Table,Consumer,Vikas,16,167299.01,114692.5,52606.5,28786.16,23820.34,177772.75,-10473.74,14.24,1.42,INR
ORD-100554,23-09-2025,FY2025,Q3,September,Central,Furniture,Cabinet,Consumer,Neha,11,21229.61,11752.44,9477.17,2140.58,7336.59,21081.92,147.69,34.56,2.52,INR
ORD-102079,24-09-2025,FY2025,Q3,September,South,Furniture,Desk,Consumer,Rahul,7,41168.62,25939.03,15229.58,7792.42,7437.17,40984.88,183.74,18.07,17.65,INR
ORD-102456,24-09-2025,FY2025,Q3,September,Central,Furniture,Bookshelf,Corporate,Rohit,14,376100.26,205487.05,170613.21,51516.16,119097.05,404068.67,-27968.4,31.67,13.24,INR
ORD-101004,24-09-2025,FY2025,Q3,September,South,Consumer Goods,Water Bottle,Corporate,Rohit,6,10731.7,6660.29,4071.41,1988.69,2082.72,11341.84,-610.14,19.41,21.78,INR
ORD-101683,25-09-2025,FY2025,Q3,September,West,Office Supplies,Paper Pack,Consumer,Neha,11,40032.91,26274.9,13758.02,3810.86,9947.16,41773.67,-1740.76,24.85,24.44,INR
ORD-104683,25-09-2025,FY2025,Q3,September,East,Furniture,Cabinet,Small Business,Amit,11,204398.91,107934.29,96464.63,22026.3,74438.33,225205.67,-20806.76,36.42,10,INR
ORD-104964,25-09-2025,FY2025,Q3,September,North,Office Supplies,File Folder,Consumer,Sneha,6,151851.31,105022.52,46828.78,29772.1,17056.69,158344.36,-6493.06,11.23,0.88,INR
ORD-101697,25-09-2025,FY2025,Q3,September,East,Office Supplies,File Folder,Consumer,Amit,19,575867.29,448309.28,127558.02,75759.68,51798.34,628056.44,-52189.15,8.99,23.84,INR
ORD-102620,25-09-2025,FY2025,Q3,September,North,Healthcare,Medical Kit,Consumer,Vikas,11,122354.16,70692.78,51661.38,17824.78,33836.61,133612.87,-11258.71,27.65,-2.86,INR
ORD-104216,25-09-2025,FY2025,Q3,September,East,Office Supplies,File Folder,Consumer,Priya,14,681359.6,412931.04,268428.57,59713.32,208715.25,709808.76,-28449.16,30.63,11.45,INR
ORD-103574,25-09-2025,FY2025,Q3,September,Central,Technology,Laptop,Consumer,Vikas,13,579733.26,446240.86,133492.39,107667.48,25824.91,551217.06,28516.2,4.45,2.35,INR
ORD-103147,26-09-2025,FY2025,Q3,September,East,Office Supplies,File Folder,Corporate,Anjali,5,172513.17,108415.68,64097.5,26108.19,37989.31,161072.34,11440.83,22.02,4.33,INR
ORD-104224,26-09-2025,FY2025,Q3,September,Central,Furniture,Office Chair,Consumer,Rahul,18,692846.81,467773.38,225073.43,115719.18,109354.25,631035.51,61811.3,15.78,18.6,INR
ORD-103663,27-09-2025,FY2025,Q3,September,North,Office Supplies,Pen Set,Consumer,Rohit,10,249972.83,166701.54,83271.3,33854.76,49416.53,227293.83,22679,19.77,16.03,INR
ORD-102221,27-09-2025,FY2025,Q3,September,South,Office Supplies,Notebook,Small Business,Neha,7,298456.18,199192.26,99263.92,30436.33,68827.59,297589.38,866.8,23.06,3.72,INR
ORD-101562,27-09-2025,FY2025,Q3,September,North,Healthcare,Thermometer,Consumer,Rohit,11,260326.38,171177.35,89149.03,25348.32,63800.71,257630.21,2696.17,24.51,3.15,INR
ORD-102390,27-09-2025,FY2025,Q3,September,West,Consumer Goods,Calculator,Small Business,Sneha,15,681406.44,500223.47,181182.98,122270.25,58912.73,676231.91,5174.53,8.65,6.81,INR
ORD-104163,28-09-2025,FY2025,Q3,September,South,Technology,Printer,Consumer,Anjali,11,478122.42,356551.31,121571.11,103255,18316.12,430575.28,47547.14,3.83,17.81,INR
ORD-103958,28-09-2025,FY2025,Q3,September,East,Technology,Laptop,Consumer,Priya,5,58791.55,43601.95,15189.6,8382.3,6807.29,63921.17,-5129.63,11.58,3.59,INR
ORD-103429,28-09-2025,FY2025,Q3,September,Central,Technology,Printer,Corporate,Rahul,7,133255.94,70546.9,62709.04,24916.72,37792.32,145530.37,-12274.44,28.36,21.76,INR
ORD-104124,28-09-2025,FY2025,Q3,September,South,Consumer Goods,Calculator,Corporate,Anjali,17,111888.54,72291.43,39597.11,21704.76,17892.35,117170.05,-5281.51,15.99,5.33,INR
ORD-104788,28-09-2025,FY2025,Q3,September,North,Technology,Laptop,Consumer,Amit,17,571810.09,301534.68,270275.41,58588.33,211687.08,605208.01,-33397.92,37.02,20.14,INR
ORD-100301,29-09-2025,FY2025,Q3,September,North,Consumer Goods,Calculator,Consumer,Priya,11,171838.63,107960.43,63878.19,33080.82,30797.37,191964.92,-20126.29,17.92,-0.15,INR
ORD-100891,29-09-2025,FY2025,Q3,September,East,Consumer Goods,Headphones,Small Business,Vikas,4,163082.66,122833.85,40248.82,22476.24,17772.57,178670.48,-15587.82,10.9,21.29,INR
ORD-100307,30-09-2025,FY2025,Q3,September,North,Furniture,Desk,Consumer,Rohit,9,201638.75,122550.38,79088.37,43266.76,35821.61,215275.5,-13636.75,17.77,4.6,INR
ORD-104089,30-09-2025,FY2025,Q3,September,Central,Technology,Monitor,Corporate,Priya,20,505425.44,268254.21,237171.22,88287.08,148884.14,547443.09,-42017.65,29.46,23.94,INR
ORD-102603,30-09-2025,FY2025,Q3,September,South,Office Supplies,Paper Pack,Consumer,Anjali,6,15305.08,10896.01,4409.08,2124.69,2284.39,14479.96,825.12,14.93,-2.36,INR
ORD-100847,30-09-2025,FY2025,Q3,September,South,Healthcare,Gloves,Corporate,Rahul,14,386339.59,221563.75,164775.84,57655.58,107120.26,352576.48,33763.12,27.73,24.45,INR
ORD-101601,01-10-2025,FY2025,Q4,October,South,Office Supplies,File Folder,Consumer,Anjali,20,95754.03,71705.1,24048.93,15892.74,8156.19,105778.18,-10024.15,8.52,23.16,INR
ORD-102492,01-10-2025,FY2025,Q4,October,South,Technology,Printer,Small Business,Rohit,10,313040.24,162997.51,150042.73,62221.26,87821.47,333417.48,-20377.24,28.05,-0.97,INR
ORD-104395,01-10-2025,FY2025,Q4,October,South,Furniture,Desk,Small Business,Amit,13,560713.71,323902.55,236811.15,109327.54,127483.61,518583.68,42130.03,22.74,-6.69,INR
ORD-101463,01-10-2025,FY2025,Q4,October,West,Furniture,Conference Table,Corporate,Anjali,18,889282.36,581089.96,308192.39,130092.56,178099.83,854682.33,34600.03,20.03,16.8,INR
ORD-101689,02-10-2025,FY2025,Q4,October,Central,Office Supplies,Stapler,Corporate,Vikas,6,247501.22,134349.32,113151.9,24237.28,88914.62,236272.87,11228.35,35.92,-6.44,INR
ORD-102901,03-10-2025,FY2025,Q4,October,West,Technology,Monitor,Consumer,Anjali,9,305146.75,166824.92,138321.83,26754.83,111567,330092.74,-24945.99,36.56,8.71,INR
ORD-102551,03-10-2025,FY2025,Q4,October,West,Furniture,Desk,Consumer,Priya,3,12108.88,6781.47,5327.41,2003.33,3324.08,13405.14,-1296.26,27.45,9.25,INR
ORD-100792,03-10-2025,FY2025,Q4,October,Central,Consumer Goods,Headphones,Corporate,Sneha,5,177953.89,120225.07,57728.82,27338.89,30389.93,195169.29,-17215.4,17.08,1.92,INR
ORD-103109,03-10-2025,FY2025,Q4,October,Central,Technology,Monitor,Consumer,Sneha,6,129044.19,99036.8,30007.39,26150.87,3856.52,139268.22,-10224.03,2.99,1.63,INR
ORD-100943,03-10-2025,FY2025,Q4,October,South,Office Supplies,Stapler,Corporate,Anjali,9,180316.85,97426.52,82890.33,25000.57,57889.77,180261.82,55.03,32.1,18.04,INR
ORD-101617,04-10-2025,FY2025,Q4,October,North,Technology,Monitor,Consumer,Anjali,1,30625.31,19064.26,11561.05,4666.17,6894.88,30180.04,445.27,22.51,12.79,INR
ORD-100849,04-10-2025,FY2025,Q4,October,South,Healthcare,First Aid Box,Corporate,Anjali,12,390073.24,296933.87,93139.37,77426.23,15713.14,408633.93,-18560.68,4.03,23.32,INR
ORD-103339,04-10-2025,FY2025,Q4,October,South,Consumer Goods,Calculator,Consumer,Rahul,1,45537.77,33326.54,12211.23,8667,3544.23,43054.09,2483.68,7.78,-7.95,INR
ORD-101248,04-10-2025,FY2025,Q4,October,South,Office Supplies,Pen Set,Consumer,Rohit,4,8024.35,6063.37,1960.99,1019.11,941.88,8695.96,-671.6,11.74,-4.12,INR
ORD-102589,04-10-2025,FY2025,Q4,October,West,Office Supplies,Stapler,Consumer,Rahul,17,366193.32,273610.12,92583.2,33581.33,59001.87,358233.26,7960.06,16.11,13.33,INR
ORD-101511,05-10-2025,FY2025,Q4,October,East,Consumer Goods,Headphones,Consumer,Amit,8,92063.11,65896.51,26166.6,10382.35,15784.24,99043.95,-6980.85,17.15,-3.31,INR
ORD-104006,05-10-2025,FY2025,Q4,October,West,Technology,Printer,Corporate,Sneha,5,80763.31,44964.47,35798.84,16045.99,19752.85,73008.36,7754.95,24.46,-3.1,INR
ORD-100406,05-10-2025,FY2025,Q4,October,East,Technology,Printer,Consumer,Anjali,10,390405.65,265146.46,125259.19,37623.8,87635.4,419652.08,-29246.43,22.45,4.4,INR
ORD-101308,05-10-2025,FY2025,Q4,October,Central,Consumer Goods,Water Bottle,Consumer,Rahul,6,21359.12,11234.28,10124.85,1991.35,8133.5,21240.43,118.69,38.08,6.48,INR
ORD-100346,05-10-2025,FY2025,Q4,October,Central,Consumer Goods,Backpack,Corporate,Rohit,14,83940.98,48511.97,35429.01,15602.68,19826.33,85715.49,-1774.51,23.62,16.45,INR
ORD-104524,05-10-2025,FY2025,Q4,October,North,Healthcare,Medical Kit,Consumer,Anjali,17,837162.63,484168.51,352994.12,175845.56,177148.56,851540.45,-14377.82,21.16,9.71,INR
ORD-100852,05-10-2025,FY2025,Q4,October,Central,Technology,Monitor,Small Business,Vikas,5,88874.46,52273.99,36600.47,7215.47,29385,83439.76,5434.7,33.06,-4.78,INR
ORD-101550,06-10-2025,FY2025,Q4,October,East,Healthcare,Gloves,Corporate,Rohit,4,24087.91,16661.24,7426.67,1945.03,5481.64,26795.21,-2707.31,22.76,16.51,INR
ORD-100919,06-10-2025,FY2025,Q4,October,Central,Healthcare,BP Monitor,Small Business,Neha,9,293584.24,188091.82,105492.42,26942.97,78549.44,320865.14,-27280.91,26.76,19.01,INR
ORD-102124,06-10-2025,FY2025,Q4,October,Central,Consumer Goods,Water Bottle,Consumer,Neha,4,163488.69,114023.53,49465.16,35407.29,14057.87,165518.71,-2030.03,8.6,21.2,INR
ORD-103373,07-10-2025,FY2025,Q4,October,Central,Healthcare,Gloves,Small Business,Neha,11,299643.84,157230.21,142413.64,65759.19,76654.45,279498.29,20145.55,25.58,2.6,INR
ORD-101817,07-10-2025,FY2025,Q4,October,North,Office Supplies,Stapler,Corporate,Vikas,10,478480.74,251914.12,226566.62,90455.54,136111.07,457810.56,20670.18,28.45,12.61,INR
ORD-104275,07-10-2025,FY2025,Q4,October,North,Furniture,Bookshelf,Small Business,Rohit,6,120867.77,92251.88,28615.89,20726.93,7888.96,111684.28,9183.49,6.53,19.36,INR
ORD-100349,08-10-2025,FY2025,Q4,October,South,Technology,Laptop,Small Business,Anjali,4,16013.19,9415.1,6598.09,3428.73,3169.36,16345.05,-331.86,19.79,12.35,INR
ORD-104254,08-10-2025,FY2025,Q4,October,South,Office Supplies,Paper Pack,Consumer,Rahul,4,153705.16,109116.38,44588.78,22974.73,21614.04,139399.59,14305.57,14.06,8.05,INR
ORD-103615,08-10-2025,FY2025,Q4,October,East,Healthcare,BP Monitor,Corporate,Rohit,17,823542.14,484845.73,338696.4,167098.35,171598.06,840244.69,-16702.55,20.84,6.85,INR
ORD-102377,08-10-2025,FY2025,Q4,October,East,Furniture,Conference Table,Corporate,Rohit,15,363421.51,225681.2,137740.31,63619.69,74120.62,376373.25,-12951.74,20.4,6.15,INR
ORD-102229,08-10-2025,FY2025,Q4,October,South,Technology,Printer,Consumer,Sneha,20,848642.09,520021.1,328620.99,168239.14,160381.86,867269.74,-18627.65,18.9,-5.18,INR
ORD-102741,08-10-2025,FY2025,Q4,October,West,Furniture,Conference Table,Consumer,Amit,2,36212.18,19833.93,16378.25,6856.24,9522.01,34138.42,2073.76,26.3,7.46,INR
ORD-100328,09-10-2025,FY2025,Q4,October,North,Office Supplies,Stapler,Consumer,Priya,6,269843.61,183253.33,86590.29,46088.78,40501.5,251935.38,17908.23,15.01,9.6,INR
ORD-101745,09-10-2025,FY2025,Q4,October,South,Technology,Smartphone,Corporate,Anjali,8,99578.9,67823.61,31755.29,18379.45,13375.84,98472.37,1106.53,13.43,5.2,INR
ORD-102279,09-10-2025,FY2025,Q4,October,East,Technology,Printer,Consumer,Rahul,17,744620.08,419467.02,325153.06,116690.24,208462.82,828400.42,-83780.35,28,3.51,INR
ORD-104205,09-10-2025,FY2025,Q4,October,South,Furniture,Desk,Small Business,Amit,8,44256.71,27175.02,17081.69,5702.24,11379.45,42361.25,1895.46,25.71,13.22,INR
ORD-100128,09-10-2025,FY2025,Q4,October,West,Furniture,Desk,Corporate,Vikas,6,259024.38,159400.67,99623.71,34648.85,64974.86,283785.74,-24761.36,25.08,-0.3,INR
ORD-102408,09-10-2025,FY2025,Q4,October,South,Furniture,Office Chair,Consumer,Rahul,12,473979.49,267824.98,206154.51,42736.78,163417.74,476871.32,-2891.83,34.48,12.92,INR
ORD-101402,10-10-2025,FY2025,Q4,October,Central,Technology,Tablet,Consumer,Priya,12,124058.97,88281.46,35777.51,10615.17,25162.34,114616.38,9442.59,20.28,-1.84,INR
ORD-104864,10-10-2025,FY2025,Q4,October,Central,Consumer Goods,Calculator,Consumer,Vikas,10,442315.14,238654.96,203660.18,69517.62,134142.56,463595.62,-21280.47,30.33,13.05,INR
ORD-101708,10-10-2025,FY2025,Q4,October,North,Technology,Smartphone,Consumer,Priya,18,113504.91,76324.78,37180.12,19396.46,17783.67,126403.61,-12898.71,15.67,12.88,INR
ORD-101335,10-10-2025,FY2025,Q4,October,Central,Office Supplies,File Folder,Consumer,Rahul,6,163354.25,92212.11,71142.14,20785.86,50356.29,162163.79,1190.46,30.83,12.06,INR
ORD-100854,10-10-2025,FY2025,Q4,October,East,Technology,Tablet,Consumer,Anjali,13,95806.87,60050.85,35756.02,10285.25,25470.77,102320.84,-6513.97,26.59,1.37,INR
ORD-102047,10-10-2025,FY2025,Q4,October,West,Furniture,Desk,Consumer,Rohit,11,395988.11,279216.14,116771.97,41212.91,75559.06,408684.81,-12696.7,19.08,-6.3,INR
ORD-102041,11-10-2025,FY2025,Q4,October,Central,Furniture,Office Chair,Consumer,Rahul,19,386704.1,296078.7,90625.4,66040.87,24584.53,372853.6,13850.5,6.36,-0.9,INR
ORD-102177,11-10-2025,FY2025,Q4,October,North,Office Supplies,Paper Pack,Consumer,Vikas,4,83220.66,51565.59,31655.07,15474.27,16180.8,90227.91,-7007.25,19.44,12.71,INR
ORD-101532,11-10-2025,FY2025,Q4,October,Central,Healthcare,Medical Kit,Corporate,Priya,8,121212.24,68370.86,52841.38,16052.38,36789,115595.43,5616.81,30.35,7.41,INR
ORD-100194,11-10-2025,FY2025,Q4,October,West,Healthcare,Gloves,Consumer,Rohit,17,61939.85,35583.32,26356.53,10120.17,16236.36,59030.32,2909.54,26.21,3.55,INR
ORD-102264,11-10-2025,FY2025,Q4,October,Central,Office Supplies,Stapler,Small Business,Priya,6,281761.84,177091.83,104670.01,23414.79,81255.22,314949.91,-33188.07,28.84,-3.3,INR
ORD-103301,11-10-2025,FY2025,Q4,October,Central,Technology,Tablet,Consumer,Amit,20,953251.73,707907.33,245344.4,138751.48,106592.92,896308.67,56943.06,11.18,10.7,INR
ORD-101605,11-10-2025,FY2025,Q4,October,Central,Consumer Goods,Travel Bag,Corporate,Vikas,10,215909.1,127201.97,88707.13,33685.89,55021.25,238820.18,-22911.08,25.48,-5.58,INR
ORD-103161,11-10-2025,FY2025,Q4,October,South,Furniture,Desk,Consumer,Sneha,16,348056.94,191443.93,156613.01,65509.25,91103.75,325112.24,22944.69,26.17,10.15,INR
ORD-100533,12-10-2025,FY2025,Q4,October,Central,Consumer Goods,Backpack,Corporate,Anjali,19,298979.51,217673.42,81306.09,58449.57,22856.52,327541.1,-28561.58,7.64,-6.52,INR
ORD-104340,12-10-2025,FY2025,Q4,October,Central,Furniture,Office Chair,Small Business,Rahul,9,133572.74,95530.22,38042.51,19570.09,18472.42,123392.49,10180.25,13.83,0.04,INR
ORD-100364,12-10-2025,FY2025,Q4,October,East,Furniture,Conference Table,Corporate,Vikas,16,18660.28,12140.83,6519.45,3826.43,2693.02,17362.19,1298.09,14.43,-3.77,INR
ORD-103011,12-10-2025,FY2025,Q4,October,South,Technology,Laptop,Small Business,Rohit,13,292047.19,219259.88,72787.31,33142.03,39645.28,308125.49,-16078.3,13.57,0.07,INR
ORD-104064,12-10-2025,FY2025,Q4,October,South,Healthcare,Thermometer,Small Business,Amit,16,528459.72,402398.48,126061.24,100338.82,25722.43,539913.4,-11453.68,4.87,-6.83,INR
ORD-103809,13-10-2025,FY2025,Q4,October,East,Consumer Goods,Headphones,Small Business,Neha,14,222417.85,141454.99,80962.86,35239.73,45723.13,224141.52,-1723.67,20.56,13.45,INR
ORD-103891,13-10-2025,FY2025,Q4,October,South,Furniture,Bookshelf,Consumer,Anjali,20,472038.83,322427.99,149610.83,64156.95,85453.89,426036.34,46002.48,18.1,-4.32,INR
ORD-100062,13-10-2025,FY2025,Q4,October,South,Technology,Smartphone,Corporate,Rahul,15,227095.64,158760.5,68335.13,41905.17,26429.96,242856.29,-15760.66,11.64,15.75,INR
ORD-102941,13-10-2025,FY2025,Q4,October,East,Consumer Goods,Water Bottle,Consumer,Amit,16,16910.41,10441.57,6468.84,3685.93,2782.91,18764.18,-1853.77,16.46,-7.82,INR
ORD-104182,13-10-2025,FY2025,Q4,October,North,Technology,Smartphone,Consumer,Amit,2,66357.43,36271.57,30085.87,9441.27,20644.6,62759.25,3598.18,31.11,1.4,INR
ORD-104636,13-10-2025,FY2025,Q4,October,West,Consumer Goods,Travel Bag,Consumer,Sneha,20,154555.06,93902.3,60652.76,19582.13,41070.63,163332.66,-8777.59,26.57,10.48,INR
ORD-100187,13-10-2025,FY2025,Q4,October,Central,Office Supplies,Notebook,Corporate,Priya,6,232865.55,171991.24,60874.31,42414.39,18459.92,247295.74,-14430.19,7.93,22.2,INR
ORD-102174,13-10-2025,FY2025,Q4,October,West,Office Supplies,Notebook,Consumer,Sneha,14,428571.54,265153.63,163417.91,58894.7,104523.21,415063.78,13507.76,24.39,7,INR
ORD-101720,13-10-2025,FY2025,Q4,October,West,Healthcare,BP Monitor,Consumer,Amit,17,204080.46,135859.13,68221.33,29674.05,38547.27,194888.16,9192.29,18.89,-2.04,INR
ORD-101332,13-10-2025,FY2025,Q4,October,Central,Furniture,Desk,Consumer,Neha,18,87805.52,62825.82,24979.69,18818.68,6161.01,81212.36,6593.16,7.02,1.71,INR
ORD-102756,14-10-2025,FY2025,Q4,October,East,Furniture,Office Chair,Corporate,Vikas,7,193675.33,122494.38,71180.95,38078.18,33102.77,183773.08,9902.25,17.09,9.48,INR
ORD-100086,14-10-2025,FY2025,Q4,October,East,Furniture,Bookshelf,Corporate,Amit,19,81995.65,50170.73,31824.92,7644.63,24180.28,84482.84,-2487.19,29.49,1.82,INR
ORD-102634,14-10-2025,FY2025,Q4,October,East,Healthcare,BP Monitor,Consumer,Amit,17,360813.36,279498.88,81314.48,41313.97,40000.52,395615.82,-34802.45,11.09,18.09,INR
ORD-103204,15-10-2025,FY2025,Q4,October,East,Consumer Goods,Headphones,Consumer,Sneha,7,18411.34,13970.57,4440.78,3796.25,644.53,19961.12,-1549.78,3.5,-2.22,INR
ORD-104201,15-10-2025,FY2025,Q4,October,South,Consumer Goods,Water Bottle,Corporate,Rahul,15,328858.36,238093.87,90764.49,69900.33,20864.16,311723.7,17134.66,6.34,6.53,INR
ORD-100237,16-10-2025,FY2025,Q4,October,Central,Office Supplies,Pen Set,Corporate,Rahul,14,584990,378070.18,206919.82,113106.52,93813.3,620799.96,-35809.96,16.04,16.17,INR
ORD-101021,16-10-2025,FY2025,Q4,October,South,Healthcare,First Aid Box,Consumer,Rohit,4,187613.15,130646.85,56966.3,27146.41,29819.9,187050.15,563.01,15.89,9.02,INR
ORD-102093,16-10-2025,FY2025,Q4,October,West,Technology,Laptop,Corporate,Rahul,14,412056.6,254670.05,157386.55,83533.69,73852.86,376782.03,35274.57,17.92,6.25,INR
ORD-100601,16-10-2025,FY2025,Q4,October,East,Consumer Goods,Headphones,Corporate,Sneha,20,309701.7,169547.5,140154.21,62324.44,77829.77,281325.18,28376.52,25.13,21.5,INR
ORD-104707,16-10-2025,FY2025,Q4,October,South,Consumer Goods,Travel Bag,Consumer,Priya,18,859256.15,652512.97,206743.18,179521.57,27221.62,777231.38,82024.77,3.17,13.66,INR
ORD-103411,16-10-2025,FY2025,Q4,October,East,Technology,Laptop,Consumer,Sneha,2,11477.21,6643.72,4833.5,1065.08,3768.41,12372.74,-895.53,32.83,7.91,INR
ORD-100807,17-10-2025,FY2025,Q4,October,East,Healthcare,Gloves,Corporate,Sneha,19,205416.94,118500.3,86916.65,35603.88,51312.77,196482.3,8934.64,24.98,10.25,INR
ORD-104755,17-10-2025,FY2025,Q4,October,Central,Office Supplies,Paper Pack,Consumer,Amit,17,404714.34,314211.04,90503.3,72431.02,18072.28,397929.56,6784.79,4.47,-5.77,INR
ORD-100398,17-10-2025,FY2025,Q4,October,West,Office Supplies,Paper Pack,Corporate,Priya,2,35271.91,24197.11,11074.8,5244.08,5830.71,36699.93,-1428.01,16.53,1.96,INR
ORD-103824,17-10-2025,FY2025,Q4,October,West,Consumer Goods,Calculator,Small Business,Neha,14,682029.2,417505.01,264524.19,82183.99,182340.21,747253.97,-65224.77,26.73,23.13,INR
ORD-100117,17-10-2025,FY2025,Q4,October,Central,Technology,Monitor,Corporate,Rohit,12,211820.34,143306.18,68514.16,28693.32,39820.84,207721.32,4099.02,18.8,8.7,INR
ORD-101981,18-10-2025,FY2025,Q4,October,South,Technology,Printer,Corporate,Rohit,10,103682.94,73017.99,30664.95,16464.6,14200.35,106870.21,-3187.27,13.7,-0.97,INR
ORD-100051,18-10-2025,FY2025,Q4,October,West,Technology,Printer,Small Business,Sneha,16,459225.11,286913.52,172311.59,76464.28,95847.31,425638.78,33586.32,20.87,17.76,INR
ORD-102288,18-10-2025,FY2025,Q4,October,Central,Office Supplies,File Folder,Consumer,Priya,6,194035.76,119059.65,74976.1,39186.11,35789.99,199786.15,-5750.4,18.45,20.87,INR
ORD-100391,18-10-2025,FY2025,Q4,October,Central,Technology,Tablet,Consumer,Rohit,12,53741.76,36510.98,17230.78,8758.96,8471.83,55157.8,-1416.03,15.76,-4.91,INR
ORD-102642,19-10-2025,FY2025,Q4,October,Central,Consumer Goods,Water Bottle,Consumer,Rahul,6,224553.49,150629.12,73924.37,36148.07,37776.29,248945.08,-24391.59,16.82,17.77,INR
ORD-100967,19-10-2025,FY2025,Q4,October,North,Furniture,Conference Table,Corporate,Sneha,6,25142.23,14747.84,10394.39,2102.55,8291.85,25879.5,-737.26,32.98,13.39,INR
ORD-102265,20-10-2025,FY2025,Q4,October,West,Consumer Goods,Backpack,Consumer,Anjali,19,267396.89,206829.06,60567.83,25605.18,34962.65,295941.22,-28544.32,13.08,-3.03,INR
ORD-102798,20-10-2025,FY2025,Q4,October,South,Consumer Goods,Headphones,Small Business,Rahul,20,643816.48,431722.35,212094.13,58754.74,153339.39,652591.81,-8775.33,23.82,-2.46,INR
ORD-103280,20-10-2025,FY2025,Q4,October,West,Furniture,Bookshelf,Consumer,Priya,17,808569.5,603887.21,204682.3,172915.93,31766.36,866742.01,-58172.51,3.93,7.75,INR
ORD-103108,21-10-2025,FY2025,Q4,October,North,Technology,Monitor,Small Business,Anjali,8,89752.68,66800.88,22951.8,13027.18,9924.62,87572.55,2180.13,11.06,10.66,INR
ORD-100476,21-10-2025,FY2025,Q4,October,Central,Office Supplies,Pen Set,Corporate,Priya,9,23199.22,17016.93,6182.29,2560.5,3621.79,21287.37,1911.85,15.61,22.75,INR
ORD-100862,21-10-2025,FY2025,Q4,October,West,Consumer Goods,Backpack,Consumer,Vikas,10,147890.08,101481.78,46408.3,31442.71,14965.59,153495.99,-5605.91,10.12,16.78,INR
ORD-104934,21-10-2025,FY2025,Q4,October,South,Office Supplies,File Folder,Consumer,Rahul,11,472898.63,354259.36,118639.26,87440.44,31198.83,444255.14,28643.48,6.6,-5.78,INR
ORD-101546,21-10-2025,FY2025,Q4,October,West,Furniture,Bookshelf,Small Business,Rohit,3,7730.25,5972.4,1757.86,1226.08,531.78,8199.42,-469.17,6.88,6.7,INR
ORD-101504,21-10-2025,FY2025,Q4,October,East,Furniture,Office Chair,Small Business,Sneha,18,542605.33,286160.03,256445.3,76523.48,179921.82,520372.51,22232.82,33.16,5.13,INR
ORD-103886,21-10-2025,FY2025,Q4,October,South,Consumer Goods,Calculator,Small Business,Amit,20,118251.76,76917.97,41333.79,12556.78,28777.01,115060.65,3191.1,24.34,7.76,INR
ORD-100050,22-10-2025,FY2025,Q4,October,South,Technology,Monitor,Small Business,Neha,18,779564.36,576768.77,202795.59,163808.83,38986.76,703009.3,76555.06,5,1.56,INR
ORD-103861,22-10-2025,FY2025,Q4,October,North,Consumer Goods,Calculator,Consumer,Rohit,19,409499.76,246954.42,162545.34,77921.52,84623.83,412659.54,-3159.78,20.67,23.93,INR
ORD-102815,23-10-2025,FY2025,Q4,October,East,Consumer Goods,Headphones,Consumer,Vikas,3,31024.87,20069.9,10954.97,4433.31,6521.66,28724.49,2300.38,21.02,1.4,INR
ORD-103334,23-10-2025,FY2025,Q4,October,South,Healthcare,First Aid Box,Consumer,Vikas,18,733297.33,411405.87,321891.46,138836.08,183055.39,737878.4,-4581.06,24.96,-7.28,INR
ORD-101583,23-10-2025,FY2025,Q4,October,West,Office Supplies,Pen Set,Small Business,Amit,20,949539.25,633093.57,316445.68,101538.9,214906.78,912064.75,37474.49,22.63,4.22,INR
ORD-100673,23-10-2025,FY2025,Q4,October,West,Furniture,Cabinet,Consumer,Sneha,11,486378.93,343529.46,142849.47,54278.06,88571.41,511882.93,-25504,18.21,-5.42,INR
ORD-104139,24-10-2025,FY2025,Q4,October,East,Technology,Smartphone,Corporate,Rohit,8,153789.34,116620.61,37168.73,32197.53,4971.2,152199.8,1589.54,3.23,-7.64,INR
ORD-103049,24-10-2025,FY2025,Q4,October,North,Furniture,Conference Table,Small Business,Rahul,20,289737.57,197623.17,92114.39,54681.87,37432.53,308503.94,-18766.38,12.92,9.06,INR
ORD-103962,25-10-2025,FY2025,Q4,October,West,Healthcare,BP Monitor,Corporate,Rahul,10,332473.85,221957.43,110516.42,47073.39,63443.03,308566.09,23907.76,19.08,10.04,INR
ORD-104072,25-10-2025,FY2025,Q4,October,East,Technology,Laptop,Consumer,Neha,5,10492.03,6962.31,3529.72,1585,1944.71,9560.85,931.18,18.54,-4.44,INR
ORD-100532,25-10-2025,FY2025,Q4,October,South,Technology,Tablet,Corporate,Sneha,3,141295.12,102481.37,38813.74,16770.06,22043.69,144572.94,-3277.83,15.6,18.63,INR
ORD-100104,25-10-2025,FY2025,Q4,October,Central,Office Supplies,Pen Set,Corporate,Anjali,15,166459.95,107278.93,59181.02,33947.06,25233.95,182498.22,-16038.27,15.16,17.12,INR
ORD-100632,25-10-2025,FY2025,Q4,October,Central,Furniture,Desk,Consumer,Rohit,3,40703.05,24904.94,15798.1,6746.36,9051.74,41986.96,-1283.91,22.24,-4.93,INR
ORD-103923,26-10-2025,FY2025,Q4,October,West,Technology,Laptop,Corporate,Rahul,5,155762.7,92824.08,62938.62,25424.23,37514.39,141457.35,14305.34,24.08,4.7,INR
ORD-103372,26-10-2025,FY2025,Q4,October,North,Technology,Laptop,Consumer,Anjali,14,358462.29,238400.96,120061.33,76882.28,43179.05,350914.36,7547.93,12.05,20.46,INR
ORD-104145,26-10-2025,FY2025,Q4,October,Central,Technology,Tablet,Corporate,Vikas,17,531266.72,387799.35,143467.37,82939.86,60527.51,527430.92,3835.8,11.39,2.46,INR
ORD-100672,27-10-2025,FY2025,Q4,October,Central,Consumer Goods,Headphones,Corporate,Neha,4,73238.61,57001.12,16237.49,14332.7,1904.79,74810.42,-1571.81,2.6,-4.23,INR
ORD-103251,27-10-2025,FY2025,Q4,October,North,Healthcare,Medical Kit,Corporate,Priya,3,102346.76,65557.37,36789.39,11376.38,25413.01,95217.7,7129.06,24.83,8.79,INR
ORD-103448,27-10-2025,FY2025,Q4,October,East,Office Supplies,File Folder,Corporate,Rohit,9,114881.77,77314.32,37567.45,24940.7,12626.75,106753.24,8128.54,10.99,15.79,INR
ORD-101280,27-10-2025,FY2025,Q4,October,North,Office Supplies,Stapler,Consumer,Amit,19,415010.35,247007.07,168003.28,42044.94,125958.34,394740.18,20270.17,30.35,-3.3,INR
ORD-101774,27-10-2025,FY2025,Q4,October,West,Technology,Printer,Consumer,Rohit,10,419309.29,290869.84,128439.45,43076.63,85362.82,439265,-19955.71,20.36,3.69,INR
ORD-104869,27-10-2025,FY2025,Q4,October,South,Technology,Monitor,Consumer,Anjali,4,114388.72,88998.5,25390.23,24750.06,640.17,122816.82,-8428.1,0.56,-6.66,INR
ORD-102415,28-10-2025,FY2025,Q4,October,East,Technology,Smartphone,Consumer,Neha,20,265160.35,171316.55,93843.8,48637.95,45205.85,260794.91,4365.44,17.05,0.34,INR
ORD-101914,28-10-2025,FY2025,Q4,October,West,Consumer Goods,Travel Bag,Corporate,Vikas,8,335718.83,179516.78,156202.05,46549.66,109652.39,347816.87,-12098.03,32.66,20.13,INR
ORD-103694,28-10-2025,FY2025,Q4,October,West,Technology,Smartphone,Consumer,Anjali,2,50170.02,36440.08,13729.93,5644.5,8085.44,55914.54,-5744.52,16.12,12.18,INR
ORD-101530,28-10-2025,FY2025,Q4,October,North,Consumer Goods,Backpack,Consumer,Priya,6,4382.71,3094.7,1288.01,527.54,760.47,3972.99,409.72,17.35,6.9,INR
ORD-100933,28-10-2025,FY2025,Q4,October,North,Technology,Monitor,Small Business,Rohit,6,208121.15,144085.27,64035.88,42110.28,21925.6,192291.1,15830.05,10.54,1.36,INR
ORD-100506,28-10-2025,FY2025,Q4,October,West,Technology,Printer,Consumer,Rahul,3,141318.76,94915.15,46403.62,20302.73,26100.89,134526.23,6792.53,18.47,23.78,INR
ORD-104813,28-10-2025,FY2025,Q4,October,West,Office Supplies,Paper Pack,Corporate,Sneha,15,729375.53,522563.69,206811.84,83909.74,122902.1,710088.89,19286.65,16.85,16.21,INR
ORD-100448,29-10-2025,FY2025,Q4,October,East,Furniture,Bookshelf,Corporate,Amit,7,287591.67,202825.94,84765.73,51449.38,33316.35,321029.67,-33438,11.58,10.18,INR
ORD-104280,29-10-2025,FY2025,Q4,October,East,Furniture,Desk,Consumer,Amit,9,285913.75,186922.42,98991.33,54914.02,44077.31,265399.79,20513.96,15.42,20.94,INR
ORD-101480,30-10-2025,FY2025,Q4,October,East,Office Supplies,File Folder,Consumer,Rahul,8,245616.65,164674.5,80942.14,52430.13,28512.02,222471.11,23145.54,11.61,9.18,INR
ORD-103960,30-10-2025,FY2025,Q4,October,North,Consumer Goods,Calculator,Consumer,Priya,10,334838.83,197435.37,137403.46,65126.47,72276.99,370378.72,-35539.89,21.59,-1.27,INR
ORD-101894,30-10-2025,FY2025,Q4,October,North,Furniture,Bookshelf,Corporate,Neha,18,569304.5,358617.07,210687.43,112582.17,98105.26,519236.47,50068.03,17.23,12.59,INR
ORD-102021,30-10-2025,FY2025,Q4,October,West,Consumer Goods,Backpack,Consumer,Priya,19,833952.62,479311.91,354640.7,158866.23,195774.47,815548.76,18403.85,23.48,22.39,INR
ORD-104789,30-10-2025,FY2025,Q4,October,East,Office Supplies,Notebook,Consumer,Neha,11,484671.99,311581.36,173090.64,71448.18,101642.45,444783.12,39888.88,20.97,5.37,INR
ORD-102736,30-10-2025,FY2025,Q4,October,North,Furniture,Cabinet,Corporate,Amit,3,22939.76,17640.31,5299.45,4552.53,746.92,21546.31,1393.45,3.26,6.62,INR
ORD-103415,31-10-2025,FY2025,Q4,October,South,Furniture,Desk,Corporate,Anjali,14,247844.37,165017.64,82826.73,50242.63,32584.1,252506.47,-4662.1,13.15,16.2,INR
ORD-102036,01-11-2025,FY2025,Q4,November,South,Consumer Goods,Water Bottle,Small Business,Vikas,4,129973.23,92666.13,37307.1,24773.85,12533.26,125970.37,4002.86,9.64,5.03,INR
ORD-102751,01-11-2025,FY2025,Q4,November,Central,Consumer Goods,Headphones,Corporate,Amit,14,444493.52,310565.88,133927.64,64014.66,69912.98,410222.27,34271.25,15.73,22.38,INR
ORD-101802,01-11-2025,FY2025,Q4,November,Central,Office Supplies,File Folder,Small Business,Amit,12,480380.72,363007.34,117373.37,67561.47,49811.91,521568.96,-41188.24,10.37,-1.68,INR
ORD-101403,01-11-2025,FY2025,Q4,November,Central,Technology,Laptop,Consumer,Neha,6,227799.34,139043.82,88755.52,39581.61,49173.91,205521.61,22277.73,21.59,20.08,INR
ORD-101513,01-11-2025,FY2025,Q4,November,West,Consumer Goods,Headphones,Consumer,Sneha,3,53940.26,31669.98,22270.28,4698.48,17571.79,53879.39,60.88,32.58,9.42,INR
ORD-103166,01-11-2025,FY2025,Q4,November,East,Healthcare,Thermometer,Consumer,Amit,3,116336.33,69517.53,46818.8,13416.51,33402.3,121001.29,-4664.95,28.71,12.46,INR
ORD-101729,01-11-2025,FY2025,Q4,November,Central,Technology,Printer,Consumer,Rohit,16,672089.8,368321.98,303767.82,79156.18,224611.65,607516.25,64573.55,33.42,13.18,INR
ORD-100498,01-11-2025,FY2025,Q4,November,East,Office Supplies,Paper Pack,Corporate,Rahul,16,519829.61,387934.42,131895.18,97222.66,34672.52,539138.17,-19308.56,6.67,14.96,INR
ORD-102715,02-11-2025,FY2025,Q4,November,East,Furniture,Desk,Consumer,Vikas,19,909240.69,612262.11,296978.58,135822.07,161156.51,903853.22,5387.47,17.72,-4.97,INR
ORD-102802,02-11-2025,FY2025,Q4,November,West,Healthcare,BP Monitor,Consumer,Vikas,4,164705.64,96926.42,67779.22,34320.49,33458.73,167623.04,-2917.4,20.31,-2.74,INR
ORD-102787,02-11-2025,FY2025,Q4,November,East,Furniture,Cabinet,Consumer,Sneha,2,49541.07,37057.03,12484.04,8095.46,4388.58,51000.6,-1459.53,8.86,-2.1,INR
ORD-104839,02-11-2025,FY2025,Q4,November,West,Healthcare,Gloves,Corporate,Neha,18,158403.3,92159.8,66243.51,18342.4,47901.11,144831.54,13571.77,30.24,5.91,INR
ORD-102668,02-11-2025,FY2025,Q4,November,Central,Technology,Tablet,Corporate,Sneha,17,692950.42,411655.13,281295.29,76285.23,205010.06,725533.13,-32582.7,29.59,12.28,INR
ORD-102028,02-11-2025,FY2025,Q4,November,West,Consumer Goods,Headphones,Corporate,Vikas,2,20499.84,15029.43,5470.41,2748.69,2721.73,21100.44,-600.59,13.28,-6.86,INR
ORD-101859,02-11-2025,FY2025,Q4,November,East,Furniture,Bookshelf,Small Business,Anjali,13,86060.26,48283.14,37777.12,15550.17,22226.95,86505.43,-445.17,25.83,-6.46,INR
ORD-103755,02-11-2025,FY2025,Q4,November,North,Healthcare,First Aid Box,Consumer,Rohit,3,94284.36,56590.21,37694.15,14644.44,23049.7,89465.88,4818.48,24.45,-0.96,INR
ORD-102739,03-11-2025,FY2025,Q4,November,South,Consumer Goods,Calculator,Consumer,Vikas,8,107126.94,76954.36,30172.58,14230.64,15941.94,118844.66,-11717.72,14.88,2.71,INR
ORD-103652,03-11-2025,FY2025,Q4,November,Central,Office Supplies,File Folder,Consumer,Sneha,7,21025.51,14556.59,6468.93,2997.59,3471.34,19901.02,1124.5,16.51,15.07,INR
ORD-104686,03-11-2025,FY2025,Q4,November,South,Healthcare,Gloves,Consumer,Priya,9,395180.61,282976.19,112204.42,34160.04,78044.38,430102.3,-34921.69,19.75,10.56,INR
ORD-102038,03-11-2025,FY2025,Q4,November,North,Consumer Goods,Headphones,Consumer,Rohit,7,243966.94,131133.99,112832.95,36231.95,76601.01,257008.03,-13041.09,31.4,4.69,INR
ORD-100801,04-11-2025,FY2025,Q4,November,West,Furniture,Desk,Consumer,Amit,12,228707.86,132573.8,96134.05,38488.54,57645.51,248893.97,-20186.11,25.2,24.21,INR
ORD-100679,04-11-2025,FY2025,Q4,November,Central,Healthcare,Gloves,Consumer,Sneha,12,432637.1,301732.02,130905.07,81616.09,49288.98,427167.77,5469.32,11.39,15.96,INR
ORD-100112,04-11-2025,FY2025,Q4,November,South,Technology,Monitor,Corporate,Neha,1,35139.8,23281.85,11857.95,5734.98,6122.97,38845.97,-3706.17,17.42,9.49,INR
ORD-104854,04-11-2025,FY2025,Q4,November,Central,Healthcare,Medical Kit,Corporate,Anjali,19,369989.43,241008.34,128981.09,52589.89,76391.2,343448.17,26541.26,20.65,-0.2,INR
ORD-101077,05-11-2025,FY2025,Q4,November,South,Technology,Smartphone,Small Business,Anjali,19,720917.28,553322.03,167595.24,73768.37,93826.87,745127.76,-24210.48,13.01,3.98,INR
ORD-102277,05-11-2025,FY2025,Q4,November,Central,Consumer Goods,Backpack,Corporate,Amit,16,315226.8,172132,143094.8,29301.65,113793.15,346066.14,-30839.34,36.1,4.91,INR
ORD-102398,05-11-2025,FY2025,Q4,November,West,Furniture,Office Chair,Corporate,Priya,6,211313.65,148893.43,62420.22,26545.89,35874.33,223141.18,-11827.53,16.98,11.8,INR
ORD-100366,05-11-2025,FY2025,Q4,November,East,Office Supplies,File Folder,Consumer,Neha,17,70726.65,41042.81,29683.84,14013.18,15670.66,71786.49,-1059.84,22.16,-7.98,INR
ORD-104633,05-11-2025,FY2025,Q4,November,South,Furniture,Office Chair,Consumer,Sneha,11,76030.82,50614.26,25416.56,15431.13,9985.43,73955.97,2074.84,13.13,-3.84,INR
ORD-101048,06-11-2025,FY2025,Q4,November,South,Consumer Goods,Travel Bag,Consumer,Amit,12,592868.5,411230.11,181638.39,64678.27,116960.12,649643.61,-56775.11,19.73,3.17,INR
ORD-101920,06-11-2025,FY2025,Q4,November,South,Furniture,Bookshelf,Small Business,Neha,6,254746.91,137396.36,117350.55,53300.7,64049.85,282920.41,-28173.5,25.14,20.03,INR
ORD-102996,06-11-2025,FY2025,Q4,November,Central,Technology,Printer,Corporate,Sneha,10,40749.68,27107.42,13642.26,5609.67,8032.59,44586.07,-3836.39,19.71,1.97,INR
ORD-101262,06-11-2025,FY2025,Q4,November,Central,Consumer Goods,Water Bottle,Consumer,Sneha,9,130658.15,86907.04,43751.11,24220.04,19531.07,125180.61,5477.53,14.95,-6.03,INR
ORD-101003,06-11-2025,FY2025,Q4,November,South,Healthcare,BP Monitor,Corporate,Anjali,14,311116.21,195791.17,115325.05,26646.61,88678.44,331200.67,-20084.46,28.5,-7.85,INR
ORD-101064,06-11-2025,FY2025,Q4,November,West,Technology,Smartphone,Consumer,Neha,13,145542.16,93027.24,52514.92,29747.46,22767.46,141094.33,4447.83,15.64,21.56,INR
ORD-104997,07-11-2025,FY2025,Q4,November,West,Furniture,Conference Table,Consumer,Vikas,6,63227.89,39244.63,23983.25,8447.31,15535.95,66979.53,-3751.64,24.57,-1.29,INR
ORD-103399,07-11-2025,FY2025,Q4,November,Central,Furniture,Conference Table,Consumer,Priya,6,44118.46,33876.04,10242.42,7326.93,2915.49,44810.54,-692.08,6.61,7.21,INR
ORD-103799,07-11-2025,FY2025,Q4,November,West,Technology,Tablet,Small Business,Vikas,7,332065.88,247491.68,84574.2,51971.56,32602.64,312731.23,19334.65,9.82,17.2,INR
ORD-100915,08-11-2025,FY2025,Q4,November,East,Healthcare,BP Monitor,Corporate,Sneha,3,25446.57,19367.43,6079.14,3321.56,2757.58,24785.42,661.15,10.84,11.27,INR
ORD-100419,08-11-2025,FY2025,Q4,November,East,Healthcare,Gloves,Corporate,Rahul,10,389681.36,220735.95,168945.4,74157.99,94787.41,418802.81,-29121.45,24.32,8.84,INR
ORD-102944,08-11-2025,FY2025,Q4,November,West,Consumer Goods,Calculator,Consumer,Sneha,3,128027.44,99424.4,28603.04,12506.58,16096.46,141852.36,-13824.92,12.57,19.15,INR
ORD-101501,09-11-2025,FY2025,Q4,November,Central,Technology,Monitor,Small Business,Priya,6,286434.66,190312.12,96122.55,39626.97,56495.58,283662.16,2772.51,19.72,5.5,INR
ORD-102045,09-11-2025,FY2025,Q4,November,East,Furniture,Conference Table,Consumer,Vikas,4,193131.83,115723.12,77408.71,32048.27,45360.44,205476.57,-12344.74,23.49,17.29,INR
ORD-102632,09-11-2025,FY2025,Q4,November,South,Consumer Goods,Calculator,Corporate,Neha,13,212263.71,116254.55,96009.16,42678,53331.16,199185.85,13077.85,25.12,15.49,INR
ORD-102039,09-11-2025,FY2025,Q4,November,North,Office Supplies,Pen Set,Consumer,Priya,3,1961.97,1042.29,919.67,341.91,577.77,1862.25,99.72,29.45,-2.96,INR
ORD-102058,09-11-2025,FY2025,Q4,November,Central,Furniture,Conference Table,Consumer,Rohit,14,432366.12,262158.76,170207.36,45053.66,125153.7,468875.48,-36509.36,28.95,-2.43,INR
ORD-104460,09-11-2025,FY2025,Q4,November,South,Consumer Goods,Calculator,Corporate,Rahul,11,85787.05,65899.93,19887.13,8233.21,11653.91,90386.31,-4599.26,13.58,10.48,INR
ORD-101172,09-11-2025,FY2025,Q4,November,North,Technology,Monitor,Small Business,Amit,9,9032.44,6317.86,2714.57,1005.9,1708.67,9746.6,-714.16,18.92,22.55,INR
ORD-104250,10-11-2025,FY2025,Q4,November,West,Consumer Goods,Calculator,Small Business,Priya,5,215753.32,163447.98,52305.34,25121.72,27183.62,207617.79,8135.52,12.6,7.23,INR
ORD-100003,10-11-2025,FY2025,Q4,November,East,Office Supplies,Pen Set,Consumer,Sneha,5,201205.15,119389.72,81815.43,26818.73,54996.71,214692.84,-13487.68,27.33,21.25,INR
ORD-104951,11-11-2025,FY2025,Q4,November,North,Technology,Printer,Consumer,Amit,7,38884.96,27870.78,11014.18,4958.83,6055.35,35177.69,3707.27,15.57,-1.1,INR
ORD-102745,11-11-2025,FY2025,Q4,November,West,Technology,Laptop,Small Business,Rahul,1,20940.18,13613.1,7327.08,2906.69,4420.39,19609.22,1330.96,21.11,3.66,INR
ORD-100224,11-11-2025,FY2025,Q4,November,East,Furniture,Cabinet,Corporate,Anjali,16,198677.5,121478.85,77198.65,22537,54661.65,198062.67,614.82,27.51,-4.8,INR
ORD-103081,11-11-2025,FY2025,Q4,November,North,Furniture,Office Chair,Small Business,Rahul,12,509295.74,379207.99,130087.75,102787.13,27300.62,521315.27,-12019.52,5.36,4.19,INR
ORD-101298,11-11-2025,FY2025,Q4,November,West,Consumer Goods,Backpack,Small Business,Rahul,4,29283.09,22158.75,7124.34,5830.52,1293.82,28438.4,844.69,4.42,-7.98,INR
ORD-103154,11-11-2025,FY2025,Q4,November,South,Technology,Smartphone,Corporate,Anjali,11,452021.47,324691.66,127329.8,63238.9,64090.9,454210.06,-2188.59,14.18,16.68,INR
ORD-104375,11-11-2025,FY2025,Q4,November,West,Consumer Goods,Travel Bag,Corporate,Anjali,4,61487.85,38083.43,23404.43,6695.63,16708.8,60961.49,526.36,27.17,-2.02,INR
ORD-100786,12-11-2025,FY2025,Q4,November,West,Technology,Laptop,Small Business,Amit,7,21588.93,12061.52,9527.41,4551.52,4975.89,23874.86,-2285.93,23.05,-5.02,INR
ORD-100553,12-11-2025,FY2025,Q4,November,South,Consumer Goods,Calculator,Corporate,Priya,5,196400.28,151646.42,44753.86,27001.47,17752.38,216437.37,-20037.09,9.04,3.84,INR
ORD-102734,12-11-2025,FY2025,Q4,November,Central,Furniture,Office Chair,Small Business,Anjali,18,319662.66,245422.81,74239.85,56125.26,18114.6,311589.7,8072.97,5.67,23.64,INR
ORD-104917,13-11-2025,FY2025,Q4,November,West,Technology,Laptop,Consumer,Rohit,5,166706.37,98320.56,68385.82,32013.53,36372.29,183345.68,-16639.3,21.82,-7,INR
ORD-102895,14-11-2025,FY2025,Q4,November,South,Healthcare,Gloves,Consumer,Anjali,3,148769.87,107221.89,41547.98,29418.37,12129.61,135973.36,12796.51,8.15,14.33,INR
ORD-104653,14-11-2025,FY2025,Q4,November,East,Furniture,Office Chair,Corporate,Vikas,20,478557.83,372425.38,106132.45,43551.18,62581.27,478323.33,234.5,13.08,8.73,INR
ORD-104599,14-11-2025,FY2025,Q4,November,Central,Consumer Goods,Water Bottle,Corporate,Vikas,18,44552.99,28503.5,16049.48,7957.63,8091.85,47613.28,-3060.29,18.16,13.38,INR
ORD-100433,14-11-2025,FY2025,Q4,November,North,Consumer Goods,Calculator,Corporate,Vikas,20,285551.03,166585.28,118965.76,58246.31,60719.45,291056.21,-5505.18,21.26,-4.84,INR
ORD-104180,14-11-2025,FY2025,Q4,November,South,Furniture,Bookshelf,Consumer,Vikas,19,226788.23,148186.84,78601.39,49000.35,29601.03,205353.38,21434.85,13.05,1.83,INR
ORD-104186,14-11-2025,FY2025,Q4,November,West,Technology,Printer,Consumer,Anjali,1,3637.55,1931.31,1706.24,590.63,1115.6,3373.32,264.24,30.67,10.18,INR
ORD-104773,14-11-2025,FY2025,Q4,November,East,Healthcare,Medical Kit,Corporate,Neha,1,47497.01,31010.28,16486.73,6939.66,9547.07,52077.52,-4580.51,20.1,-5.65,INR
ORD-101796,14-11-2025,FY2025,Q4,November,South,Office Supplies,Stapler,Consumer,Vikas,16,662109.85,458296.3,203813.54,94067.89,109745.65,598137.75,63972.1,16.58,8.57,INR
ORD-103988,14-11-2025,FY2025,Q4,November,North,Technology,Tablet,Small Business,Neha,4,81983.1,49503.15,32479.95,14058.12,18421.84,85207.22,-3224.12,22.47,12.13,INR
ORD-101643,15-11-2025,FY2025,Q4,November,East,Healthcare,First Aid Box,Corporate,Sneha,6,70054.36,52960.02,17094.34,15035.05,2059.3,74642.62,-4588.26,2.94,22.53,INR
ORD-100654,15-11-2025,FY2025,Q4,November,West,Furniture,Cabinet,Consumer,Neha,10,225312.69,153961.68,71351.01,27460.37,43890.64,249586.91,-24274.21,19.48,21.27,INR
ORD-102224,15-11-2025,FY2025,Q4,November,Central,Office Supplies,File Folder,Corporate,Rohit,7,101172.05,70343.17,30828.88,12029.39,18799.5,96974.86,4197.19,18.58,20.81,INR
ORD-104456,15-11-2025,FY2025,Q4,November,Central,Office Supplies,Notebook,Corporate,Vikas,13,486173.74,282146.72,204027.02,97299.86,106727.15,458791.29,27382.44,21.95,7.02,INR
ORD-100733,15-11-2025,FY2025,Q4,November,North,Healthcare,Gloves,Consumer,Sneha,17,625359.21,357287.53,268071.67,126703.04,141368.64,634838.86,-9479.65,22.61,23.02,INR
ORD-101318,16-11-2025,FY2025,Q4,November,South,Technology,Monitor,Small Business,Neha,20,21098.91,11097.82,10001.09,1779.46,8221.63,22592.81,-1493.89,38.97,-5.87,INR
ORD-104921,16-11-2025,FY2025,Q4,November,South,Healthcare,Gloves,Corporate,Vikas,9,297602.26,202176.28,95425.99,44194.44,51231.55,287060.32,10541.94,17.21,14.11,INR
ORD-102723,16-11-2025,FY2025,Q4,November,East,Office Supplies,Paper Pack,Consumer,Amit,1,7488.43,4118.67,3369.76,1639.05,1730.71,7196.94,291.5,23.11,8.01,INR
ORD-100088,17-11-2025,FY2025,Q4,November,West,Technology,Printer,Consumer,Amit,17,98302.9,65396.63,32906.27,15891.86,17014.4,101969.35,-3666.45,17.31,-1.43,INR
ORD-102816,17-11-2025,FY2025,Q4,November,West,Consumer Goods,Water Bottle,Consumer,Sneha,15,384006.75,235875.75,148131.01,73242.45,74888.56,385821.62,-1814.87,19.5,1.93,INR
ORD-103925,17-11-2025,FY2025,Q4,November,West,Furniture,Desk,Consumer,Neha,3,27013.85,20222.33,6791.51,3719.2,3072.32,25516.85,1496.99,11.37,1.82,INR
ORD-100131,17-11-2025,FY2025,Q4,November,North,Office Supplies,File Folder,Consumer,Vikas,13,558571.23,381856.69,176714.54,113470.88,63243.66,587771.68,-29200.45,11.32,19.55,INR
ORD-103695,18-11-2025,FY2025,Q4,November,North,Healthcare,Medical Kit,Consumer,Sneha,7,259027.63,168133.99,90893.64,24889.99,66003.64,279761.59,-20733.96,25.48,17.31,INR
ORD-103191,18-11-2025,FY2025,Q4,November,Central,Office Supplies,Paper Pack,Consumer,Amit,14,406048.56,260339.44,145709.12,87621.38,58087.74,384462.28,21586.28,14.31,0.52,INR
ORD-100856,18-11-2025,FY2025,Q4,November,East,Consumer Goods,Calculator,Corporate,Sneha,2,3721.12,2543.71,1177.41,407.2,770.21,3797.05,-75.94,20.7,14.02,INR
ORD-102012,19-11-2025,FY2025,Q4,November,East,Technology,Printer,Corporate,Sneha,3,20734.63,13737.98,6996.65,1807.65,5189,21539.41,-804.78,25.03,-5.75,INR
ORD-102746,19-11-2025,FY2025,Q4,November,South,Technology,Smartphone,Consumer,Sneha,10,307983.35,214593.39,93389.96,65200.48,28189.48,317953.53,-9970.18,9.15,-4.64,INR
ORD-102534,19-11-2025,FY2025,Q4,November,South,Technology,Tablet,Small Business,Priya,17,391928.74,277295.87,114632.86,47372.56,67260.31,409781.48,-17852.74,17.16,13.16,INR
ORD-104264,19-11-2025,FY2025,Q4,November,West,Furniture,Office Chair,Consumer,Vikas,17,523151.87,399341.85,123810.03,99730.16,24079.87,502784.45,20367.42,4.6,5.15,INR
ORD-102560,20-11-2025,FY2025,Q4,November,East,Consumer Goods,Calculator,Consumer,Rohit,2,90884.33,68632.53,22251.8,7555.3,14696.51,91880.79,-996.46,16.17,11.44,INR
ORD-104552,20-11-2025,FY2025,Q4,November,Central,Consumer Goods,Travel Bag,Consumer,Priya,4,75796.48,47670.82,28125.66,14757.73,13367.93,69799.82,5996.66,17.64,-6.85,INR
ORD-101230,20-11-2025,FY2025,Q4,November,South,Office Supplies,Paper Pack,Consumer,Sneha,19,205659.17,114316.2,91342.97,41276.89,50066.08,201019.1,4640.08,24.34,23.3,INR
ORD-103786,21-11-2025,FY2025,Q4,November,North,Technology,Smartphone,Corporate,Priya,11,239984.61,163255.17,76729.44,50408.42,26321.02,217173.7,22810.91,10.97,13.4,INR
ORD-100093,22-11-2025,FY2025,Q4,November,West,Technology,Tablet,Corporate,Rohit,18,216607.41,130384.08,86223.33,20013.09,66210.23,237089.48,-20482.07,30.57,7.18,INR
ORD-101283,22-11-2025,FY2025,Q4,November,North,Technology,Laptop,Small Business,Rahul,13,511016.26,345097.91,165918.35,92957.93,72960.41,493300.32,17715.94,14.28,-0.1,INR
ORD-100219,22-11-2025,FY2025,Q4,November,North,Furniture,Conference Table,Small Business,Priya,13,629006.15,465458.97,163547.18,79255.36,84291.82,592446.02,36560.14,13.4,18.86,INR
ORD-103177,22-11-2025,FY2025,Q4,November,North,Consumer Goods,Water Bottle,Small Business,Vikas,18,45259.04,25389.8,19869.24,6569.22,13300.03,47145.46,-1886.42,29.39,3.19,INR
ORD-102404,24-11-2025,FY2025,Q4,November,West,Furniture,Office Chair,Consumer,Neha,10,19660.84,10907.61,8753.23,2307.43,6445.8,20477.64,-816.8,32.78,16.16,INR
ORD-102578,24-11-2025,FY2025,Q4,November,North,Technology,Tablet,Corporate,Amit,3,48799.33,34806.91,13992.43,8454.83,5537.59,53346.12,-4546.78,11.35,10.65,INR
ORD-104763,24-11-2025,FY2025,Q4,November,East,Healthcare,Thermometer,Corporate,Anjali,15,690062.25,439545.29,250516.96,89617.35,160899.61,745227.45,-55165.2,23.32,8.02,INR
ORD-102409,24-11-2025,FY2025,Q4,November,South,Office Supplies,File Folder,Consumer,Rohit,2,49999.42,26261.29,23738.13,7907.44,15830.69,49400.83,598.59,31.66,12.73,INR
ORD-104893,24-11-2025,FY2025,Q4,November,North,Technology,Printer,Consumer,Rohit,13,13203.47,7742.21,5461.26,1116.79,4344.47,14169.9,-966.44,32.9,14.98,INR
ORD-101506,24-11-2025,FY2025,Q4,November,South,Office Supplies,Pen Set,Consumer,Neha,20,482873.87,341761.97,141111.91,58628.15,82483.76,491943.52,-9069.65,17.08,-1.05,INR
ORD-100123,25-11-2025,FY2025,Q4,November,South,Technology,Monitor,Consumer,Sneha,18,98804.22,72321.19,26483.03,15034.34,11448.69,103206.24,-4402.02,11.59,21.13,INR
ORD-104702,26-11-2025,FY2025,Q4,November,West,Technology,Printer,Consumer,Rahul,7,281305.64,185031.86,96273.77,47403.08,48870.69,259975.44,21330.2,17.37,-6.65,INR
ORD-100193,26-11-2025,FY2025,Q4,November,Central,Furniture,Bookshelf,Consumer,Anjali,12,450631.49,285264.58,165366.91,88120.68,77246.23,428674.88,21956.61,17.14,-3.28,INR
ORD-100248,26-11-2025,FY2025,Q4,November,West,Consumer Goods,Calculator,Consumer,Rohit,13,363246.56,216463.37,146783.18,40082.11,106701.07,346378.21,16868.35,29.37,-1.98,INR
ORD-103070,27-11-2025,FY2025,Q4,November,South,Furniture,Cabinet,Corporate,Priya,8,380902.77,283831.26,97071.51,81578.64,15492.86,387835.58,-6932.82,4.07,5.34,INR
ORD-103794,27-11-2025,FY2025,Q4,November,South,Furniture,Conference Table,Consumer,Neha,12,129126.28,97499.87,31626.41,25740.69,5885.72,135800.83,-6674.54,4.56,2.67,INR
ORD-103338,27-11-2025,FY2025,Q4,November,North,Technology,Printer,Consumer,Anjali,8,310178.88,213059.19,97119.69,30314.21,66805.48,322796.77,-12617.9,21.54,0.61,INR
ORD-101053,28-11-2025,FY2025,Q4,November,East,Consumer Goods,Water Bottle,Corporate,Anjali,11,453474.97,257277.95,196197.02,78604.89,117592.13,423995.11,29479.86,25.93,6.01,INR
ORD-100796,28-11-2025,FY2025,Q4,November,South,Technology,Tablet,Corporate,Amit,18,182712.89,115218.9,67493.99,34925.16,32568.83,172807.41,9905.48,17.83,-3.09,INR
ORD-103376,28-11-2025,FY2025,Q4,November,East,Technology,Tablet,Corporate,Vikas,17,238347.21,134118.17,104229.03,49469.88,54759.15,239266.52,-919.31,22.97,7.45,INR
ORD-100683,28-11-2025,FY2025,Q4,November,West,Technology,Laptop,Consumer,Anjali,13,25811.75,16909.03,8902.72,2150.39,6752.33,28239.37,-2427.62,26.16,-0.92,INR
ORD-101520,28-11-2025,FY2025,Q4,November,South,Furniture,Bookshelf,Consumer,Neha,16,289904.25,164407.88,125496.37,56754.41,68741.96,303129.98,-13225.73,23.71,22.73,INR
ORD-101121,28-11-2025,FY2025,Q4,November,Central,Technology,Monitor,Corporate,Priya,5,198477.36,148743.77,49733.59,27178.09,22555.5,185505.27,12972.09,11.36,-2.87,INR
ORD-102964,28-11-2025,FY2025,Q4,November,North,Technology,Smartphone,Consumer,Amit,20,353116.43,274937.6,78178.83,73083.7,5095.13,389261.87,-36145.44,1.44,13.56,INR
ORD-100272,28-11-2025,FY2025,Q4,November,South,Consumer Goods,Travel Bag,Consumer,Rohit,15,203270.23,124790.91,78479.32,20924.4,57554.91,187924.21,15346.03,28.31,-7.66,INR
ORD-104356,28-11-2025,FY2025,Q4,November,East,Technology,Monitor,Small Business,Rahul,13,212253.08,121122.39,91130.69,24713.94,66416.75,203614.79,8638.29,31.29,4.91,INR
ORD-104557,28-11-2025,FY2025,Q4,November,South,Healthcare,First Aid Box,Corporate,Priya,14,40892.64,21580.55,19312.09,3420.86,15891.24,38404.04,2488.61,38.86,-0.91,INR
ORD-101629,28-11-2025,FY2025,Q4,November,Central,Consumer Goods,Headphones,Corporate,Amit,13,597841.8,312271.3,285570.5,70599.37,214971.14,587528.15,10313.65,35.96,1.69,INR
ORD-100437,28-11-2025,FY2025,Q4,November,Central,Furniture,Desk,Corporate,Neha,3,128357.67,72726.19,55631.49,22216.21,33415.28,134382.77,-6025.1,26.03,-2.81,INR
ORD-101204,29-11-2025,FY2025,Q4,November,East,Technology,Laptop,Small Business,Sneha,8,20986.78,12337.12,8649.66,1938.08,6711.58,19020.78,1966,31.98,3.92,INR
ORD-101210,29-11-2025,FY2025,Q4,November,Central,Furniture,Cabinet,Small Business,Vikas,19,801175.66,452543.88,348631.79,89031.24,259600.55,853324.51,-52148.84,32.4,-6.89,INR
ORD-103545,29-11-2025,FY2025,Q4,November,East,Consumer Goods,Travel Bag,Corporate,Neha,15,166037.99,107327.75,58710.24,31188.3,27521.94,163057.36,2980.63,16.58,11.9,INR
ORD-100716,29-11-2025,FY2025,Q4,November,South,Healthcare,Thermometer,Small Business,Amit,2,32537.27,21097.42,11439.85,3244.31,8195.54,36424.08,-3886.81,25.19,6.66,INR
ORD-100074,30-11-2025,FY2025,Q4,November,North,Office Supplies,Stapler,Corporate,Anjali,2,70803.32,51911.28,18892.04,10483.91,8408.13,75243.82,-4440.5,11.88,12.39,INR
ORD-103272,30-11-2025,FY2025,Q4,November,Central,Consumer Goods,Headphones,Consumer,Sneha,18,283437.71,215082.38,68355.33,51834.47,16520.86,315354.15,-31916.44,5.83,11.28,INR
ORD-102475,30-11-2025,FY2025,Q4,November,Central,Consumer Goods,Backpack,Consumer,Sneha,10,99404.62,56089.46,43315.16,16706.95,26608.21,92736.3,6668.32,26.77,10.23,INR
ORD-102537,30-11-2025,FY2025,Q4,November,North,Furniture,Conference Table,Consumer,Vikas,9,187510.06,99225.14,88284.93,33581.38,54703.55,192293.89,-4783.83,29.17,-7.89,INR
ORD-103008,30-11-2025,FY2025,Q4,November,North,Consumer Goods,Headphones,Consumer,Vikas,12,67999.9,46648.71,21351.19,9270.63,12080.56,64980.3,3019.6,17.77,12.77,INR
ORD-104776,01-12-2025,FY2025,Q4,December,Central,Consumer Goods,Headphones,Consumer,Rahul,15,112827.73,71073.49,41754.24,21615.04,20139.2,113724.04,-896.31,17.85,13.5,INR
ORD-100439,01-12-2025,FY2025,Q4,December,West,Furniture,Bookshelf,Small Business,Anjali,8,46934.26,27835.41,19098.85,8035.22,11063.63,48462.21,-1527.95,23.57,22.66,INR
ORD-104468,01-12-2025,FY2025,Q4,December,North,Consumer Goods,Water Bottle,Consumer,Vikas,9,56415.37,43742.84,12672.54,9233.5,3439.03,53944.45,2470.92,6.1,2.24,INR
ORD-103896,01-12-2025,FY2025,Q4,December,West,Furniture,Office Chair,Corporate,Sneha,5,245993.04,173654.36,72338.67,27362.38,44976.29,257441.95,-11448.91,18.28,-4.59,INR
ORD-100779,01-12-2025,FY2025,Q4,December,North,Furniture,Office Chair,Consumer,Rahul,17,322338.2,206122.98,116215.22,36225.01,79990.21,315080.89,7257.31,24.82,17.17,INR
ORD-103680,02-12-2025,FY2025,Q4,December,West,Technology,Tablet,Consumer,Neha,20,646146.29,365571.7,280574.59,92916.37,187658.22,601146.27,45000.02,29.04,19.38,INR
ORD-104452,02-12-2025,FY2025,Q4,December,South,Office Supplies,Notebook,Small Business,Rohit,19,234982.98,178683.56,56299.41,30692.78,25606.63,234644.34,338.64,10.9,17.31,INR
ORD-100378,02-12-2025,FY2025,Q4,December,Central,Furniture,Conference Table,Corporate,Neha,3,37969.13,26971.89,10997.24,4520.47,6476.77,42101.63,-4132.5,17.06,22.82,INR
ORD-104572,03-12-2025,FY2025,Q4,December,West,Office Supplies,Stapler,Corporate,Rahul,3,6907.14,5162.01,1745.13,1471.13,274,7425.91,-518.77,3.97,13.81,INR
ORD-102002,03-12-2025,FY2025,Q4,December,South,Furniture,Conference Table,Corporate,Amit,7,114796.27,83086.89,31709.37,11026.8,20682.57,124950.76,-10154.49,18.02,6.07,INR
ORD-102228,03-12-2025,FY2025,Q4,December,Central,Healthcare,First Aid Box,Corporate,Amit,15,352495.43,229388.69,123106.74,74004.54,49102.21,360780.4,-8284.97,13.93,8.44,INR
ORD-102830,03-12-2025,FY2025,Q4,December,South,Healthcare,First Aid Box,Consumer,Priya,16,516957.22,312345.63,204611.59,83194.02,121417.56,554186.94,-37229.71,23.49,-6.84,INR
ORD-103887,03-12-2025,FY2025,Q4,December,North,Office Supplies,Paper Pack,Small Business,Rohit,7,295890.26,169625.16,126265.1,32496,93769.1,314456.04,-18565.77,31.69,13.41,INR
ORD-101061,03-12-2025,FY2025,Q4,December,North,Consumer Goods,Calculator,Consumer,Rohit,13,553748.85,353058.25,200690.6,105631.77,95058.83,575148.97,-21400.12,17.17,-0.69,INR
ORD-102970,03-12-2025,FY2025,Q4,December,North,Office Supplies,Notebook,Corporate,Priya,10,469833.54,307673.66,162159.88,67414.73,94745.14,431717.42,38116.12,20.17,8.66,INR
ORD-103707,04-12-2025,FY2025,Q4,December,Central,Furniture,Conference Table,Corporate,Rohit,2,59560.66,41019.32,18541.34,9725.46,8815.88,64832.75,-5272.09,14.8,13.71,INR
ORD-102874,04-12-2025,FY2025,Q4,December,East,Office Supplies,File Folder,Corporate,Rahul,10,325104.96,204898.75,120206.21,32486.6,87719.61,347919.45,-22814.49,26.98,-7.95,INR
ORD-103393,04-12-2025,FY2025,Q4,December,East,Furniture,Desk,Consumer,Priya,2,86443.67,45625.82,40817.85,16628.89,24188.96,92508.66,-6064.99,27.98,4.42,INR
ORD-100641,05-12-2025,FY2025,Q4,December,North,Office Supplies,Pen Set,Small Business,Priya,13,580020.54,407054.07,172966.47,70922.65,102043.83,648802.79,-68782.25,17.59,14.12,INR
ORD-101357,05-12-2025,FY2025,Q4,December,West,Technology,Printer,Consumer,Amit,12,89613.95,55044.01,34569.93,17819.75,16750.18,94441.73,-4827.78,18.69,18.85,INR
ORD-101239,05-12-2025,FY2025,Q4,December,North,Consumer Goods,Calculator,Consumer,Anjali,19,141696.58,79295.51,62401.07,24097.38,38303.7,144943.2,-3246.61,27.03,9.73,INR
ORD-100245,05-12-2025,FY2025,Q4,December,Central,Consumer Goods,Travel Bag,Small Business,Vikas,2,51158.27,28645.97,22512.31,9939.88,12572.42,53292.73,-2134.46,24.58,-7.7,INR
ORD-104173,06-12-2025,FY2025,Q4,December,East,Consumer Goods,Calculator,Consumer,Amit,14,300956.04,174877.29,126078.75,48929.48,77149.27,334826.74,-33870.7,25.63,23.04,INR
ORD-103079,06-12-2025,FY2025,Q4,December,North,Technology,Laptop,Consumer,Sneha,17,711581.6,502823.6,208758,146368.59,62389.42,774506,-62924.4,8.77,24.63,INR
ORD-100345,06-12-2025,FY2025,Q4,December,North,Furniture,Cabinet,Corporate,Neha,15,690511.66,521230.66,169281,123662.34,45618.65,654973.87,35537.79,6.61,-1.21,INR
ORD-103279,06-12-2025,FY2025,Q4,December,West,Consumer Goods,Calculator,Corporate,Priya,1,43364.34,22628.16,20736.18,7121.2,13614.98,40936.21,2428.14,31.4,17.18,INR
ORD-102327,06-12-2025,FY2025,Q4,December,South,Office Supplies,File Folder,Corporate,Priya,15,483650.46,271241.15,212409.3,101899.72,110509.59,446225.53,37424.92,22.85,1.61,INR
ORD-101169,06-12-2025,FY2025,Q4,December,North,Office Supplies,Paper Pack,Corporate,Rahul,19,948997.18,526987.65,422009.53,169212.76,252796.77,934788.02,14209.16,26.64,-2.42,INR
ORD-102098,06-12-2025,FY2025,Q4,December,Central,Office Supplies,Pen Set,Consumer,Neha,11,53438.33,30808.55,22629.78,10624.28,12005.51,59776.12,-6337.8,22.47,17.1,INR
ORD-102657,07-12-2025,FY2025,Q4,December,East,Consumer Goods,Headphones,Small Business,Rahul,11,469549.02,347067.46,122481.56,99074.86,23406.7,491980.87,-22431.85,4.98,4.03,INR
ORD-103520,07-12-2025,FY2025,Q4,December,East,Furniture,Office Chair,Corporate,Amit,13,112617.49,83811,28806.49,16988.22,11818.27,121034.41,-8416.92,10.49,18.95,INR
ORD-100094,07-12-2025,FY2025,Q4,December,North,Technology,Smartphone,Corporate,Amit,2,81285.89,51648.75,29637.15,15351.37,14285.77,88690.42,-7404.53,17.57,-5.32,INR
ORD-103642,07-12-2025,FY2025,Q4,December,East,Consumer Goods,Calculator,Corporate,Rahul,18,862057.2,508703.15,353354.05,123056.45,230297.6,909563.89,-47506.69,26.71,21.28,INR
ORD-101652,08-12-2025,FY2025,Q4,December,West,Technology,Monitor,Small Business,Rohit,20,377298.3,255974.99,121323.31,77334.94,43988.37,416186.62,-38888.32,11.66,8.98,INR
ORD-100241,08-12-2025,FY2025,Q4,December,Central,Office Supplies,Notebook,Consumer,Anjali,16,189067.88,124153.32,64914.55,38925.59,25988.96,187353.75,1714.13,13.75,-4.24,INR
ORD-103753,08-12-2025,FY2025,Q4,December,Central,Consumer Goods,Backpack,Corporate,Amit,13,637915.03,485415.58,152499.45,88583.27,63916.18,674138.81,-36223.78,10.02,1.94,INR
ORD-103491,08-12-2025,FY2025,Q4,December,Central,Healthcare,BP Monitor,Consumer,Sneha,19,741762.02,519608.89,222153.14,82325.43,139827.7,723254.31,18507.71,18.85,-3.05,INR
ORD-102904,08-12-2025,FY2025,Q4,December,South,Healthcare,Medical Kit,Corporate,Sneha,1,33413.8,20149.84,13263.96,4008.18,9255.78,31468.44,1945.36,27.7,4.34,INR
ORD-100895,08-12-2025,FY2025,Q4,December,North,Furniture,Desk,Small Business,Neha,6,101293.01,77008.7,24284.31,14695.67,9588.64,110892.93,-9599.91,9.47,5.21,INR
ORD-104282,09-12-2025,FY2025,Q4,December,West,Furniture,Cabinet,Consumer,Rohit,17,158525.34,83785.67,74739.67,25195.28,49544.38,172089.65,-13564.31,31.25,12.75,INR
ORD-104098,09-12-2025,FY2025,Q4,December,Central,Furniture,Office Chair,Consumer,Neha,8,332375.75,229932.68,102443.07,31089.65,71353.42,327273.74,5102.01,21.47,23.34,INR
ORD-104919,09-12-2025,FY2025,Q4,December,South,Healthcare,Thermometer,Consumer,Anjali,2,73893.47,41016.45,32877.02,6741.95,26135.06,74189.96,-296.49,35.37,21.81,INR
ORD-104736,09-12-2025,FY2025,Q4,December,South,Technology,Tablet,Consumer,Amit,6,73991.88,41119.97,32871.9,16209.36,16662.55,76524.62,-2532.74,22.52,-5.89,INR
ORD-100942,10-12-2025,FY2025,Q4,December,Central,Healthcare,BP Monitor,Consumer,Anjali,8,97697.3,60233.73,37463.57,12560.92,24902.65,88703.27,8994.03,25.49,18.27,INR
ORD-100631,10-12-2025,FY2025,Q4,December,West,Office Supplies,Paper Pack,Consumer,Sneha,6,72948.44,47968.77,24979.67,15707.62,9272.05,76488.52,-3540.09,12.71,1.29,INR
ORD-100067,12-12-2025,FY2025,Q4,December,North,Consumer Goods,Headphones,Corporate,Amit,3,40817.26,28638.09,12179.17,7022.37,5156.8,38095.75,2721.51,12.63,-5.63,INR
ORD-102729,12-12-2025,FY2025,Q4,December,East,Furniture,Office Chair,Small Business,Neha,1,4677.33,2591.12,2086.21,927.36,1158.85,4415.7,261.63,24.78,4.22,INR
ORD-100151,12-12-2025,FY2025,Q4,December,North,Office Supplies,Stapler,Small Business,Neha,15,368985.07,196586.97,172398.1,41400.76,130997.34,358760.04,10225.02,35.5,-6.66,INR
ORD-100975,12-12-2025,FY2025,Q4,December,North,Office Supplies,Paper Pack,Corporate,Neha,9,15242.06,9306.61,5935.45,1898.71,4036.74,15442.77,-200.72,26.48,16.04,INR
ORD-104612,12-12-2025,FY2025,Q4,December,East,Furniture,Bookshelf,Corporate,Priya,5,206015.1,140547.66,65467.43,30692.27,34775.16,226193.63,-20178.53,16.88,12.55,INR
ORD-100306,12-12-2025,FY2025,Q4,December,West,Furniture,Desk,Corporate,Neha,3,79265.98,56855.44,22410.54,10214.45,12196.1,77030.16,2235.82,15.39,19.11,INR
ORD-101547,12-12-2025,FY2025,Q4,December,North,Technology,Laptop,Consumer,Rahul,12,145334.67,110959.72,34374.95,17016.35,17358.6,147321.72,-1987.04,11.94,19.7,INR
ORD-100300,13-12-2025,FY2025,Q4,December,East,Technology,Smartphone,Consumer,Neha,16,534664.97,356842.26,177822.71,74734.75,103087.95,524225.29,10439.68,19.28,17.54,INR
ORD-104502,13-12-2025,FY2025,Q4,December,West,Technology,Laptop,Small Business,Rohit,3,116750.84,68499.59,48251.25,14168.42,34082.82,129303.37,-12552.53,29.19,1.43,INR
ORD-100939,13-12-2025,FY2025,Q4,December,North,Office Supplies,Paper Pack,Consumer,Sneha,7,33776.1,20912.4,12863.7,3324.71,9538.99,32309.77,1466.33,28.24,12.77,INR
ORD-100576,13-12-2025,FY2025,Q4,December,Central,Technology,Printer,Consumer,Amit,16,621238.7,480131.9,141106.8,89536.01,51570.78,566160.43,55078.27,8.3,0.55,INR
ORD-102065,14-12-2025,FY2025,Q4,December,West,Technology,Tablet,Consumer,Neha,9,226910.98,172458.64,54452.34,38475.78,15976.56,237554.51,-10643.53,7.04,1.1,INR
ORD-104994,15-12-2025,FY2025,Q4,December,West,Furniture,Bookshelf,Corporate,Anjali,19,95432.84,62408.17,33024.66,11745.31,21279.36,87558.4,7874.43,22.3,1.69,INR
ORD-101823,15-12-2025,FY2025,Q4,December,East,Consumer Goods,Headphones,Small Business,Sneha,10,332733.9,237964.61,94769.29,48749.52,46019.77,369662,-36928.1,13.83,16.42,INR
ORD-100648,15-12-2025,FY2025,Q4,December,East,Furniture,Cabinet,Small Business,Rohit,8,328507.58,197014.67,131492.91,42086.69,89406.22,299136.62,29370.95,27.22,4.7,INR
ORD-104656,15-12-2025,FY2025,Q4,December,Central,Technology,Laptop,Consumer,Rahul,5,30506.06,18960.22,11545.84,3314.93,8230.91,34152.04,-3645.98,26.98,11.63,INR
ORD-102193,16-12-2025,FY2025,Q4,December,South,Technology,Tablet,Corporate,Sneha,12,480304.11,356382.29,123921.82,38470.76,85451.06,515956.23,-35652.12,17.79,9.15,INR
ORD-102056,16-12-2025,FY2025,Q4,December,Central,Healthcare,Thermometer,Consumer,Anjali,6,84417.43,50704.21,33713.22,11206.14,22507.08,84694.14,-276.71,26.66,14.34,INR
ORD-103005,17-12-2025,FY2025,Q4,December,Central,Healthcare,First Aid Box,Consumer,Vikas,6,7532.9,4510.56,3022.34,1451.52,1570.82,7283.18,249.72,20.85,10.04,INR
ORD-103853,17-12-2025,FY2025,Q4,December,South,Technology,Monitor,Corporate,Vikas,18,478852.1,265124.33,213727.78,54721.56,159006.22,438170.81,40681.29,33.21,10.82,INR
ORD-100324,17-12-2025,FY2025,Q4,December,West,Consumer Goods,Travel Bag,Corporate,Vikas,7,190614.85,118524.84,72090,23683.8,48406.21,207613.48,-16998.64,25.39,17.14,INR
ORD-100471,17-12-2025,FY2025,Q4,December,West,Office Supplies,Notebook,Consumer,Neha,17,779335.47,515872.44,263463.04,142629.9,120833.14,754184.21,25151.26,15.5,4.55,INR
ORD-100329,17-12-2025,FY2025,Q4,December,East,Furniture,Office Chair,Consumer,Rahul,12,183654.16,112856.45,70797.72,15885.49,54912.23,205327.81,-21673.65,29.9,3.62,INR
ORD-101418,18-12-2025,FY2025,Q4,December,West,Technology,Printer,Consumer,Rohit,18,587351.34,334912.91,252438.43,50204.3,202234.14,562125.83,25225.51,34.43,16.32,INR
ORD-101509,18-12-2025,FY2025,Q4,December,North,Technology,Printer,Consumer,Priya,2,29468.4,20028.38,9440.02,3093.15,6346.86,31526.43,-2058.03,21.54,-7.87,INR
ORD-104888,18-12-2025,FY2025,Q4,December,North,Furniture,Conference Table,Consumer,Anjali,20,969924.14,753772.57,216151.56,129219.13,86932.44,939934.56,29989.58,8.96,9.13,INR
ORD-102749,18-12-2025,FY2025,Q4,December,West,Healthcare,Thermometer,Corporate,Rohit,10,262741.59,182491.75,80249.85,40848.08,39401.76,274859.77,-12118.18,15,-2.01,INR
ORD-103679,18-12-2025,FY2025,Q4,December,South,Technology,Laptop,Corporate,Priya,4,186417.98,109498.75,76919.23,28987.2,47932.03,202062.29,-15644.31,25.71,2.39,INR
ORD-103230,18-12-2025,FY2025,Q4,December,West,Technology,Laptop,Consumer,Amit,10,343912.47,183477.27,160435.2,49792.24,110642.97,330381.29,13531.19,32.17,12.85,INR
ORD-100022,18-12-2025,FY2025,Q4,December,East,Technology,Tablet,Consumer,Sneha,16,22012.98,16966.01,5046.97,3496.35,1550.63,24068.25,-2055.26,7.04,18.09,INR
ORD-103544,18-12-2025,FY2025,Q4,December,Central,Healthcare,Medical Kit,Consumer,Amit,7,32853.44,20462.88,12390.56,5808.19,6582.38,35514.58,-2661.14,20.04,16.73,INR
ORD-102875,18-12-2025,FY2025,Q4,December,Central,Healthcare,First Aid Box,Corporate,Anjali,16,88247.35,46044.53,42202.82,7974.38,34228.44,88839.36,-592.01,38.79,-7.15,INR
ORD-103176,18-12-2025,FY2025,Q4,December,West,Consumer Goods,Travel Bag,Consumer,Amit,4,30821.33,19947.28,10874.05,6534.26,4339.79,32964.6,-2143.28,14.08,11.01,INR
ORD-104066,19-12-2025,FY2025,Q4,December,Central,Office Supplies,Stapler,Corporate,Vikas,19,441935.82,302308.88,139626.94,52805.04,86821.91,399402.4,42533.42,19.65,15.11,INR
ORD-101657,19-12-2025,FY2025,Q4,December,West,Furniture,Office Chair,Consumer,Priya,8,119436.03,69001.61,50434.42,18853.96,31580.46,118970.13,465.9,26.44,13.95,INR
ORD-101313,19-12-2025,FY2025,Q4,December,West,Office Supplies,Pen Set,Consumer,Rohit,16,194114.47,140349.55,53764.92,31022.31,22742.61,212846.37,-18731.9,11.72,0.47,INR
ORD-103750,19-12-2025,FY2025,Q4,December,South,Furniture,Conference Table,Consumer,Rohit,12,169919.25,95326.9,74592.35,14612.52,59979.83,177607.11,-7687.87,35.3,3.97,INR
ORD-101813,19-12-2025,FY2025,Q4,December,East,Office Supplies,Paper Pack,Corporate,Amit,8,394363.36,255707.18,138656.18,44129.59,94526.6,396558.91,-2195.55,23.97,12.31,INR
ORD-102400,21-12-2025,FY2025,Q4,December,North,Healthcare,Medical Kit,Consumer,Neha,19,104332.01,54756.53,49575.48,21032.35,28543.13,98619.05,5712.95,27.36,0.91,INR
ORD-103513,21-12-2025,FY2025,Q4,December,East,Technology,Smartphone,Small Business,Neha,6,142767.34,82288.8,60478.55,16894.13,43584.42,142361.29,406.05,30.53,16.84,INR
ORD-101156,21-12-2025,FY2025,Q4,December,West,Furniture,Bookshelf,Small Business,Priya,11,412387.96,242246.05,170141.91,43072.36,127069.55,409428.27,2959.7,30.81,0.51,INR
ORD-100079,22-12-2025,FY2025,Q4,December,North,Office Supplies,File Folder,Consumer,Amit,14,122618.94,75205.85,47413.08,16427.12,30985.96,126682.57,-4063.63,25.27,15.67,INR
ORD-102372,22-12-2025,FY2025,Q4,December,South,Office Supplies,Pen Set,Consumer,Priya,1,47871.43,31018.31,16853.12,5064.66,11788.46,51556.73,-3685.29,24.63,11.23,INR
ORD-103918,22-12-2025,FY2025,Q4,December,Central,Furniture,Desk,Corporate,Sneha,20,285207.05,157727.12,127479.93,25206.16,102273.77,284935.68,271.37,35.86,-0.92,INR
ORD-102538,22-12-2025,FY2025,Q4,December,North,Consumer Goods,Travel Bag,Small Business,Neha,14,362770.94,218508.37,144262.57,59348.79,84913.78,400181.99,-37411.05,23.41,15.43,INR
ORD-101841,22-12-2025,FY2025,Q4,December,North,Furniture,Conference Table,Small Business,Amit,2,83520.63,54244.24,29276.39,8610.77,20665.62,79245.99,4274.64,24.74,10.02,INR
ORD-100902,22-12-2025,FY2025,Q4,December,South,Technology,Tablet,Corporate,Rohit,11,126488.12,88654.01,37834.12,13000.53,24833.59,131652.59,-5164.47,19.63,6.27,INR
ORD-104229,22-12-2025,FY2025,Q4,December,West,Furniture,Conference Table,Corporate,Vikas,18,263202.28,184079.76,79122.52,41200.76,37921.76,262278.88,923.4,14.41,7.05,INR
ORD-101341,23-12-2025,FY2025,Q4,December,East,Healthcare,First Aid Box,Corporate,Sneha,1,1040.96,687.58,353.38,162.45,190.93,961.36,79.6,18.34,21.8,INR
ORD-103667,23-12-2025,FY2025,Q4,December,East,Office Supplies,Paper Pack,Consumer,Rahul,15,461638.95,293831.7,167807.25,53090.03,114717.22,454964.09,6674.87,24.85,15.48,INR
ORD-103725,23-12-2025,FY2025,Q4,December,East,Healthcare,Medical Kit,Corporate,Rahul,6,227148.57,163646.71,63501.86,41845.77,21656.09,249041.17,-21892.6,9.53,11.26,INR
ORD-101567,24-12-2025,FY2025,Q4,December,South,Office Supplies,Pen Set,Consumer,Vikas,13,257053.7,172442.04,84611.66,49804.85,34806.81,269243.07,-12189.37,13.54,23.89,INR
ORD-104099,24-12-2025,FY2025,Q4,December,South,Technology,Laptop,Corporate,Sneha,9,394201.92,243331.2,150870.72,48448.54,102422.18,421011.96,-26810.04,25.98,20.97,INR
ORD-103768,24-12-2025,FY2025,Q4,December,Central,Office Supplies,File Folder,Consumer,Amit,11,247422.19,182573.74,64848.45,48605.93,16242.52,238862.37,8559.82,6.56,20.12,INR
ORD-102689,24-12-2025,FY2025,Q4,December,East,Technology,Tablet,Corporate,Vikas,17,198325.78,104991.41,93334.37,42629.13,50705.24,193259.21,5066.57,25.57,18.19,INR
ORD-102822,24-12-2025,FY2025,Q4,December,East,Technology,Tablet,Corporate,Rahul,3,88103.34,49252.57,38850.77,17995.59,20855.18,80214.33,7889.01,23.67,8.08,INR
ORD-102414,24-12-2025,FY2025,Q4,December,South,Healthcare,Thermometer,Small Business,Rohit,5,191750.44,100551.19,91199.25,27982.41,63216.84,186540.35,5210.09,32.97,17.58,INR
ORD-103234,24-12-2025,FY2025,Q4,December,South,Furniture,Cabinet,Small Business,Neha,9,413663.23,302134.28,111528.95,73943.8,37585.15,383155.48,30507.75,9.09,13.4,INR
ORD-100535,24-12-2025,FY2025,Q4,December,West,Healthcare,Gloves,Small Business,Sneha,12,17123.33,12565.36,4557.97,2349.12,2208.85,16458.04,665.3,12.9,3.57,INR
ORD-102025,25-12-2025,FY2025,Q4,December,South,Furniture,Conference Table,Consumer,Neha,17,775847.41,435663.89,340183.52,170379.63,169803.89,822617.36,-46769.95,21.89,3.42,INR
ORD-102322,25-12-2025,FY2025,Q4,December,East,Office Supplies,Paper Pack,Small Business,Rohit,18,128953.73,78097.24,50856.49,21142.35,29714.15,117981.33,10972.4,23.04,11.93,INR
ORD-102194,25-12-2025,FY2025,Q4,December,Central,Office Supplies,Pen Set,Small Business,Anjali,11,104643.07,80359.12,24283.95,21369.12,2914.82,103255.78,1387.29,2.79,5.96,INR
ORD-104559,25-12-2025,FY2025,Q4,December,Central,Furniture,Office Chair,Consumer,Sneha,18,28324.77,21948.4,6376.37,4621.76,1754.62,25541.26,2783.51,6.19,12.26,INR
ORD-104676,25-12-2025,FY2025,Q4,December,East,Furniture,Office Chair,Consumer,Rahul,12,474849.42,343530.68,131318.74,71137.25,60181.49,463811.42,11038,12.67,4.9,INR
ORD-102709,25-12-2025,FY2025,Q4,December,South,Furniture,Cabinet,Corporate,Neha,12,234624.74,177671.2,56953.54,43257.92,13695.62,262551.18,-27926.44,5.84,15.91,INR
ORD-104624,26-12-2025,FY2025,Q4,December,South,Technology,Monitor,Small Business,Sneha,13,98011.23,52522.66,45488.57,20208.21,25280.36,108029.76,-10018.53,25.79,20.86,INR
ORD-101773,26-12-2025,FY2025,Q4,December,North,Technology,Smartphone,Small Business,Anjali,3,21433.65,13040.97,8392.68,4164.52,4228.16,21608.7,-175.05,19.73,22.64,INR
ORD-104664,27-12-2025,FY2025,Q4,December,East,Office Supplies,Stapler,Small Business,Anjali,16,662460.43,450828.17,211632.26,131464.93,80167.34,695565.22,-33104.79,12.1,0.36,INR
ORD-103250,27-12-2025,FY2025,Q4,December,North,Healthcare,Gloves,Consumer,Vikas,20,197234.23,109507.6,87726.63,18879.95,68846.68,183903.7,13330.53,34.91,-2.81,INR
ORD-102900,27-12-2025,FY2025,Q4,December,South,Technology,Printer,Consumer,Neha,2,46146.9,31919.22,14227.68,5706.72,8520.96,49384.96,-3238.06,18.46,24.04,INR
ORD-102211,27-12-2025,FY2025,Q4,December,Central,Furniture,Cabinet,Small Business,Rohit,18,451727.87,274562.27,177165.6,47426.89,129738.71,458900.58,-7172.7,28.72,-3.13,INR
ORD-104804,28-12-2025,FY2025,Q4,December,Central,Office Supplies,Stapler,Corporate,Rahul,9,178087.96,111362.3,66725.67,30556.55,36169.12,171753.59,6334.37,20.31,20.86,INR
ORD-101548,28-12-2025,FY2025,Q4,December,South,Healthcare,Gloves,Consumer,Rohit,9,364710.27,278254.14,86456.13,62019.84,24436.29,365209.44,-499.17,6.7,12.73,INR
ORD-100344,28-12-2025,FY2025,Q4,December,East,Technology,Tablet,Consumer,Anjali,16,493223.47,364990.18,128233.29,100063.35,28169.94,459625.86,33597.61,5.71,4.08,INR
ORD-104172,28-12-2025,FY2025,Q4,December,Central,Office Supplies,File Folder,Consumer,Amit,4,127551.74,97271.05,30280.68,26901.23,3379.46,141265.23,-13713.5,2.65,13.03,INR
ORD-104966,28-12-2025,FY2025,Q4,December,East,Technology,Monitor,Small Business,Anjali,9,145680.29,78575.67,67104.62,27017.25,40087.37,159733.74,-14053.45,27.52,14.08,INR
ORD-100431,28-12-2025,FY2025,Q4,December,North,Consumer Goods,Water Bottle,Consumer,Neha,2,98646.15,71935.08,26711.07,10342.67,16368.4,104516.23,-5870.09,16.59,0.87,INR
ORD-103173,28-12-2025,FY2025,Q4,December,West,Technology,Laptop,Consumer,Rohit,5,246509.14,179872.22,66636.93,39675.69,26961.23,230819.88,15689.26,10.94,20.72,INR
ORD-102591,28-12-2025,FY2025,Q4,December,North,Furniture,Bookshelf,Corporate,Neha,4,57025.14,37925.14,19100,8714.32,10385.68,57979.17,-954.03,18.21,17.32,INR
ORD-103586,29-12-2025,FY2025,Q4,December,East,Consumer Goods,Travel Bag,Corporate,Priya,5,102903.68,60484.86,42418.82,9268.08,33150.74,96234.83,6668.86,32.22,12.26,INR
ORD-104783,29-12-2025,FY2025,Q4,December,North,Consumer Goods,Water Bottle,Consumer,Neha,10,11549.38,6622.56,4926.82,1822.74,3104.08,12559.96,-1010.58,26.88,20.86,INR
ORD-102152,29-12-2025,FY2025,Q4,December,North,Technology,Monitor,Consumer,Rohit,14,318279.24,168439.53,149839.71,38739.43,111100.28,299228.11,19051.13,34.91,-2.96,INR
ORD-100461,29-12-2025,FY2025,Q4,December,Central,Technology,Smartphone,Consumer,Neha,18,797091.35,591451.16,205640.2,96500.28,109139.92,821408.43,-24317.08,13.69,9.95,INR
ORD-101695,29-12-2025,FY2025,Q4,December,Central,Office Supplies,Paper Pack,Corporate,Sneha,11,309357.27,201643.74,107713.52,43967.98,63745.55,323517.77,-14160.5,20.61,1.57,INR
ORD-102042,29-12-2025,FY2025,Q4,December,East,Furniture,Conference Table,Consumer,Neha,2,31007.27,22361.46,8645.81,6246.37,2399.45,28166.7,2840.57,7.74,2.71,INR
ORD-104244,30-12-2025,FY2025,Q4,December,Central,Furniture,Cabinet,Small Business,Priya,14,650500.53,423252.92,227247.61,78305.23,148942.38,644299.08,6201.46,22.9,22.26,INR
ORD-103729,30-12-2025,FY2025,Q4,December,Central,Consumer Goods,Calculator,Small Business,Sneha,4,32339.93,17663.57,14676.36,2811.1,11865.26,34396.15,-2056.22,36.69,-2.04,INR
ORD-102245,31-12-2025,FY2025,Q4,December,North,Office Supplies,Paper Pack,Corporate,Rohit,18,549890.37,419978.29,129912.08,84706.92,45205.16,591979.17,-42088.8,8.22,0.04,INR
ORD-100002,31-12-2025,FY2025,Q4,December,South,Healthcare,BP Monitor,Small Business,Amit,11,5633.56,3407.33,2226.23,487.68,1738.55,5262.09,371.47,30.86,14.81,INR
ORD-103813,31-12-2025,FY2025,Q4,December,South,Consumer Goods,Travel Bag,Corporate,Priya,5,63480.32,36068.48,27411.84,10939.66,16472.18,70323.83,-6843.51,25.95,-2.3,INR
ORD-100568,31-12-2025,FY2025,Q4,December,North,Technology,Laptop,Corporate,Priya,1,4987.6,2965.93,2021.67,789.72,1231.95,5571.79,-584.19,24.7,9.57,INR
